State,District,Station,Month,Observations,Average_Groundwater,Minimum_Groundwater,Maximum_Groundwater
Madhya Pradesh,AGAR MALWA,Biliya_2,2024-03,1,-30.22,-30.22,-30.22
Madhya Pradesh,AGAR MALWA,Biliya_2,2024-04,51,-30.391176470588235,-32.53,-28.5
Madhya Pradesh,AGAR MALWA,Biliya_2,2024-06,16,-36.5125,-38.33,-35.2
Madhya Pradesh,AGAR MALWA,Biliya_2,2024-07,25,-34.2448,-37.58,-31.71
Madhya Pradesh,AGAR MALWA,Biliya_2,2025-01,79,-4.298886075949367,-7.598,-1.347
Madhya Pradesh,AGAR MALWA,Biliya_2,2025-02,87,-12.758333333333333,-18.396,-7.193
Madhya Pradesh,AGAR MALWA,Biliya_2,2025-03,124,-22.055225806451613,-26.346,-17.048
Madhya Pradesh,AGAR MALWA,Biliya_2,2025-04,88,-28.912920454545453,-33.315,-24.525
Madhya Pradesh,AGAR MALWA,Biliya_2,2025-05,93,-34.11281720430108,-35.43,-32.873
Madhya Pradesh,AGAR MALWA,Biliya_2,2025-06,94,-34.76113829787234,-36.824,-32.319
Madhya Pradesh,AGAR MALWA,Biliya_2,2025-07,77,-23.698350649350648,-32.355,-15.698
Madhya Pradesh,AGAR MALWA,Biliya_2,2025-08,82,-9.868182926829268,-16.182,-1.974
Madhya Pradesh,AGAR MALWA,Biliya_2,2025-09,84,7.581428571428572,0.466,12.474
Madhya Pradesh,AGAR MALWA,Biliya_2,2025-10,105,10.306819047619047,6.358,12.338
Madhya Pradesh,AGAR MALWA,Biliya_2,2025-11,17,9.092823529411765,7.939,9.909
Madhya Pradesh,AGAR MALWA,Daabadiya,2023-10,48,-5.468333333333334,-5.67,-5.26
Madhya Pradesh,AGAR MALWA,Daabadiya,2023-11,120,-6.288833333333333,-6.9,-5.65
Madhya Pradesh,AGAR MALWA,Daabadiya,2023-12,124,-7.978790322580645,-9.16,-6.93
Madhya Pradesh,AGAR MALWA,Daabadiya,2024-01,124,-9.809516129032259,-10.93,-9.16
Madhya Pradesh,AGAR MALWA,Daabadiya,2024-02,116,-12.321551724137931,-14.35,-5.68
Madhya Pradesh,AGAR MALWA,Daabadiya,2024-03,124,-6.571209677419355,-13.33,-0.48
Madhya Pradesh,AGAR MALWA,Daabadiya,2024-04,120,-0.8966666666666666,-1.36,-0.55
Madhya Pradesh,AGAR MALWA,Daabadiya,2024-05,124,-1.1801612903225807,-1.57,-0.83
Madhya Pradesh,AGAR MALWA,Daabadiya,2024-06,120,-1.4452500000000001,-1.68,-1.01
Madhya Pradesh,AGAR MALWA,Daabadiya,2024-07,124,-1.3879032258064516,-1.68,-1.01
Madhya Pradesh,AGAR MALWA,Daabadiya,2024-08,124,-1.4241935483870967,-1.68,-1.01
Madhya Pradesh,AGAR MALWA,Daabadiya,2024-09,120,-1.4370833333333333,-1.68,-1.01
Madhya Pradesh,AGAR MALWA,Daabadiya,2024-10,69,-1.392608695652174,-1.68,-1.01
Madhya Pradesh,AGAR MALWA,Daabadiya,2025-01,94,-7.717234042553191,-8.49,-6.984
Madhya Pradesh,AGAR MALWA,Daabadiya,2025-02,87,-9.13151724137931,-9.616,-8.601
Madhya Pradesh,AGAR MALWA,Daabadiya,2025-03,101,-9.860267326732673,-10.081,-9.579
Madhya Pradesh,AGAR MALWA,Daabadiya,2025-04,40,-11.9446,-12.435,-11.239
Madhya Pradesh,AGAR MALWA,Daabadiya,2025-05,64,-9.99725,-13.778,-6.942
Madhya Pradesh,AGAR MALWA,Daabadiya,2025-06,57,-14.312491228070176,-14.55,-14.045
Madhya Pradesh,AGAR MALWA,Daabadiya,2025-07,66,-12.567,-14.674,-0.741
Madhya Pradesh,AGAR MALWA,Daabadiya,2025-08,62,-1.0613709677419356,-1.555,-0.682
Madhya Pradesh,AGAR MALWA,Daabadiya,2025-09,56,-0.9145000000000001,-1.472,-0.689
Madhya Pradesh,AGAR MALWA,Daabadiya,2025-10,67,-1.5726716417910447,-2.288,-0.839
Madhya Pradesh,AGAR MALWA,Daabadiya,2025-11,51,-2.6864705882352937,-3.452,-2.209
Madhya Pradesh,AGAR MALWA,Daabadiya,2025-12,43,-4.803302325581395,-5.497,-3.56
Madhya Pradesh,ALIRAJPUR,Aalirajpur(S)_1,2023-10,42,-3.492142857142857,-3.61,-3.36
Madhya Pradesh,ALIRAJPUR,Aalirajpur(S)_1,2023-11,112,-3.891607142857143,-4.12,-3.6
Madhya Pradesh,ALIRAJPUR,Aalirajpur(S)_1,2023-12,120,-4.125083333333333,-4.28,-3.94
Madhya Pradesh,ALIRAJPUR,Aalirajpur(S)_1,2024-01,124,-4.383709677419355,-4.53,-4.27
Madhya Pradesh,ALIRAJPUR,Aalirajpur(S)_1,2024-02,112,-4.6726785714285715,-4.81,-4.52
Madhya Pradesh,ALIRAJPUR,Aalirajpur(S)_1,2024-03,124,-5.025161290322581,-5.24,-4.81
Madhya Pradesh,ALIRAJPUR,Aalirajpur(S)_1,2024-04,112,-5.465000000000001,-5.7,-5.24
Madhya Pradesh,ALIRAJPUR,Aalirajpur(S)_1,2024-05,116,-5.974827586206897,-6.25,-5.7
Madhya Pradesh,ALIRAJPUR,Aalirajpur(S)_1,2024-06,112,-6.3425,-6.5,-5.98
Madhya Pradesh,ALIRAJPUR,Aalirajpur(S)_1,2024-07,124,-5.634677419354839,-5.98,-4.7
Madhya Pradesh,ALIRAJPUR,Aalirajpur(S)_1,2024-08,104,-3.524326923076923,-4.7,-1.77
Madhya Pradesh,ALIRAJPUR,Aalirajpur(S)_1,2024-09,112,-2.0800892857142856,-2.54,-1.49
Madhya Pradesh,ALIRAJPUR,Aalirajpur(S)_1,2024-10,116,-2.4429310344827586,-2.92,-1.73
Madhya Pradesh,ALIRAJPUR,Aalirajpur(S)_1,2024-11,104,-3.3141346153846154,-3.64,-2.92
Madhya Pradesh,ALIRAJPUR,Aalirajpur(S)_1,2024-12,97,-3.8356701030927836,-4.01,-3.63
Madhya Pradesh,ALIRAJPUR,Aalirajpur(S)_1,2025-01,116,-4.242413793103449,-4.42,-4.05
Madhya Pradesh,ALIRAJPUR,Aalirajpur(S)_1,2025-02,87,-4.615632183908046,-4.84,-4.44
Madhya Pradesh,ALIRAJPUR,Aalirajpur(S)_1,2025-03,120,-5.0858333333333325,-5.37,-4.83
Madhya Pradesh,ALIRAJPUR,Aalirajpur(S)_1,2025-04,85,-5.650470588235295,-5.99,-5.37
Madhya Pradesh,ALIRAJPUR,Aalirajpur(S)_1,2025-05,88,-6.271136363636364,-6.39,-6.0
Madhya Pradesh,ALIRAJPUR,Aalirajpur(S)_1,2025-06,97,-6.365670103092784,-6.64,-5.75
Madhya Pradesh,ALIRAJPUR,Aalirajpur(S)_1,2025-07,98,-5.18030612244898,-5.75,-4.31
Madhya Pradesh,ALIRAJPUR,Aalirajpur(S)_1,2025-08,89,-4.181123595505618,-4.43,-3.41
Madhya Pradesh,ALIRAJPUR,Aalirajpur(S)_1,2025-09,84,-2.9845238095238096,-3.36,-2.71
Madhya Pradesh,ALIRAJPUR,Aalirajpur(S)_1,2025-10,91,-3.518131868131868,-3.76,-3.07
Madhya Pradesh,ALIRAJPUR,Aalirajpur(S)_1,2025-11,59,-3.766101694915254,-4.03,-3.51
Madhya Pradesh,ALIRAJPUR,Aalirajpur(S)_1,2025-12,81,-4.367160493827161,-4.58,-4.1
Madhya Pradesh,ANUPPUR,Anuppur(S)_1,2023-10,30,-4.972333333333333,-5.19,-4.71
Madhya Pradesh,ANUPPUR,Anuppur(S)_1,2023-11,112,-5.557678571428572,-5.82,-5.18
Madhya Pradesh,ANUPPUR,Anuppur(S)_1,2023-12,120,-5.7642500000000005,-5.98,-5.58
Madhya Pradesh,ANUPPUR,Anuppur(S)_1,2024-01,124,-6.04491935483871,-6.31,-5.91
Madhya Pradesh,ANUPPUR,Anuppur(S)_1,2024-02,112,-6.279107142857143,-6.47,-6.16
Madhya Pradesh,ANUPPUR,Anuppur(S)_1,2024-03,124,-6.122419354838709,-6.35,-5.98
Madhya Pradesh,ANUPPUR,Anuppur(S)_1,2024-04,108,-6.56712962962963,-7.22,-6.22
Madhya Pradesh,ANUPPUR,Anuppur(S)_1,2024-05,112,-8.237857142857143,-9.69,-6.97
Madhya Pradesh,ANUPPUR,Anuppur(S)_1,2024-06,116,-9.249741379310345,-9.85,-8.59
Madhya Pradesh,ANUPPUR,Anuppur(S)_1,2024-07,124,-8.576612903225806,-9.83,-6.88
Madhya Pradesh,ANUPPUR,Anuppur(S)_1,2024-08,104,-4.937307692307693,-6.94,-3.09
Madhya Pradesh,ANUPPUR,Anuppur(S)_1,2024-09,112,-3.7017857142857147,-4.19,1.0
Madhya Pradesh,ANUPPUR,Anuppur(S)_1,2024-10,116,-4.490258620689655,-5.07,-3.76
Madhya Pradesh,ANUPPUR,Anuppur(S)_1,2024-11,108,-5.449537037037037,-5.82,-5.01
Madhya Pradesh,ANUPPUR,Anuppur(S)_1,2024-12,89,-5.883033707865169,-6.13,-5.61
Madhya Pradesh,ANUPPUR,Anuppur(S)_1,2025-01,116,-6.182499999999999,-6.43,-5.99
Madhya Pradesh,ANUPPUR,Anuppur(S)_1,2025-02,87,-6.54528735632184,-7.49,-6.32
Madhya Pradesh,ANUPPUR,Anuppur(S)_1,2025-03,120,-7.397916666666666,-8.85,-6.71
Madhya Pradesh,ANUPPUR,Anuppur(S)_1,2025-04,101,-8.600891089108911,-10.36,-7.65
Madhya Pradesh,ANUPPUR,Anuppur(S)_1,2025-05,88,-8.760340909090909,-10.72,-7.94
Madhya Pradesh,ANUPPUR,Anuppur(S)_1,2025-06,98,-8.826020408163266,-10.39,-7.82
Madhya Pradesh,ANUPPUR,Anuppur(S)_1,2025-07,95,-6.13578947368421,-8.87,-4.66
Madhya Pradesh,ANUPPUR,Anuppur(S)_1,2025-08,93,-4.698602150537635,-5.4,-3.73
Madhya Pradesh,ANUPPUR,Anuppur(S)_1,2025-09,84,-4.17595238095238,-4.54,-3.98
Madhya Pradesh,ANUPPUR,Anuppur(S)_1,2025-10,105,-4.138190476190476,-4.58,-3.82
Madhya Pradesh,ANUPPUR,Anuppur(S)_1,2025-11,83,-4.629277108433735,-5.24,-4.12
Madhya Pradesh,ANUPPUR,Anuppur(S)_1,2025-12,99,-5.50050505050505,-5.91,-5.11
Madhya Pradesh,ASHOK NAGAR,Ashoknagar( D),2023-10,14,-6.1850000000000005,-6.31,-6.05
Madhya Pradesh,ASHOK NAGAR,Ashoknagar( D),2023-11,112,-7.438571428571429,-8.67,-6.31
Madhya Pradesh,ASHOK NAGAR,Ashoknagar( D),2023-12,120,-9.352749999999999,-10.48,-8.67
Madhya Pradesh,ASHOK NAGAR,Ashoknagar( D),2024-01,124,-11.433387096774194,-12.47,-10.49
Madhya Pradesh,ASHOK NAGAR,Ashoknagar( D),2024-02,112,-13.061875,-13.39,-12.5
Madhya Pradesh,ASHOK NAGAR,Ashoknagar( D),2024-03,124,-13.23991935483871,-13.46,-13.04
Madhya Pradesh,ASHOK NAGAR,Ashoknagar( D),2024-04,112,-13.275357142857143,-13.4,-13.17
Madhya Pradesh,ASHOK NAGAR,Ashoknagar( D),2024-05,104,-13.921730769230768,-14.42,-13.39
Madhya Pradesh,ASHOK NAGAR,Ashoknagar( D),2024-06,116,-14.618534482758621,-14.82,-14.35
Madhya Pradesh,ASHOK NAGAR,Ashoknagar( D),2024-07,120,-12.159416666666667,-14.33,-10.0
Madhya Pradesh,ASHOK NAGAR,Ashoknagar( D),2024-08,104,-5.845865384615385,-9.96,-3.76
Madhya Pradesh,ASHOK NAGAR,Ashoknagar( D),2024-09,112,-3.4601785714285715,-3.8,-3.02
Madhya Pradesh,ASHOK NAGAR,Ashoknagar( D),2024-10,116,-3.6420689655172414,-4.24,-3.09
Madhya Pradesh,ASHOK NAGAR,Ashoknagar( D),2024-11,112,-4.950267857142856,-5.89,-4.23
Madhya Pradesh,ASHOK NAGAR,Ashoknagar( D),2024-12,93,-6.580967741935484,-7.34,-5.88
Madhya Pradesh,ASHOK NAGAR,Ashoknagar( D),2025-01,116,-8.22655172413793,-9.15,-7.64
Madhya Pradesh,ASHOK NAGAR,Ashoknagar( D),2025-02,87,-10.42712643678161,-11.6,-9.43
Madhya Pradesh,ASHOK NAGAR,Ashoknagar( D),2025-03,120,-12.62125,-13.02,-11.62
Madhya Pradesh,ASHOK NAGAR,Ashoknagar( D),2025-04,81,-12.67320987654321,-12.9,-12.46
Madhya Pradesh,ASHOK NAGAR,Ashoknagar( D),2025-05,84,-13.092142857142857,-13.37,-12.77
Madhya Pradesh,ASHOK NAGAR,Ashoknagar( D),2025-06,94,-11.84691489361702,-13.42,-7.44
Madhya Pradesh,ASHOK NAGAR,Ashoknagar( D),2025-07,95,-5.386526315789474,-7.37,-3.43
Madhya Pradesh,ASHOK NAGAR,Ashoknagar( D),2025-08,89,-3.5531460674157307,-3.97,-3.14
Madhya Pradesh,ASHOK NAGAR,Ashoknagar( D),2025-09,78,-3.3956410256410257,-3.72,-2.95
Madhya Pradesh,ASHOK NAGAR,Ashoknagar( D),2025-10,113,-4.317256637168142,-4.81,-3.77
Madhya Pradesh,ASHOK NAGAR,Ashoknagar( D),2025-11,72,-5.325694444444444,-5.85,-4.76
Madhya Pradesh,ASHOK NAGAR,Ashoknagar( D),2025-12,81,-6.825308641975309,-7.6,-5.97
Madhya Pradesh,ASHOK NAGAR,Chanderi(D)_1,2023-10,13,-5.303846153846154,-5.4,-5.2
Madhya Pradesh,ASHOK NAGAR,Chanderi(D)_1,2023-11,112,-5.562410714285714,-5.74,-5.25
Madhya Pradesh,ASHOK NAGAR,Chanderi(D)_1,2023-12,120,-5.374666666666667,-5.63,-5.17
Madhya Pradesh,ASHOK NAGAR,Chanderi(D)_1,2024-01,124,-5.594032258064516,-5.79,-5.43
Madhya Pradesh,ASHOK NAGAR,Chanderi(D)_1,2024-02,112,-5.952946428571429,-6.35,1.0
Madhya Pradesh,ASHOK NAGAR,Chanderi(D)_1,2024-03,120,-6.541166666666667,-6.98,-6.01
Madhya Pradesh,ASHOK NAGAR,Chanderi(D)_1,2024-04,112,-6.695089285714286,-7.19,1.0
Madhya Pradesh,ASHOK NAGAR,Chanderi(D)_1,2024-05,116,-8.26405172413793,-12.86,1.0
Madhya Pradesh,ASHOK NAGAR,Chanderi(D)_1,2024-06,116,-10.679568965517241,-14.23,1.0
Madhya Pradesh,ASHOK NAGAR,Chanderi(D)_1,2024-07,120,-4.9879999999999995,-5.63,-4.44
Madhya Pradesh,ASHOK NAGAR,Chanderi(D)_1,2024-08,104,-3.0065384615384616,-4.31,-2.27
Madhya Pradesh,ASHOK NAGAR,Chanderi(D)_1,2024-09,112,-3.00625,-3.38,-2.65
Madhya Pradesh,ASHOK NAGAR,Chanderi(D)_1,2024-10,116,-3.8189655172413794,-4.39,1.0
Madhya Pradesh,ASHOK NAGAR,Chanderi(D)_1,2024-11,100,-4.6372,-4.91,-4.35
Madhya Pradesh,ASHOK NAGAR,Chanderi(D)_1,2024-12,93,-5.024408602150538,-5.24,-4.82
Madhya Pradesh,ASHOK NAGAR,Chanderi(D)_1,2025-01,116,-5.075603448275862,-5.4,1.0
Madhya Pradesh,ASHOK NAGAR,Chanderi(D)_1,2025-02,87,-5.423678160919541,-5.81,1.0
Madhya Pradesh,ASHOK NAGAR,Chanderi(D)_1,2025-03,116,-5.982586206896552,-6.48,1.0
Madhya Pradesh,ASHOK NAGAR,Chanderi(D)_1,2025-04,104,-7.012788461538462,-7.99,-6.22
Madhya Pradesh,ASHOK NAGAR,Chanderi(D)_1,2025-05,88,-7.897954545454545,-9.08,-6.94
Madhya Pradesh,ASHOK NAGAR,Chanderi(D)_1,2025-06,97,-6.297938144329897,-8.13,-3.19
Madhya Pradesh,ASHOK NAGAR,Chanderi(D)_1,2025-07,98,-2.6,-3.72,-1.39
Madhya Pradesh,ASHOK NAGAR,Chanderi(D)_1,2025-08,89,-2.4773033707865166,-2.96,-1.75
Madhya Pradesh,ASHOK NAGAR,Chanderi(D)_1,2025-09,13,-2.7146153846153847,-2.78,-2.62
Madhya Pradesh,ASHOK NAGAR,Chanderi(D)_1,2025-12,93,-4.978225806451613,-5.184,-4.732
Madhya Pradesh,BALAGHAT,Baihar(D)_1,2023-10,9,-2.8866666666666667,-2.94,-2.85
Madhya Pradesh,BALAGHAT,Baihar(D)_1,2023-11,104,-3.2459615384615383,-3.67,-2.93
Madhya Pradesh,BALAGHAT,Baihar(D)_1,2023-12,120,-3.958833333333333,-4.47,1.0
Madhya Pradesh,BALAGHAT,Baihar(D)_1,2024-01,124,-4.720806451612903,-5.17,-4.27
Madhya Pradesh,BALAGHAT,Baihar(D)_1,2024-02,112,-5.553303571428572,-5.91,-5.17
Madhya Pradesh,BALAGHAT,Baihar(D)_1,2024-03,124,-6.290887096774194,-6.55,-5.89
Madhya Pradesh,BALAGHAT,Baihar(D)_1,2024-04,112,-7.015267857142858,-7.47,-6.48
Madhya Pradesh,BALAGHAT,Baihar(D)_1,2024-05,116,-7.985862068965518,-8.53,-7.5
Madhya Pradesh,BALAGHAT,Baihar(D)_1,2024-06,112,-8.874732142857143,-9.13,-8.55
Madhya Pradesh,BALAGHAT,Baihar(D)_1,2024-07,116,-8.4675,-9.11,-6.95
Madhya Pradesh,BALAGHAT,Baihar(D)_1,2024-08,100,-3.2007999999999996,-6.94,-1.51
Madhya Pradesh,BALAGHAT,Baihar(D)_1,2024-09,108,-1.5450000000000002,-1.94,-0.91
Madhya Pradesh,BALAGHAT,Baihar(D)_1,2024-10,116,-2.175344827586207,-2.64,-1.51
Madhya Pradesh,BALAGHAT,Baihar(D)_1,2024-11,112,-3.096339285714286,-3.55,-2.43
Madhya Pradesh,BALAGHAT,Baihar(D)_1,2024-12,93,-3.877634408602151,-4.33,-3.52
Madhya Pradesh,BALAGHAT,Baihar(D)_1,2025-01,116,-4.806034482758621,-5.37,-4.2
Madhya Pradesh,BALAGHAT,Baihar(D)_1,2025-02,87,-5.842528735632184,-6.3,-5.47
Madhya Pradesh,BALAGHAT,Baihar(D)_1,2025-03,120,-6.75225,-7.34,-6.31
Madhya Pradesh,BALAGHAT,Baihar(D)_1,2025-04,88,-7.7304545454545455,-8.2,-7.34
Madhya Pradesh,BALAGHAT,Baihar(D)_1,2025-05,80,-8.526875,-8.66,-8.21
Madhya Pradesh,BALAGHAT,Baihar(D)_1,2025-06,97,-8.822474226804124,-9.1,1.0
Madhya Pradesh,BALAGHAT,Baihar(D)_1,2025-07,95,-6.375368421052631,-9.03,-2.95
Madhya Pradesh,BALAGHAT,Baihar(D)_1,2025-08,89,-2.702584269662921,-3.12,-1.88
Madhya Pradesh,BALAGHAT,Baihar(D)_1,2025-09,84,-1.5444047619047618,-1.92,-1.17
Madhya Pradesh,BALAGHAT,Baihar(D)_1,2025-10,96,-1.8955208333333333,-2.15,-1.63
Madhya Pradesh,BALAGHAT,Baihar(D)_1,2025-11,52,-2.3828846153846155,-2.69,-2.06
Madhya Pradesh,BALAGHAT,Baihar(D)_1,2025-12,77,-3.3048051948051946,-3.74,-2.87
Madhya Pradesh,BALAGHAT,Damoh(S)_1,2023-10,8,-2.51125,-2.55,-2.47
Madhya Pradesh,BALAGHAT,Damoh(S)_1,2023-11,112,-3.134910714285714,-3.69,-2.56
Madhya Pradesh,BALAGHAT,Damoh(S)_1,2023-12,120,-4.3875,-5.35,-3.7
Madhya Pradesh,BALAGHAT,Damoh(S)_1,2024-01,124,-5.788629032258064,-6.03,-5.35
Madhya Pradesh,BALAGHAT,Damoh(S)_1,2024-02,112,-6.337232142857142,-6.78,-6.01
Madhya Pradesh,BALAGHAT,Damoh(S)_1,2024-03,124,-7.0119354838709675,-7.16,-6.78
Madhya Pradesh,BALAGHAT,Damoh(S)_1,2024-04,116,-7.190258620689655,-7.35,-7.1
Madhya Pradesh,BALAGHAT,Damoh(S)_1,2024-05,116,-7.61594827586207,-7.82,-7.35
Madhya Pradesh,BALAGHAT,Damoh(S)_1,2024-06,116,-8.067758620689656,-8.28,-7.83
Madhya Pradesh,BALAGHAT,Damoh(S)_1,2024-07,120,-6.389333333333334,-8.28,-2.92
Madhya Pradesh,BALAGHAT,Damoh(S)_1,2024-08,112,-2.160535714285714,-2.89,-1.98
Madhya Pradesh,BALAGHAT,Damoh(S)_1,2024-09,112,-1.9882142857142857,-2.04,-1.94
Madhya Pradesh,BALAGHAT,Damoh(S)_1,2024-10,116,-2.29,-2.67,-1.95
Madhya Pradesh,BALAGHAT,Damoh(S)_1,2024-11,108,-3.175,-3.77,-2.68
Madhya Pradesh,BALAGHAT,Damoh(S)_1,2024-12,93,-4.585268817204301,-5.28,-3.78
Madhya Pradesh,BALAGHAT,Damoh(S)_1,2025-01,116,-6.168362068965517,-6.99,-5.48
Madhya Pradesh,BALAGHAT,Damoh(S)_1,2025-02,87,-7.4398850574712645,-7.9,-7.09
Madhya Pradesh,BALAGHAT,Damoh(S)_1,2025-03,120,-8.289083333333334,-8.54,-7.91
Madhya Pradesh,BALAGHAT,Damoh(S)_1,2025-04,81,-8.635925925925926,-8.81,-8.53
Madhya Pradesh,BALAGHAT,Damoh(S)_1,2025-05,84,-8.878095238095238,-8.95,-8.78
Madhya Pradesh,BALAGHAT,Damoh(S)_1,2025-06,101,-8.517425742574257,-8.77,-7.67
Madhya Pradesh,BALAGHAT,Damoh(S)_1,2025-07,98,-4.515204081632653,-7.62,-2.76
Madhya Pradesh,BALAGHAT,Damoh(S)_1,2025-08,85,-2.7071764705882355,-2.77,-2.58
Madhya Pradesh,BALAGHAT,Damoh(S)_1,2025-09,81,-2.4290123456790123,-2.51,-2.39
Madhya Pradesh,BALAGHAT,Damoh(S)_1,2025-10,99,-2.4954545454545456,-2.8,-2.37
Madhya Pradesh,BALAGHAT,Damoh(S)_1,2025-11,44,-3.058636363636364,-3.27,-2.8
Madhya Pradesh,BALAGHAT,Damoh(S)_1,2025-12,73,-4.212328767123288,-5.16,-3.38
Madhya Pradesh,BARWANI,Anjad(D)_1,2023-10,37,-5.05,-9.66,-4.2
Madhya Pradesh,BARWANI,Anjad(D)_1,2023-11,112,-5.012410714285714,-9.66,-4.3
Madhya Pradesh,BARWANI,Anjad(D)_1,2023-12,120,-4.960333333333334,-6.25,-4.45
Madhya Pradesh,BARWANI,Anjad(D)_1,2024-01,124,-5.245161290322581,-9.38,-4.59
Madhya Pradesh,BARWANI,Anjad(D)_1,2024-02,112,-5.637946428571429,-9.31,-4.83
Madhya Pradesh,BARWANI,Anjad(D)_1,2024-03,124,-6.25508064516129,-9.61,-5.29
Madhya Pradesh,BARWANI,Anjad(D)_1,2024-04,112,-6.752232142857143,-9.6,-5.77
Madhya Pradesh,BARWANI,Anjad(D)_1,2024-05,120,-7.965833333333333,-9.69,-6.1
Madhya Pradesh,BARWANI,Anjad(D)_1,2024-06,116,-8.927844827586206,-9.75,-7.16
Madhya Pradesh,BARWANI,Anjad(D)_1,2024-07,124,-6.606774193548387,-8.65,-5.56
Madhya Pradesh,BARWANI,Anjad(D)_1,2024-08,112,-5.736339285714286,-8.29,-5.16
Madhya Pradesh,BARWANI,Anjad(D)_1,2024-09,112,-4.924910714285715,-7.28,-4.31
Madhya Pradesh,BARWANI,Anjad(D)_1,2024-10,116,-4.363362068965517,-6.55,-3.74
Madhya Pradesh,BARWANI,Anjad(D)_1,2024-11,104,-4.464711538461538,-9.67,-3.77
Madhya Pradesh,BARWANI,Anjad(D)_1,2024-12,97,-4.528865979381443,-5.8,-4.16
Madhya Pradesh,BARWANI,Anjad(D)_1,2025-01,116,-4.604655172413793,-5.71,-3.99
Madhya Pradesh,BARWANI,Anjad(D)_1,2025-02,87,-5.3483908045977016,-6.82,-4.73
Madhya Pradesh,BARWANI,Anjad(D)_1,2025-03,29,-5.77448275862069,-7.03,-5.25
Madhya Pradesh,BARWANI,Anjad(D)_1,2025-04,28,-4.209071428571429,-4.257,-4.165
Madhya Pradesh,BARWANI,Anjad(D)_1,2025-05,92,-4.2097934782608695,-4.259,-4.163
Madhya Pradesh,BARWANI,Anjad(D)_1,2025-06,12,-4.215583333333334,-4.258,-4.167
Madhya Pradesh,BETUL,Amla OW,2023-10,17,-2.801176470588235,-2.88,-2.73
Madhya Pradesh,BETUL,Amla OW,2023-11,112,-3.5088392857142856,-4.35,-2.88
Madhya Pradesh,BETUL,Amla OW,2023-12,120,-4.537166666666667,-5.61,-4.11
Madhya Pradesh,BETUL,Amla OW,2024-01,124,-6.004435483870967,-6.89,-5.36
Madhya Pradesh,BETUL,Amla OW,2024-02,108,-7.857962962962962,-8.52,-6.9
Madhya Pradesh,BETUL,Amla OW,2024-03,124,-8.415564516129033,-8.82,-7.98
Madhya Pradesh,BETUL,Amla OW,2024-04,112,-8.009107142857143,-8.33,-7.89
Madhya Pradesh,BETUL,Amla OW,2024-05,120,-8.233916666666667,-8.51,-7.95
Madhya Pradesh,BETUL,Amla OW,2024-06,116,-8.477327586206897,-8.69,-7.86
Madhya Pradesh,BETUL,Amla OW,2024-07,116,-4.535948275862069,-7.86,-0.88
Madhya Pradesh,BETUL,Amla OW,2024-08,104,-0.9839423076923077,-1.26,-0.8
Madhya Pradesh,BETUL,Amla OW,2024-09,112,-1.2260714285714285,-1.6,-0.99
Madhya Pradesh,BETUL,Amla OW,2024-10,116,-1.8412931034482758,-2.24,-1.34
Madhya Pradesh,BETUL,Amla OW,2024-11,112,-2.981607142857143,-3.76,-2.24
Madhya Pradesh,BETUL,Amla OW,2024-12,97,-4.055670103092783,-4.81,-3.63
Madhya Pradesh,BETUL,Amla OW,2025-01,116,-5.591637931034483,-6.55,-4.75
Madhya Pradesh,BETUL,Amla OW,2025-02,95,-7.461578947368421,-8.41,-6.69
Madhya Pradesh,BETUL,Amla OW,2025-03,116,-8.59698275862069,-8.87,-8.3
Madhya Pradesh,BETUL,Amla OW,2025-04,102,-8.315686274509805,-8.47,-8.22
Madhya Pradesh,BETUL,Amla OW,2025-05,79,-8.770632911392404,-8.93,-8.52
Madhya Pradesh,BETUL,Amla OW,2025-06,93,-8.926666666666666,-9.02,-8.69
Madhya Pradesh,BETUL,Amla OW,2025-07,98,-6.225816326530612,-8.67,-2.62
Madhya Pradesh,BETUL,Amla OW,2025-08,93,-2.8048387096774197,-3.54,-1.84
Madhya Pradesh,BETUL,Amla OW,2025-09,80,-1.270125,-1.58,-1.02
Madhya Pradesh,BETUL,Amla OW,2025-10,87,-1.9044827586206896,-2.41,-1.38
Madhya Pradesh,BETUL,Amla OW,2025-11,66,-2.971212121212121,-3.72,-2.29
Madhya Pradesh,BETUL,Amla OW,2025-12,69,-4.556666666666667,-5.35,-3.79
Madhya Pradesh,BETUL,Amla(D)_1,2023-10,14,-1.2750000000000001,-1.32,-1.24
Madhya Pradesh,BETUL,Amla(D)_1,2023-11,112,-1.6150892857142858,-1.86,-1.33
Madhya Pradesh,BETUL,Amla(D)_1,2023-12,120,-1.8529166666666665,-2.22,-1.55
Madhya Pradesh,BETUL,Amla(D)_1,2024-01,124,-2.395967741935484,-2.62,-2.24
Madhya Pradesh,BETUL,Amla(D)_1,2024-02,112,-2.841964285714286,-3.03,-2.62
Madhya Pradesh,BETUL,Amla(D)_1,2024-03,120,-3.2191666666666667,-3.43,-3.03
Madhya Pradesh,BETUL,Amla(D)_1,2024-04,112,-3.5811607142857143,-3.7,-3.42
Madhya Pradesh,BETUL,Amla(D)_1,2024-05,116,-3.9213793103448276,-4.13,-3.69
Madhya Pradesh,BETUL,Amla(D)_1,2024-06,116,-4.120517241379311,-4.44,-3.47
Madhya Pradesh,BETUL,Amla(D)_1,2024-07,124,-1.9106451612903226,-3.48,0.01
Madhya Pradesh,BETUL,Amla(D)_1,2024-08,112,0.05580357142857143,-0.1,0.12
Madhya Pradesh,BETUL,Amla(D)_1,2024-09,104,-0.01201923076923077,-0.2,0.09
Madhya Pradesh,BETUL,Amla(D)_1,2024-10,116,-0.4221551724137931,-0.83,0.01
Madhya Pradesh,BETUL,Amla(D)_1,2024-11,112,-1.2222321428571428,-1.48,-0.85
Madhya Pradesh,BETUL,Amla(D)_1,2024-12,93,-1.7961290322580645,-2.07,-1.48
Madhya Pradesh,BETUL,Amla(D)_1,2025-01,116,-2.382155172413793,-2.57,-2.18
Madhya Pradesh,BETUL,Amla(D)_1,2025-02,87,-2.8408045977011493,-3.08,-2.63
Madhya Pradesh,BETUL,Amla(D)_1,2025-03,116,-3.361206896551724,-3.67,-3.07
Madhya Pradesh,BETUL,Amla(D)_1,2025-04,100,-3.8587000000000002,-4.1,-3.68
Madhya Pradesh,BETUL,Amla(D)_1,2025-05,88,-4.339886363636364,-4.49,-4.11
Madhya Pradesh,BETUL,Amla(D)_1,2025-06,101,-4.531485148514852,-4.65,-4.3
Madhya Pradesh,BETUL,Amla(D)_1,2025-07,98,-2.8844897959183675,-4.29,-0.78
Madhya Pradesh,BETUL,Amla(D)_1,2025-08,89,-0.8823595505617977,-1.48,-0.17
Madhya Pradesh,BETUL,Amla(D)_1,2025-09,78,-0.2744871794871795,-0.53,-0.04
Madhya Pradesh,BETUL,Amla(D)_1,2025-10,91,-0.7004395604395605,-1.23,-0.26
Madhya Pradesh,BETUL,Amla(D)_1,2025-11,56,-1.2351785714285715,-1.86,-0.56
Madhya Pradesh,BETUL,Amla(D)_1,2025-12,45,-1.8697777777777778,-1.96,-1.78
Madhya Pradesh,BETUL,Basinda OW,2024-01,72,-45.794333333333334,-46.911,-45.211
Madhya Pradesh,BETUL,Basinda OW,2024-02,116,-45.81186206896552,-46.911,-45.211
Madhya Pradesh,BETUL,Basinda OW,2024-03,124,-45.77793548387097,-46.911,-45.211
Madhya Pradesh,BETUL,Basinda OW,2024-04,120,-45.794333333333334,-46.911,-45.211
Madhya Pradesh,BETUL,Basinda OW,2024-05,124,-45.813419354838715,-46.911,-45.211
Madhya Pradesh,BETUL,Basinda OW,2024-06,120,-45.794333333333334,-46.911,-45.211
Madhya Pradesh,BETUL,Basinda OW,2024-07,124,-45.79164516129032,-46.911,-45.211
Madhya Pradesh,BETUL,Basinda OW,2024-08,124,-45.78277419354839,-46.911,-45.211
Madhya Pradesh,BETUL,Basinda OW,2024-09,120,-45.794333333333334,-46.911,-45.211
Madhya Pradesh,BETUL,Basinda OW,2024-10,124,-45.8118064516129,-46.911,-45.211
Madhya Pradesh,BETUL,Basinda OW,2025-01,16,-45.3145625,-45.355,-45.27
Madhya Pradesh,BETUL,Basinda OW,2025-03,64,-45.31303125,-45.361,-45.262
Madhya Pradesh,BETUL,Basinda OW,2025-04,60,-45.31381666666667,-45.358,-45.263
Madhya Pradesh,BETUL,Basinda OW,2025-05,32,-45.30903125,-45.352,-45.262
Madhya Pradesh,BETUL,Betul(s),2024-01,64,-4.56596875,-7.4,0.0
Madhya Pradesh,BETUL,Betul(s),2024-02,116,-6.127672413793103,-7.566,0.0
Madhya Pradesh,BETUL,Betul(s),2024-03,124,-5.008459677419355,-5.448,-1.0
Madhya Pradesh,BETUL,Betul(s),2024-04,120,-3.7610916666666667,-5.409,-2.786
Madhya Pradesh,BETUL,Betul(s),2024-05,124,-2.3549032258064515,-3.251,0.0
Madhya Pradesh,BETUL,Betul(s),2024-06,120,-0.986425,-1.637,0.0
Madhya Pradesh,BETUL,Betul(s),2024-07,124,-1.1129435483870966,-2.039,-0.029
Madhya Pradesh,BETUL,Betul(s),2024-08,124,-2.9256209677419354,-3.573,-1.637
Madhya Pradesh,BETUL,Betul(s),2024-09,120,-3.76355,-4.775,-2.981
Madhya Pradesh,BETUL,Betul(s),2024-10,124,-5.068741935483871,-5.316,-4.778
Madhya Pradesh,BETUL,Betul(s),2025-01,86,-16.86370930232558,-19.162,-12.087
Madhya Pradesh,BETUL,Betul(s),2025-02,87,-19.677137931034483,-20.441,-18.919
Madhya Pradesh,BETUL,Betul(s),2025-03,120,-20.01790833333333,-20.546,-18.925
Madhya Pradesh,BETUL,Betul(s),2025-04,96,-19.949145833333333,-21.531,-18.079
Madhya Pradesh,BETUL,Betul(s),2025-05,96,-17.575666666666667,-20.137,-16.657
Madhya Pradesh,BETUL,Betul(s),2025-06,91,-15.98445054945055,-16.931,1.0
Madhya Pradesh,BETUL,Betul(s),2025-07,80,-13.693924999999998,-14.678,-12.753
Madhya Pradesh,BETUL,Betul(s),2025-08,78,-12.12803846153846,-12.773,-11.527
Madhya Pradesh,BETUL,Betul(s),2025-09,83,-8.801277108433734,-11.205,-7.307
Madhya Pradesh,BETUL,Betul(s),2025-10,113,-12.74696460176991,-18.225,-8.082
Madhya Pradesh,BETUL,Betul(s),2025-11,26,-13.985653846153847,-14.413,-12.55
Madhya Pradesh,BETUL,Bhainsdehi_1,2024-01,108,-98.88925925925926,-99.05,-98.8
Madhya Pradesh,BETUL,Bhainsdehi_1,2024-02,116,-99.10775862068965,-99.14,-99.05
Madhya Pradesh,BETUL,Bhainsdehi_1,2024-03,124,-93.8024193548387,-99.19,-73.38
Madhya Pradesh,BETUL,Bhainsdehi_1,2024-04,120,-85.46550833333335,-89.732,-70.712
Madhya Pradesh,BETUL,Bhainsdehi_1,2024-05,124,-51.9619435483871,-70.183,-47.189
Madhya Pradesh,BETUL,Bhainsdehi_1,2024-06,120,-47.85765,-48.478,-47.487
Madhya Pradesh,BETUL,Bhainsdehi_1,2024-07,124,-48.07108870967742,-49.615,-47.189
Madhya Pradesh,BETUL,Bhainsdehi_1,2024-08,124,-48.09924193548387,-49.615,-47.549
Madhya Pradesh,BETUL,Bhainsdehi_1,2024-09,120,-47.83018333333334,-48.631,-47.189
Madhya Pradesh,BETUL,Bhainsdehi_1,2024-10,124,-48.069959677419355,-49.615,-47.189
Madhya Pradesh,BETUL,Bhainsdehi_1,2024-11,96,-54.96571875,-62.278,-47.842
Madhya Pradesh,BETUL,Bhainsdehi_1,2024-12,84,-70.15772619047618,-78.795,-62.015
Madhya Pradesh,BETUL,Bhainsdehi_1,2025-01,105,-89.26084761904761,-116.205,-75.98
Madhya Pradesh,BETUL,Bhainsdehi_1,2025-02,31,-134.39283870967742,-140.64,-121.854
Madhya Pradesh,BETUL,Bhainsdehi_1,2025-03,124,-140.58098387096774,-140.62,-140.553
Madhya Pradesh,BETUL,Bhainsdehi_1,2025-04,88,-140.54913636363636,-140.564,-140.536
Madhya Pradesh,BETUL,Bhainsdehi_1,2025-05,92,-140.53510869565216,-140.544,-140.52
Madhya Pradesh,BETUL,Bhainsdehi_1,2025-06,66,-140.52236363636365,-140.533,-140.512
Madhya Pradesh,BETUL,Bhainsdehi_1,2025-07,31,-123.99958064516129,-132.725,-115.464
Madhya Pradesh,BETUL,Bhainsdehi_1,2025-08,82,-97.82793902439023,-114.603,-87.509
Madhya Pradesh,BETUL,Bhainsdehi_1,2025-09,83,-69.24762650602409,-86.284,-47.459
Madhya Pradesh,BETUL,Bhainsdehi_1,2025-10,113,-47.62616814159292,-48.693,-47.064
Madhya Pradesh,BETUL,Bhainsdehi_1,2025-11,31,-51.55090322580645,-60.106,-47.389
Madhya Pradesh,BETUL,Dharagohan,2024-01,72,-47.91873611111111,-55.94,-39.5
Madhya Pradesh,BETUL,Dharagohan,2024-02,116,-45.283456896551726,-47.52,0.0
Madhya Pradesh,BETUL,Dharagohan,2024-03,124,-44.26583064516129,-48.19,-42.042
Madhya Pradesh,BETUL,Dharagohan,2024-04,120,-50.97282499999999,-56.678,0.0
Madhya Pradesh,BETUL,Dharagohan,2024-05,124,-39.77041129032258,-57.402,0.0
Madhya Pradesh,BETUL,Dharagohan,2024-06,120,-43.44595,-46.69,0.0
Madhya Pradesh,BETUL,Dharagohan,2024-07,124,-46.914580645161294,-52.862,-40.609
Madhya Pradesh,BETUL,Dharagohan,2024-08,124,-46.28843548387096,-57.402,0.0
Madhya Pradesh,BETUL,Dharagohan,2024-09,120,-45.08390833333333,-55.01,-32.924
Madhya Pradesh,BETUL,Dharagohan,2024-10,124,-37.90633064516129,-43.81,0.0
Madhya Pradesh,BETUL,Dharagohan,2025-01,16,-43.809875,-43.854,-43.76
Madhya Pradesh,BETUL,Dharagohan,2025-03,56,-43.808142857142855,-43.859,-43.761
Madhya Pradesh,BETUL,Dharagohan,2025-04,64,-43.8135,-43.855,-43.762
Madhya Pradesh,BETUL,Dharagohan,2025-05,48,-43.809041666666666,-43.859,-43.761
Madhya Pradesh,BETUL,Dharagohan,2025-06,8,-43.80875,-43.851,-43.789
Madhya Pradesh,BETUL,Gawasen OW,2025-03,60,-7.211833333333333,-7.261,-7.162
Madhya Pradesh,BETUL,Gawasen OW,2025-04,64,-7.214203125,-7.26,-7.162
Madhya Pradesh,BETUL,Gawasen OW,2025-05,32,-7.21140625,-7.262,-7.168
Madhya Pradesh,BHOPAL,Basantkunj,2024-01,84,-20.710476190476193,-21.29,-20.35
Madhya Pradesh,BHOPAL,Basantkunj,2024-02,116,-7.936379310344828,-21.62,-1.0
Madhya Pradesh,BHOPAL,Basantkunj,2024-03,124,-1.0,-1.0,-1.0
Madhya Pradesh,BHOPAL,Basantkunj,2024-04,120,-1.0,-1.0,-1.0
Madhya Pradesh,BHOPAL,Basantkunj,2024-05,124,-1.0,-1.0,-1.0
Madhya Pradesh,BHOPAL,Basantkunj,2024-06,120,-12.14775,-21.22,-1.0
Madhya Pradesh,BHOPAL,Basantkunj,2024-07,124,-10.685322580645161,-21.62,-1.0
Madhya Pradesh,BHOPAL,Basantkunj,2024-08,124,-1.0,-1.0,-1.0
Madhya Pradesh,BHOPAL,Basantkunj,2024-09,120,-1.0,-1.0,-1.0
Madhya Pradesh,BHOPAL,Basantkunj,2024-10,124,-1.0,-1.0,-1.0
Madhya Pradesh,BHOPAL,Basantkunj,2024-11,100,1.0,1.0,1.0
Madhya Pradesh,BHOPAL,Basantkunj,2024-12,96,1.0,1.0,1.0
Madhya Pradesh,BHOPAL,Basantkunj,2025-01,101,1.0,1.0,1.0
Madhya Pradesh,BHOPAL,Basantkunj,2025-02,12,1.0,1.0,1.0
Madhya Pradesh,BHOPAL,Basantkunj,2025-04,36,-18.700194444444445,-18.75,-18.652
Madhya Pradesh,BHOPAL,Basantkunj,2025-05,52,-18.69944230769231,-18.747,-18.65
Madhya Pradesh,BHOPAL,Basantkunj,2025-06,8,-18.6845,-18.7,-18.667
Madhya Pradesh,BHOPAL,Basantkunj,2025-08,1,-6.122,-6.122,-6.122
Madhya Pradesh,BHOPAL,Berasia(D)_1,2023-04,20,-35.1385,-37.8,-30.79
Madhya Pradesh,BHOPAL,Berasia(D)_1,2023-05,111,-29.285315315315316,-35.06,-23.79
Madhya Pradesh,BHOPAL,Berasia(D)_1,2023-06,80,-41.6385,-45.54,-35.2
Madhya Pradesh,BHOPAL,Berasia(D)_1,2023-07,120,-14.617750000000001,-41.36,-4.5
Madhya Pradesh,BHOPAL,Berasia(D)_1,2023-08,124,-3.6658870967741937,-4.62,-2.32
Madhya Pradesh,BHOPAL,Berasia(D)_1,2023-09,108,-2.189814814814815,-3.49,-1.05
Madhya Pradesh,BHOPAL,Berasia(D)_1,2023-10,104,-3.022307692307692,-4.72,-1.5
Madhya Pradesh,BHOPAL,Berasia(D)_1,2023-11,112,-6.5842857142857145,-7.18,-4.79
Madhya Pradesh,BHOPAL,Berasia(D)_1,2023-12,120,-7.604916666666667,-10.4,-6.07
Madhya Pradesh,BHOPAL,Berasia(D)_1,2024-01,124,-12.023709677419355,-14.85,-9.54
Madhya Pradesh,BHOPAL,Berasia(D)_1,2024-02,112,-18.497053571428573,-24.24,-13.84
Madhya Pradesh,BHOPAL,Berasia(D)_1,2024-03,120,-33.19391666666667,-43.89,-23.13
Madhya Pradesh,BHOPAL,Berasia(D)_1,2024-04,112,-45.68133928571429,-46.41,-43.94
Madhya Pradesh,BHOPAL,Berasia(D)_1,2024-05,108,-46.73740740740741,-47.11,-46.35
Madhya Pradesh,BHOPAL,Berasia(D)_1,2024-06,116,-47.58275862068966,-47.81,-47.12
Madhya Pradesh,BHOPAL,Berasia(D)_1,2024-07,124,-36.03758064516129,-47.48,-9.52
Madhya Pradesh,BHOPAL,Berasia(D)_1,2024-08,112,-2.2876785714285717,-9.27,-0.94
Madhya Pradesh,BHOPAL,Berasia(D)_1,2024-09,108,-1.0118518518518518,-1.42,-0.56
Madhya Pradesh,BHOPAL,Berasia(D)_1,2024-10,116,-2.3654310344827585,-4.04,-0.71
Madhya Pradesh,BHOPAL,Berasia(D)_1,2024-11,25,-4.3396,-4.97,-3.95
Madhya Pradesh,BHOPAL,Berasia(D)_1,2025-01,43,-22.90653488372093,-28.727,-18.037
Madhya Pradesh,BHOPAL,Berasia(D)_1,2025-02,83,-38.932048192771084,-45.234,-31.175
Madhya Pradesh,BHOPAL,Berasia(D)_1,2025-03,116,-46.16464655172414,-46.646,-45.29
Madhya Pradesh,BHOPAL,Berasia(D)_1,2025-04,97,-47.42535051546392,-48.432,-45.625
Madhya Pradesh,BHOPAL,Berasia(D)_1,2025-05,88,-48.577590909090915,-48.712,-48.434
Madhya Pradesh,BHOPAL,Berasia(D)_1,2025-06,101,-48.42974257425742,-48.678,-48.024
Madhya Pradesh,BHOPAL,Berasia(D)_1,2025-07,98,-34.19963265306122,-48.015,-6.856
Madhya Pradesh,BHOPAL,Berasia(D)_1,2025-08,86,-2.5878720930232557,-6.58,-0.975
Madhya Pradesh,BHOPAL,Berasia(D)_1,2025-09,84,-6.716154761904763,-47.966,-0.813
Madhya Pradesh,BHOPAL,Berasia(D)_1,2025-10,109,-14.470440366972477,-45.87,-4.97
Madhya Pradesh,BHOPAL,Berasia(D)_1,2025-11,83,-6.215048192771085,-7.998,-4.522
Madhya Pradesh,BHOPAL,Berasia(D)_1,2025-12,99,-12.322454545454546,-17.33,-7.953
Madhya Pradesh,CHHATARPUR,Alipura_2,2023-10,37,-7.805135135135136,-12.3,-5.66
Madhya Pradesh,CHHATARPUR,Alipura_2,2023-11,112,-12.177767857142857,-19.16,-7.33
Madhya Pradesh,CHHATARPUR,Alipura_2,2023-12,120,-10.00075,-15.29,-7.75
Madhya Pradesh,CHHATARPUR,Alipura_2,2024-01,124,-9.067983870967742,-13.62,-7.3
Madhya Pradesh,CHHATARPUR,Alipura_2,2024-02,108,-10.07064814814815,-15.53,-8.01
Madhya Pradesh,CHHATARPUR,Alipura_2,2024-03,124,-9.068629032258064,-20.18,-7.12
Madhya Pradesh,CHHATARPUR,Alipura_2,2024-04,112,-10.687857142857142,-17.67,-7.47
Madhya Pradesh,CHHATARPUR,Alipura_2,2024-05,108,-13.11138888888889,-16.36,-8.97
Madhya Pradesh,CHHATARPUR,Alipura_2,2024-06,116,-12.339224137931033,-14.65,-7.3
Madhya Pradesh,CHHATARPUR,Alipura_2,2024-07,120,-8.007916666666667,-11.79,-6.68
Madhya Pradesh,CHHATARPUR,Alipura_2,2024-08,108,-6.296111111111111,-9.05,-4.52
Madhya Pradesh,CHHATARPUR,Alipura_2,2024-09,112,-5.044553571428572,-9.22,-2.64
Madhya Pradesh,CHHATARPUR,Alipura_2,2024-10,116,-4.358448275862068,-6.65,-3.38
Madhya Pradesh,CHHATARPUR,Alipura_2,2024-11,112,-6.633125,-12.07,-4.72
Madhya Pradesh,CHHATARPUR,Alipura_2,2024-12,93,-7.798924731182796,-10.13,-6.06
Madhya Pradesh,CHHATARPUR,Alipura_2,2025-01,116,-7.714224137931034,-10.72,1.0
Madhya Pradesh,CHHATARPUR,Alipura_2,2025-02,87,-10.341494252873563,-20.27,-7.64
Madhya Pradesh,CHHATARPUR,Alipura_2,2025-03,120,-10.432416666666667,-14.46,-8.08
Madhya Pradesh,CHHATARPUR,Alipura_2,2025-04,33,-9.288424242424243,-13.01,-8.05
Madhya Pradesh,CHHATARPUR,Alipura_2,2025-05,92,-9.65336956521739,-9.699,-9.602
Madhya Pradesh,CHHATARPUR,Alipura_2,2025-06,12,-9.651916666666667,-9.695,-9.618
Madhya Pradesh,CHHATARPUR,Bijawar(S)_1,2023-10,26,-9.011923076923077,-9.38,-8.33
Madhya Pradesh,CHHATARPUR,Bijawar(S)_1,2023-11,112,-11.164017857142856,-12.53,-9.14
Madhya Pradesh,CHHATARPUR,Bijawar(S)_1,2023-12,124,-11.697096774193549,-14.06,-10.15
Madhya Pradesh,CHHATARPUR,Bijawar(S)_1,2024-01,124,-12.554354838709678,-14.39,-11.21
Madhya Pradesh,CHHATARPUR,Bijawar(S)_1,2024-02,116,-15.577672413793103,-17.23,-13.84
Madhya Pradesh,CHHATARPUR,Bijawar(S)_1,2024-03,124,-16.991451612903226,-17.55,-16.28
Madhya Pradesh,CHHATARPUR,Bijawar(S)_1,2024-04,112,-18.528303571428573,-20.04,-17.28
Madhya Pradesh,CHHATARPUR,Bijawar(S)_1,2024-05,101,-21.88158415841584,-23.09,-20.04
Madhya Pradesh,CHHATARPUR,Bijawar(S)_1,2024-06,111,-23.19018018018018,-23.69,-21.18
Madhya Pradesh,CHHATARPUR,Bijawar(S)_1,2024-07,120,-18.936416666666666,-21.13,-17.29
Madhya Pradesh,CHHATARPUR,Bijawar(S)_1,2024-08,109,-12.677247706422017,-17.28,-8.73
Madhya Pradesh,CHHATARPUR,Bijawar(S)_1,2024-09,103,-5.785728155339806,-8.27,-4.12
Madhya Pradesh,CHHATARPUR,Bijawar(S)_1,2024-10,120,-4.454166666666667,-5.55,-4.12
Madhya Pradesh,CHHATARPUR,Bijawar(S)_1,2024-11,101,-7.105841584158417,-9.19,-5.45
Madhya Pradesh,CHHATARPUR,Bijawar(S)_1,2024-12,92,-10.940978260869565,-12.64,-9.35
Madhya Pradesh,CHHATARPUR,Bijawar(S)_1,2025-01,112,-11.518214285714285,-12.44,-10.6
Madhya Pradesh,CHHATARPUR,Bijawar(S)_1,2025-02,87,-14.799080459770115,-15.79,-13.31
Madhya Pradesh,CHHATARPUR,Bijawar(S)_1,2025-03,120,-17.211416666666665,-18.11,-15.69
Madhya Pradesh,CHHATARPUR,Bijawar(S)_1,2025-04,105,-18.95619047619048,-20.15,-17.91
Madhya Pradesh,CHHATARPUR,Bijawar(S)_1,2025-05,88,-21.084545454545456,-21.54,-20.2
Madhya Pradesh,CHHATARPUR,Bijawar(S)_1,2025-06,84,-18.816666666666666,-20.5,-16.57
Madhya Pradesh,CHHATARPUR,Bijawar(S)_1,2025-07,92,-9.892717391304348,-16.52,-3.63
Madhya Pradesh,CHHATARPUR,Bijawar(S)_1,2025-08,89,-2.871797752808989,-3.62,-1.87
Madhya Pradesh,CHHATARPUR,Bijawar(S)_1,2025-09,70,-1.9804285714285714,-2.82,-1.66
Madhya Pradesh,CHHATARPUR,Bijawar(S)_1,2025-10,89,-3.4822471910112363,-4.68,-2.83
Madhya Pradesh,CHHATARPUR,Bijawar(S)_1,2025-11,17,-5.162941176470588,-5.65,-4.75
Madhya Pradesh,CHHATARPUR,Bijawar(S)_1,2025-12,63,-11.27063492063492,-12.61,-10.12
Madhya Pradesh,CHHATARPUR,Bonkna,2023-10,28,-3.73,-3.96,-3.53
Madhya Pradesh,CHHATARPUR,Bonkna,2023-11,112,-4.944553571428571,-6.26,-3.94
Madhya Pradesh,CHHATARPUR,Bonkna,2023-12,116,-6.726379310344828,-7.77,-4.97
Madhya Pradesh,CHHATARPUR,Bonkna,2024-01,124,-7.866451612903226,-8.67,-6.13
Madhya Pradesh,CHHATARPUR,Bonkna,2024-02,112,-9.180535714285714,-11.15,-8.26
Madhya Pradesh,CHHATARPUR,Bonkna,2024-03,124,-10.488225806451613,-14.16,-9.29
Madhya Pradesh,CHHATARPUR,Bonkna,2024-04,112,-12.442857142857141,-19.16,-10.44
Madhya Pradesh,CHHATARPUR,Bonkna,2024-05,104,-13.891442307692309,-17.01,-12.31
Madhya Pradesh,CHHATARPUR,Bonkna,2024-06,116,-14.134655172413792,-16.84,-5.77
Madhya Pradesh,CHHATARPUR,Bonkna,2024-07,124,-9.78,-13.67,-4.88
Madhya Pradesh,CHHATARPUR,Bonkna,2024-08,100,-6.0966,-9.88,-3.65
Madhya Pradesh,CHHATARPUR,Bonkna,2024-09,108,-3.478148148148148,-4.29,-2.94
Madhya Pradesh,CHHATARPUR,Bonkna,2024-10,116,-3.734224137931035,-4.4,-3.13
Madhya Pradesh,CHHATARPUR,Bonkna,2024-11,100,-6.0098,-8.18,-4.39
Madhya Pradesh,CHHATARPUR,Bonkna,2024-12,93,-8.603118279569893,-12.21,-7.55
Madhya Pradesh,CHHATARPUR,Bonkna,2025-01,116,-10.57603448275862,-14.3,-8.19
Madhya Pradesh,CHHATARPUR,Bonkna,2025-02,87,-15.553218390804597,-21.49,-12.21
Madhya Pradesh,CHHATARPUR,Bonkna,2025-03,120,-17.06575,-22.07,-13.16
Madhya Pradesh,CHHATARPUR,Bonkna,2025-04,89,-18.249101123595505,-21.15,-14.12
Madhya Pradesh,CHHATARPUR,Bonkna,2025-05,88,-18.31090909090909,-21.62,-15.02
Madhya Pradesh,CHHATARPUR,Bonkna,2025-06,97,-13.855876288659793,-16.97,-8.01
Madhya Pradesh,CHHATARPUR,Bonkna,2025-07,85,-2.850235294117647,-7.83,-0.88
Madhya Pradesh,CHHATARPUR,Bonkna,2025-08,78,-1.3848717948717948,-1.61,-1.06
Madhya Pradesh,CHHATARPUR,Bonkna,2025-09,64,-1.73703125,-1.94,-1.53
Madhya Pradesh,CHHATARPUR,Bonkna,2025-10,84,-2.6095238095238096,-3.0,-2.26
Madhya Pradesh,CHHATARPUR,Bonkna,2025-11,47,-3.8476595744680853,-4.34,-3.15
Madhya Pradesh,CHHATARPUR,Bonkna,2025-12,68,-6.033823529411765,-7.21,-4.62
Madhya Pradesh,CHHATARPUR,Chhatarpur(S)_1,2023-10,42,-1.7004761904761905,-1.81,-1.57
Madhya Pradesh,CHHATARPUR,Chhatarpur(S)_1,2023-11,112,-2.148392857142857,-2.6,-1.8
Madhya Pradesh,CHHATARPUR,Chhatarpur(S)_1,2023-12,120,-2.565916666666667,-2.86,-2.36
Madhya Pradesh,CHHATARPUR,Chhatarpur(S)_1,2024-01,124,-3.0770967741935484,-3.32,-2.85
Madhya Pradesh,CHHATARPUR,Chhatarpur(S)_1,2024-02,112,-3.467589285714286,-3.8,-3.29
Madhya Pradesh,CHHATARPUR,Chhatarpur(S)_1,2024-03,124,-3.867983870967742,-4.25,-3.55
Madhya Pradesh,CHHATARPUR,Chhatarpur(S)_1,2024-04,112,-4.628125,-5.26,-4.17
Madhya Pradesh,CHHATARPUR,Chhatarpur(S)_1,2024-05,100,-5.7663,-6.44,-5.11
Madhya Pradesh,CHHATARPUR,Chhatarpur(S)_1,2024-06,116,-6.743879310344827,-6.96,-6.37
Madhya Pradesh,CHHATARPUR,Chhatarpur(S)_1,2024-07,120,-5.2345,-6.35,-4.0
Madhya Pradesh,CHHATARPUR,Chhatarpur(S)_1,2024-08,92,-3.054239130434783,-4.43,-1.64
Madhya Pradesh,CHHATARPUR,Chhatarpur(S)_1,2024-09,112,-1.1063392857142857,-1.76,-0.53
Madhya Pradesh,CHHATARPUR,Chhatarpur(S)_1,2024-10,116,-1.2655172413793105,-1.92,-0.58
Madhya Pradesh,CHHATARPUR,Chhatarpur(S)_1,2024-11,101,-2.3718811881188118,-2.92,-1.86
Madhya Pradesh,CHHATARPUR,Chhatarpur(S)_1,2024-12,88,-3.2113636363636364,-3.53,-2.87
Madhya Pradesh,CHHATARPUR,Chhatarpur(S)_1,2025-01,116,-3.706120689655173,-4.24,-3.36
Madhya Pradesh,CHHATARPUR,Chhatarpur(S)_1,2025-02,87,-4.83632183908046,-5.34,-4.38
Madhya Pradesh,CHHATARPUR,Chhatarpur(S)_1,2025-03,120,-5.850333333333333,-6.38,-5.33
Madhya Pradesh,CHHATARPUR,Chhatarpur(S)_1,2025-04,85,-6.655411764705883,-7.09,-6.32
Madhya Pradesh,CHHATARPUR,Chhatarpur(S)_1,2025-05,88,-7.319318181818182,-7.56,-6.96
Madhya Pradesh,CHHATARPUR,Chhatarpur(S)_1,2025-06,98,-7.333673469387755,-7.88,-5.75
Madhya Pradesh,CHHATARPUR,Chhatarpur(S)_1,2025-07,95,-1.7429473684210524,-5.59,-0.27
Madhya Pradesh,CHHATARPUR,Chhatarpur(S)_1,2025-08,86,-0.5633720930232559,-0.82,-0.28
Madhya Pradesh,CHHATARPUR,Chhatarpur(S)_1,2025-09,85,-0.6323529411764706,-1.07,-0.34
Madhya Pradesh,CHHATARPUR,Chhatarpur(S)_1,2025-10,101,-1.4941584158415842,-1.83,1.0
Madhya Pradesh,CHHATARPUR,Chhatarpur(S)_1,2025-11,60,-2.037666666666667,-2.37,-1.81
Madhya Pradesh,CHHATARPUR,Chhatarpur(S)_1,2025-12,63,-1.3303174603174603,-3.19,1.0
Madhya Pradesh,CHHATARPUR,Futera kalan,2023-10,38,-34.881052631578946,-35.13,-34.63
Madhya Pradesh,CHHATARPUR,Futera kalan,2023-11,112,-36.19598214285714,-37.04,-35.17
Madhya Pradesh,CHHATARPUR,Futera kalan,2023-12,116,-37.42206896551724,-38.18,-36.94
Madhya Pradesh,CHHATARPUR,Futera kalan,2024-01,124,-38.479516129032255,-38.97,-38.18
Madhya Pradesh,CHHATARPUR,Futera kalan,2024-02,112,-39.37642857142857,-39.73,-38.96
Madhya Pradesh,CHHATARPUR,Futera kalan,2024-03,124,-40.02516129032258,-40.24,-39.69
Madhya Pradesh,CHHATARPUR,Futera kalan,2024-04,108,-40.29111111111111,-40.53,-40.06
Madhya Pradesh,CHHATARPUR,Futera kalan,2024-05,104,-40.817211538461535,-41.03,-40.52
Madhya Pradesh,CHHATARPUR,Futera kalan,2024-06,116,-40.916293103448275,-41.06,-40.74
Madhya Pradesh,CHHATARPUR,Futera kalan,2024-07,120,-40.28641666666667,-40.73,-39.59
Madhya Pradesh,CHHATARPUR,Futera kalan,2024-08,104,-37.89730769230769,-39.58,-36.54
Madhya Pradesh,CHHATARPUR,Futera kalan,2024-09,108,-35.039537037037036,-36.53,-33.55
Madhya Pradesh,CHHATARPUR,Futera kalan,2024-10,116,-33.352586206896554,-33.54,-33.27
Madhya Pradesh,CHHATARPUR,Futera kalan,2024-11,105,-34.771904761904764,-35.76,-33.47
Madhya Pradesh,CHHATARPUR,Futera kalan,2024-12,92,-34.51565217391305,-35.75,-33.46
Madhya Pradesh,CHHATARPUR,Futera kalan,2025-01,116,-35.243189655172415,-35.83,-34.65
Madhya Pradesh,CHHATARPUR,Futera kalan,2025-02,87,-34.34954022988506,-36.32,-28.15
Madhya Pradesh,CHHATARPUR,Futera kalan,2025-03,116,-35.58681034482758,-36.8,-25.78
Madhya Pradesh,CHHATARPUR,Futera kalan,2025-04,85,-35.53023529411765,-36.99,-31.01
Madhya Pradesh,CHHATARPUR,Futera kalan,2025-05,84,-36.857142857142854,-37.1,-35.79
Madhya Pradesh,CHHATARPUR,Futera kalan,2025-06,101,-35.586633663366335,-36.92,-22.7
Madhya Pradesh,CHHATARPUR,Futera kalan,2025-07,94,-32.05723404255319,-35.47,-28.65
Madhya Pradesh,CHHATARPUR,Futera kalan,2025-08,89,-28.98258426966292,-29.36,-28.28
Madhya Pradesh,CHHATARPUR,Futera kalan,2025-09,78,-26.709743589743592,-28.61,-15.62
Madhya Pradesh,CHHATARPUR,Futera kalan,2025-10,106,-28.679056603773585,-30.26,-27.35
Madhya Pradesh,CHHATARPUR,Futera kalan,2025-11,53,-23.053584905660376,-30.7,1.0
Madhya Pradesh,CHHATARPUR,Gaharwar OW,2024-01,76,-8.850526315789473,-9.03,-8.68
Madhya Pradesh,CHHATARPUR,Gaharwar OW,2024-02,116,-9.53948275862069,-10.59,-9.04
Madhya Pradesh,CHHATARPUR,Gaharwar OW,2024-03,125,-9.1104,-10.21,-8.17
Madhya Pradesh,CHHATARPUR,Gaharwar OW,2024-04,120,-6.65,-8.22,-5.47
Madhya Pradesh,CHHATARPUR,Gaharwar OW,2024-05,124,-6.150564516129032,-6.63,-1.0
Madhya Pradesh,CHHATARPUR,Gaharwar OW,2024-06,120,-6.979,-7.16,-6.63
Madhya Pradesh,CHHATARPUR,Gaharwar OW,2024-07,125,-7.12184,-10.56,-7.0
Madhya Pradesh,CHHATARPUR,Gaharwar OW,2024-08,124,-7.094838709677419,-7.16,-7.0
Madhya Pradesh,CHHATARPUR,Gaharwar OW,2024-09,120,-7.093,-7.16,-7.0
Madhya Pradesh,CHHATARPUR,Gaharwar OW,2024-10,124,-7.090725806451613,-7.16,-7.0
Madhya Pradesh,CHHATARPUR,Gaharwar OW,2024-11,96,-7.555312499999999,-7.86,-7.08
Madhya Pradesh,CHHATARPUR,Gaharwar OW,2024-12,72,-8.184861111111111,-8.34,-7.87
Madhya Pradesh,CHHATARPUR,Gaharwar OW,2025-01,105,-8.424666666666667,-8.74,1.0
Madhya Pradesh,CHHATARPUR,Gaharwar OW,2025-02,31,-9.139354838709677,-9.35,-8.84
Madhya Pradesh,CHHATARPUR,Gaharwar OW,2025-03,120,-9.684083333333332,-10.01,-9.35
Madhya Pradesh,CHHATARPUR,Gaharwar OW,2025-04,88,-10.287954545454546,-10.61,-10.02
Madhya Pradesh,CHHATARPUR,Gaharwar OW,2025-05,33,-10.702909090909092,-10.757,-10.62
Madhya Pradesh,CHHATARPUR,Gaharwar OW,2025-06,27,-9.545555555555556,-10.759,-8.119
Madhya Pradesh,CHHATARPUR,Gaharwar OW,2025-07,80,-4.197912499999999,-8.006,-1.455
Madhya Pradesh,CHHATARPUR,Gaharwar OW,2025-08,86,-4.6571162790697676,-4.954,-4.252
Madhya Pradesh,CHHATARPUR,Gaharwar OW,2025-09,79,-4.651987341772152,-5.228,-3.841
Madhya Pradesh,CHHATARPUR,Gaharwar OW,2025-10,112,-5.2977767857142855,-5.671,1.0
Madhya Pradesh,CHHATARPUR,Gaharwar OW,2025-11,35,-5.581885714285714,-5.751,-5.454
Madhya Pradesh,CHHATARPUR,Ganj(S)_1,2023-10,34,-6.2817647058823525,-6.47,-5.89
Madhya Pradesh,CHHATARPUR,Ganj(S)_1,2023-11,112,-6.991875,-7.57,-6.36
Madhya Pradesh,CHHATARPUR,Ganj(S)_1,2023-12,120,-8.1125,-8.63,-7.58
Madhya Pradesh,CHHATARPUR,Ganj(S)_1,2024-01,124,-8.827741935483871,-9.24,-8.46
Madhya Pradesh,CHHATARPUR,Ganj(S)_1,2024-02,112,-9.534196428571429,-9.83,-9.22
Madhya Pradesh,CHHATARPUR,Ganj(S)_1,2024-03,124,-10.19741935483871,-10.56,-9.83
Madhya Pradesh,CHHATARPUR,Ganj(S)_1,2024-04,108,-10.880555555555555,-11.15,-10.55
Madhya Pradesh,CHHATARPUR,Ganj(S)_1,2024-05,116,-11.437068965517241,-11.73,-11.16
Madhya Pradesh,CHHATARPUR,Ganj(S)_1,2024-06,116,-12.02198275862069,-12.28,-11.74
Madhya Pradesh,CHHATARPUR,Ganj(S)_1,2024-07,124,-12.189596774193548,-12.39,-11.5
Madhya Pradesh,CHHATARPUR,Ganj(S)_1,2024-08,100,-8.2502,-11.48,-5.05
Madhya Pradesh,CHHATARPUR,Ganj(S)_1,2024-09,112,-4.515803571428571,-5.22,-3.85
Madhya Pradesh,CHHATARPUR,Ganj(S)_1,2024-10,116,-4.8148275862068965,-5.99,1.0
Madhya Pradesh,CHHATARPUR,Ganj(S)_1,2024-11,108,-6.660925925925926,-7.28,-6.0
Madhya Pradesh,CHHATARPUR,Ganj(S)_1,2024-12,93,-7.744408602150537,-8.16,-7.28
Madhya Pradesh,CHHATARPUR,Ganj(S)_1,2025-01,116,-8.577586206896552,-8.97,-8.27
Madhya Pradesh,CHHATARPUR,Ganj(S)_1,2025-02,87,-9.412528735632185,-9.97,-9.04
Madhya Pradesh,CHHATARPUR,Ganj(S)_1,2025-03,117,-10.51017094017094,-11.07,-9.97
Madhya Pradesh,CHHATARPUR,Ganj(S)_1,2025-04,84,-11.359523809523811,-11.66,-11.11
Madhya Pradesh,CHHATARPUR,Ganj(S)_1,2025-05,88,-12.03715909090909,-12.28,-11.67
Madhya Pradesh,CHHATARPUR,Ganj(S)_1,2025-06,97,-12.392577319587629,-12.59,-11.72
Madhya Pradesh,CHHATARPUR,Ganj(S)_1,2025-07,98,-6.878367346938776,-11.69,-3.06
Madhya Pradesh,CHHATARPUR,Ganj(S)_1,2025-08,89,-3.3640449438202245,-3.65,-3.02
Madhya Pradesh,CHHATARPUR,Ganj(S)_1,2025-09,80,-3.84075,-4.18,-3.6
Madhya Pradesh,CHHATARPUR,Ganj(S)_1,2025-10,101,-5.208118811881188,-6.2,-4.22
Madhya Pradesh,CHHATARPUR,Ganj(S)_1,2025-11,47,-6.600425531914893,-7.1,-6.22
Madhya Pradesh,CHHATARPUR,Ganj(S)_1,2025-12,66,-8.017272727272728,-8.77,-7.17
Madhya Pradesh,CHHINDWARA,Bichhua(D)_1,2023-10,12,-14.853333333333333,-19.09,-14.12
Madhya Pradesh,CHHINDWARA,Bichhua(D)_1,2023-11,112,-17.490000000000002,-19.11,-14.72
Madhya Pradesh,CHHINDWARA,Bichhua(D)_1,2023-12,120,-19.018083333333333,-19.11,-18.34
Madhya Pradesh,CHHINDWARA,Bichhua(D)_1,2024-01,124,-19.061612903225804,-19.11,-18.62
Madhya Pradesh,CHHINDWARA,Bichhua(D)_1,2024-02,112,-19.103749999999998,-19.11,-19.1
Madhya Pradesh,CHHINDWARA,Bichhua(D)_1,2024-03,124,-19.108709677419355,-19.11,-19.1
Madhya Pradesh,CHHINDWARA,Bichhua(D)_1,2024-04,112,-19.109999999999996,-19.11,-19.11
Madhya Pradesh,CHHINDWARA,Bichhua(D)_1,2024-05,116,-19.11,-19.11,-19.11
Madhya Pradesh,CHHINDWARA,Bichhua(D)_1,2024-06,116,-19.115000000000002,-19.12,-19.11
Madhya Pradesh,CHHINDWARA,Bichhua(D)_1,2024-07,124,-16.809193548387096,-19.12,-11.95
Madhya Pradesh,CHHINDWARA,Bichhua(D)_1,2024-08,104,-10.524134615384614,-12.74,-8.34
Madhya Pradesh,CHHINDWARA,Bichhua(D)_1,2024-09,112,-10.330267857142857,-11.87,-9.25
Madhya Pradesh,CHHINDWARA,Bichhua(D)_1,2024-10,116,-13.06448275862069,-17.33,-11.28
Madhya Pradesh,CHHINDWARA,Bichhua(D)_1,2024-11,108,-17.174166666666665,-19.15,-14.6
Madhya Pradesh,CHHINDWARA,Bichhua(D)_1,2024-12,97,-19.101958762886596,-19.19,-18.5
Madhya Pradesh,CHHINDWARA,Bichhua(D)_1,2025-01,116,-19.1301724137931,-19.14,-19.13
Madhya Pradesh,CHHINDWARA,Bichhua(D)_1,2025-02,83,-19.131204819277105,-19.14,-19.13
Madhya Pradesh,CHHINDWARA,Bichhua(D)_1,2025-03,120,-19.133666666666667,-19.14,-19.13
Madhya Pradesh,CHHINDWARA,Bichhua(D)_1,2025-04,105,-19.139238095238095,-19.14,-19.13
Madhya Pradesh,CHHINDWARA,Bichhua(D)_1,2025-05,84,-19.14,-19.14,-19.14
Madhya Pradesh,CHHINDWARA,Bichhua(D)_1,2025-06,101,-19.14,-19.14,-19.14
Madhya Pradesh,CHHINDWARA,Bichhua(D)_1,2025-07,97,-18.70278350515464,-19.15,-16.56
Madhya Pradesh,CHHINDWARA,Bichhua(D)_1,2025-08,93,-15.167096774193547,-19.15,-10.22
Madhya Pradesh,CHHINDWARA,Bichhua(D)_1,2025-09,68,-10.913382352941177,-13.5,-10.48
Madhya Pradesh,CHHINDWARA,Bichhua(D)_1,2025-10,108,-12.836481481481481,-16.26,-11.65
Madhya Pradesh,CHHINDWARA,Bichhua(D)_1,2025-11,58,-15.944482758620689,-19.17,-14.12
Madhya Pradesh,CHHINDWARA,Bichhua(D)_1,2025-12,60,-18.805166666666665,-19.21,-16.49
Madhya Pradesh,CHHINDWARA,Chaurai(D)_1,2023-10,10,-4.567,-4.65,-4.45
Madhya Pradesh,CHHINDWARA,Chaurai(D)_1,2023-11,112,-5.7352678571428575,-6.89,-4.68
Madhya Pradesh,CHHINDWARA,Chaurai(D)_1,2023-12,116,-6.999137931034483,-7.69,-6.44
Madhya Pradesh,CHHINDWARA,Chaurai(D)_1,2024-01,124,-7.881532258064516,-8.58,-7.44
Madhya Pradesh,CHHINDWARA,Chaurai(D)_1,2024-02,112,-8.821428571428571,-9.33,-8.41
Madhya Pradesh,CHHINDWARA,Chaurai(D)_1,2024-03,124,-9.307338709677419,-9.77,-8.99
Madhya Pradesh,CHHINDWARA,Chaurai(D)_1,2024-04,108,-9.989074074074074,-10.45,-9.61
Madhya Pradesh,CHHINDWARA,Chaurai(D)_1,2024-05,104,-10.787980769230769,-11.36,-10.32
Madhya Pradesh,CHHINDWARA,Chaurai(D)_1,2024-06,112,-11.593839285714285,-11.92,-11.27
Madhya Pradesh,CHHINDWARA,Chaurai(D)_1,2024-07,120,-7.506,-11.91,-1.54
Madhya Pradesh,CHHINDWARA,Chaurai(D)_1,2024-08,96,-1.6715625,-2.14,-1.35
Madhya Pradesh,CHHINDWARA,Chaurai(D)_1,2024-09,112,-2.07875,-2.78,-1.39
Madhya Pradesh,CHHINDWARA,Chaurai(D)_1,2024-10,116,-2.5180172413793103,-3.35,-1.48
Madhya Pradesh,CHHINDWARA,Chaurai(D)_1,2024-11,108,-4.277962962962963,-5.64,-2.95
Madhya Pradesh,CHHINDWARA,Chaurai(D)_1,2024-12,85,-6.180470588235295,-6.84,-5.51
Madhya Pradesh,CHHINDWARA,Chaurai(D)_1,2025-01,116,-7.07396551724138,-7.82,-6.36
Madhya Pradesh,CHHINDWARA,Chaurai(D)_1,2025-02,87,-8.512298850574712,-9.24,-8.05
Madhya Pradesh,CHHINDWARA,Chaurai(D)_1,2025-03,120,-9.6375,-10.69,-8.93
Madhya Pradesh,CHHINDWARA,Chaurai(D)_1,2025-04,104,-11.336346153846154,-12.39,-10.12
Madhya Pradesh,CHHINDWARA,Chaurai(D)_1,2025-05,84,-12.163333333333334,-12.4,-11.35
Madhya Pradesh,CHHINDWARA,Chaurai(D)_1,2025-06,101,-12.061584158415842,-12.4,-11.08
Madhya Pradesh,CHHINDWARA,Chaurai(D)_1,2025-07,98,-5.545816326530613,-11.2,-1.86
Madhya Pradesh,CHHINDWARA,Chaurai(D)_1,2025-08,85,-2.174235294117647,-2.91,-1.66
Madhya Pradesh,CHHINDWARA,Chaurai(D)_1,2025-09,77,-1.959220779220779,-2.43,-1.62
Madhya Pradesh,CHHINDWARA,Chaurai(D)_1,2025-10,91,-3.21043956043956,-4.51,-2.07
Madhya Pradesh,CHHINDWARA,Chaurai(D)_1,2025-11,60,-4.577666666666667,-5.17,-4.03
Madhya Pradesh,CHHINDWARA,Chaurai(D)_1,2025-12,76,-6.614868421052631,-7.24,-5.59
Madhya Pradesh,DAMOH,Abhana_1,2023-10,27,-3.017777777777778,-3.05,-2.98
Madhya Pradesh,DAMOH,Abhana_1,2023-11,112,-3.1786607142857144,-3.36,-3.02
Madhya Pradesh,DAMOH,Abhana_1,2023-12,120,-3.072416666666667,-3.28,-2.75
Madhya Pradesh,DAMOH,Abhana_1,2024-01,104,-3.325576923076923,-3.45,-2.87
Madhya Pradesh,DAMOH,Abhana_1,2024-02,112,-3.4864285714285717,-3.63,-3.37
Madhya Pradesh,DAMOH,Abhana_1,2024-03,124,-3.659758064516129,-4.14,-3.09
Madhya Pradesh,DAMOH,Abhana_1,2024-04,112,-4.063125,-4.3,-3.64
Madhya Pradesh,DAMOH,Abhana_1,2024-05,116,-4.33051724137931,-4.47,-4.15
Madhya Pradesh,DAMOH,Abhana_1,2024-06,116,-4.560431034482758,-4.86,-4.18
Madhya Pradesh,DAMOH,Abhana_1,2024-07,116,-3.349051724137931,-4.19,-2.33
Madhya Pradesh,DAMOH,Abhana_1,2024-08,112,-2.484017857142857,-2.88,-2.08
Madhya Pradesh,DAMOH,Abhana_1,2024-09,112,-2.249285714285714,-2.67,-1.63
Madhya Pradesh,DAMOH,Abhana_1,2024-10,116,-2.637068965517241,-2.87,-2.37
Madhya Pradesh,DAMOH,Abhana_1,2024-11,109,-3.03697247706422,-3.15,-2.86
Madhya Pradesh,DAMOH,Abhana_1,2024-12,92,-3.2101086956521736,-3.27,-3.13
Madhya Pradesh,DAMOH,Abhana_1,2025-01,116,-2.810862068965517,-3.18,-1.89
Madhya Pradesh,DAMOH,Abhana_1,2025-02,87,-0.7929885057471264,-1.66,0.13
Madhya Pradesh,DAMOH,Abhana_1,2025-03,120,0.7128333333333333,0.14,1.2
Madhya Pradesh,DAMOH,Abhana_1,2025-04,97,1.324742268041237,1.18,1.44
Madhya Pradesh,DAMOH,Abhana_1,2025-05,88,1.4572727272727273,1.36,1.55
Madhya Pradesh,DAMOH,Abhana_1,2025-06,101,1.608811881188119,1.42,2.07
Madhya Pradesh,DAMOH,Abhana_1,2025-07,98,5.40969387755102,2.08,9.22
Madhya Pradesh,DAMOH,Abhana_1,2025-08,89,10.785842696629214,9.24,11.78
Madhya Pradesh,DAMOH,Abhana_1,2025-09,84,10.92142857142857,10.37,11.36
Madhya Pradesh,DAMOH,Abhana_1,2025-10,102,9.625686274509805,8.52,10.36
Madhya Pradesh,DAMOH,Abhana_1,2025-11,82,9.776463414634145,8.16,11.39
Madhya Pradesh,DAMOH,Abhana_1,2025-12,96,13.118229166666666,12.02,13.81
Madhya Pradesh,DAMOH,Bamhori Lidai,2023-10,26,-13.72,-15.51,-12.57
Madhya Pradesh,DAMOH,Bamhori Lidai,2023-11,112,-18.25482142857143,-22.04,-14.54
Madhya Pradesh,DAMOH,Bamhori Lidai,2023-12,120,-22.36525,-24.45,-19.29
Madhya Pradesh,DAMOH,Bamhori Lidai,2024-01,124,-20.36798387096774,-23.21,-18.15
Madhya Pradesh,DAMOH,Bamhori Lidai,2024-02,112,-22.445267857142856,-23.69,-21.27
Madhya Pradesh,DAMOH,Bamhori Lidai,2024-03,124,-22.776451612903227,-28.16,-19.01
Madhya Pradesh,DAMOH,Bamhori Lidai,2024-04,112,-28.160625000000003,-28.17,-27.82
Madhya Pradesh,DAMOH,Bamhori Lidai,2024-05,116,-28.166120689655173,-28.17,-28.16
Madhya Pradesh,DAMOH,Bamhori Lidai,2024-06,116,-27.466120689655174,-28.17,-24.86
Madhya Pradesh,DAMOH,Bamhori Lidai,2024-07,112,-17.599732142857142,-24.73,-10.45
Madhya Pradesh,DAMOH,Bamhori Lidai,2024-08,100,-6.444,-10.37,-3.66
Madhya Pradesh,DAMOH,Bamhori Lidai,2024-09,104,-3.0333653846153847,-4.49,-1.96
Madhya Pradesh,DAMOH,Bamhori Lidai,2024-10,116,-4.5183620689655175,-9.37,-2.93
Madhya Pradesh,DAMOH,Bamhori Lidai,2024-11,108,-10.452685185185187,-15.33,-6.59
Madhya Pradesh,DAMOH,Bamhori Lidai,2024-12,85,-16.544470588235292,-20.54,-12.15
Madhya Pradesh,DAMOH,Bamhori Lidai,2025-01,60,-16.164183333333334,-20.55,-13.59
Madhya Pradesh,DAMOH,Bamhori Lidai,2025-02,39,-21.789846153846153,-24.38,-20.001
Madhya Pradesh,DAMOH,Bamhori Lidai,2025-03,58,-22.723344827586207,-25.485,-20.656
Madhya Pradesh,DAMOH,Bamhori Lidai,2025-04,64,-27.925484375,-28.091,-25.338
Madhya Pradesh,DAMOH,Bamhori Lidai,2025-05,44,-28.08193181818182,-28.093,-28.077
Madhya Pradesh,DAMOH,Bamhori Lidai,2025-06,51,-27.33394117647059,-28.089,-23.697
Madhya Pradesh,DAMOH,Bamhori Lidai,2025-07,51,-13.696196078431372,-23.593,-7.058
Madhya Pradesh,DAMOH,Bamhori Lidai,2025-08,47,-5.963127659574468,-6.988,-4.913
Madhya Pradesh,DAMOH,Bamhori Lidai,2025-09,44,-4.27575,-4.968,-3.919
Madhya Pradesh,DAMOH,Bamhori Lidai,2025-10,61,-4.870901639344262,-6.83,-3.939
Madhya Pradesh,DAMOH,Bamhori Lidai,2025-11,29,-8.636655172413793,-11.879,1.0
Madhya Pradesh,DAMOH,Bamhori Lidai,2025-12,52,-16.461557692307693,-18.47,-12.172
Madhya Pradesh,DAMOH,Bichhiya_1,2023-10,27,-0.9925925925925926,-1.46,-0.67
Madhya Pradesh,DAMOH,Bichhiya_1,2023-11,112,-2.386517857142857,-4.86,-0.77
Madhya Pradesh,DAMOH,Bichhiya_1,2023-12,120,-1.1996666666666667,-2.73,-0.56
Madhya Pradesh,DAMOH,Bichhiya_1,2024-01,124,-2.6200806451612904,-6.46,-0.83
Madhya Pradesh,DAMOH,Bichhiya_1,2024-02,112,-6.4825,-6.63,-4.35
Madhya Pradesh,DAMOH,Bichhiya_1,2024-03,124,-6.620322580645161,-6.63,-6.62
Madhya Pradesh,DAMOH,Bichhiya_1,2024-04,112,-6.622142857142857,-6.63,-6.62
Madhya Pradesh,DAMOH,Bichhiya_1,2024-05,104,-6.6280769230769225,-6.63,-6.62
Madhya Pradesh,DAMOH,Bichhiya_1,2024-06,116,-6.630000000000001,-6.63,-6.63
Madhya Pradesh,DAMOH,Bichhiya_1,2024-07,124,-6.63,-6.63,-6.63
Madhya Pradesh,DAMOH,Bichhiya_1,2024-08,13,-4.167692307692308,-6.47,-0.85
Madhya Pradesh,DAMOH,Damoh(D)_1,2023-10,31,-2.056774193548387,-2.12,-1.99
Madhya Pradesh,DAMOH,Damoh(D)_1,2023-11,112,-2.2868749999999998,-2.42,-2.12
Madhya Pradesh,DAMOH,Damoh(D)_1,2023-12,120,-2.3454166666666665,-2.41,-2.25
Madhya Pradesh,DAMOH,Damoh(D)_1,2024-01,124,-2.2859677419354836,-2.41,-2.17
Madhya Pradesh,DAMOH,Damoh(D)_1,2024-02,112,-2.4848214285714287,-2.57,-2.4
Madhya Pradesh,DAMOH,Damoh(D)_1,2024-03,124,-2.6842741935483874,-2.8,-2.55
Madhya Pradesh,DAMOH,Damoh(D)_1,2024-04,112,-2.758482142857143,-2.9,1.0
Madhya Pradesh,DAMOH,Damoh(D)_1,2024-05,120,-3.0569166666666665,-3.28,-2.91
Madhya Pradesh,DAMOH,Damoh(D)_1,2024-06,112,-3.255267857142857,-3.69,-2.23
Madhya Pradesh,DAMOH,Damoh(D)_1,2024-07,120,-1.4385833333333333,-2.77,-0.48
Madhya Pradesh,DAMOH,Damoh(D)_1,2024-08,96,-0.6945833333333334,-1.13,-0.48
Madhya Pradesh,DAMOH,Damoh(D)_1,2024-09,112,-0.8592857142857142,-1.54,-0.44
Madhya Pradesh,DAMOH,Damoh(D)_1,2024-10,116,-1.6016379310344826,-1.99,-0.81
Madhya Pradesh,DAMOH,Damoh(D)_1,2024-11,109,-2.2089908256880735,-2.38,-1.99
Madhya Pradesh,DAMOH,Damoh(D)_1,2024-12,92,-2.4715217391304347,-2.53,-2.37
Madhya Pradesh,DAMOH,Damoh(D)_1,2025-01,116,-2.3842241379310343,-2.47,-2.31
Madhya Pradesh,DAMOH,Damoh(D)_1,2025-02,87,-2.5255172413793106,-2.59,-2.44
Madhya Pradesh,DAMOH,Damoh(D)_1,2025-03,120,-2.692333333333333,-2.78,-2.6
Madhya Pradesh,DAMOH,Damoh(D)_1,2025-04,101,-2.8690099009900987,-2.97,-2.77
Madhya Pradesh,DAMOH,Damoh(D)_1,2025-05,87,-3.074712643678161,-3.13,-2.99
Madhya Pradesh,DAMOH,Damoh(D)_1,2025-06,101,-2.7558415841584156,-3.12,-2.03
Madhya Pradesh,DAMOH,Damoh(D)_1,2025-07,98,-0.844795918367347,-2.03,-0.46
Madhya Pradesh,DAMOH,Damoh(D)_1,2025-08,93,-0.7065591397849463,-1.28,-0.49
Madhya Pradesh,DAMOH,Damoh(D)_1,2025-09,84,-0.7902380952380952,-1.26,-0.51
Madhya Pradesh,DAMOH,Damoh(D)_1,2025-10,102,-1.6998039215686274,-1.95,-1.28
Madhya Pradesh,DAMOH,Damoh(D)_1,2025-11,61,-2.2206557377049183,-2.37,-1.96
Madhya Pradesh,DAMOH,Damoh(D)_1,2025-12,70,-2.4742857142857146,-2.51,-2.38
Madhya Pradesh,DAMOH,Futera kalan,2023-12,82,-19.21,-19.21,-19.21
Madhya Pradesh,DAMOH,Futera kalan,2024-01,124,-18.50153225806452,-19.22,-15.8
Madhya Pradesh,DAMOH,Futera kalan,2024-02,112,-19.208482142857143,-19.21,-19.2
Madhya Pradesh,DAMOH,Futera kalan,2024-03,124,-19.20241935483871,-19.21,-19.2
Madhya Pradesh,DAMOH,Futera kalan,2024-04,112,-19.2,-19.2,-19.2
Madhya Pradesh,DAMOH,Futera kalan,2024-05,116,-15.891379310344826,-19.2,1.0
Madhya Pradesh,DAMOH,Futera kalan,2024-06,116,-19.199827586206894,-19.2,-19.19
Madhya Pradesh,DAMOH,Futera kalan,2024-07,112,-16.968214285714286,-19.2,-11.81
Madhya Pradesh,DAMOH,Futera kalan,2024-08,96,-8.817395833333334,-13.19,-6.09
Madhya Pradesh,DAMOH,Futera kalan,2024-09,112,-4.377053571428571,-7.96,-2.18
Madhya Pradesh,DAMOH,Futera kalan,2024-10,116,-5.7332758620689654,-12.66,-2.77
Madhya Pradesh,DAMOH,Futera kalan,2024-11,5,-8.55,-10.01,-7.77
Madhya Pradesh,DAMOH,Futera kalan,2024-12,17,-15.579411764705883,-19.15,-12.32
Madhya Pradesh,DAMOH,Futera kalan,2025-01,111,-9.766621621621622,-19.185,1.0
Madhya Pradesh,DAMOH,Futera kalan,2025-02,83,-6.539204819277109,-19.189,1.0
Madhya Pradesh,DAMOH,Futera kalan,2025-03,120,-19.013508333333334,-19.186,1.0
Madhya Pradesh,DAMOH,Futera kalan,2025-04,88,-19.178829545454548,-19.182,-19.174
Madhya Pradesh,DAMOH,Futera kalan,2025-05,84,-18.93697619047619,-19.18,1.0
Madhya Pradesh,DAMOH,Futera kalan,2025-06,101,-19.175831683168315,-19.18,-19.174
Madhya Pradesh,DAMOH,Futera kalan,2025-07,98,-13.047540816326531,-19.177,-8.289
Madhya Pradesh,DAMOH,Futera kalan,2025-08,86,-7.710325581395349,-10.47,-6.359
Madhya Pradesh,DAMOH,Futera kalan,2025-09,84,-3.752095238095238,-7.447,-2.833
Madhya Pradesh,DAMOH,Futera kalan,2025-10,116,-4.808146551724138,-11.762,-2.597
Madhya Pradesh,DAMOH,Futera kalan,2025-11,68,-10.331926470588236,-15.134,-6.299
Madhya Pradesh,DAMOH,Futera kalan,2025-12,42,-14.998809523809525,-19.021,-9.014
Madhya Pradesh,DAMOH,Hatta(D)_1,2023-10,27,-9.96,-10.08,-9.85
Madhya Pradesh,DAMOH,Hatta(D)_1,2023-11,112,-10.111785714285714,-10.41,-9.93
Madhya Pradesh,DAMOH,Hatta(D)_1,2023-12,120,-10.193833333333334,-10.52,-10.12
Madhya Pradesh,DAMOH,Hatta(D)_1,2024-01,124,-10.08540322580645,-10.82,-9.87
Madhya Pradesh,DAMOH,Hatta(D)_1,2024-02,112,-10.174732142857142,-10.47,-10.02
Madhya Pradesh,DAMOH,Hatta(D)_1,2024-03,120,-10.594333333333333,-12.16,-10.38
Madhya Pradesh,DAMOH,Hatta(D)_1,2024-04,112,-10.804107142857143,-12.15,-10.66
Madhya Pradesh,DAMOH,Hatta(D)_1,2024-05,116,-10.773189655172414,-12.12,-10.58
Madhya Pradesh,DAMOH,Hatta(D)_1,2024-06,112,-11.097232142857143,-12.2,-10.49
Madhya Pradesh,DAMOH,Hatta(D)_1,2024-07,124,-9.339435483870966,-10.15,-8.37
Madhya Pradesh,DAMOH,Hatta(D)_1,2024-08,100,-7.7418,-9.04,-6.65
Madhya Pradesh,DAMOH,Hatta(D)_1,2024-09,112,-7.485357142857143,-8.45,-4.2
Madhya Pradesh,DAMOH,Hatta(D)_1,2024-10,116,-8.911293103448276,-10.6,-7.89
Madhya Pradesh,DAMOH,Hatta(D)_1,2024-11,112,-9.55642857142857,-10.92,-9.19
Madhya Pradesh,DAMOH,Hatta(D)_1,2024-12,89,-10.048876404494383,-10.99,-9.59
Madhya Pradesh,DAMOH,Hatta(D)_1,2025-01,116,-10.154913793103448,-10.95,-9.24
Madhya Pradesh,DAMOH,Hatta(D)_1,2025-02,87,-10.133563218390805,-11.2,-9.88
Madhya Pradesh,DAMOH,Hatta(D)_1,2025-03,120,-10.425916666666666,-11.6,-10.07
Madhya Pradesh,DAMOH,Hatta(D)_1,2025-04,108,-10.537592592592592,-11.82,-10.23
Madhya Pradesh,DAMOH,Hatta(D)_1,2025-05,88,-10.591363636363637,-11.09,-10.39
Madhya Pradesh,DAMOH,Hatta(D)_1,2025-06,101,-10.56940594059406,-11.69,-9.8
Madhya Pradesh,DAMOH,Hatta(D)_1,2025-07,94,-8.266382978723405,-9.85,-7.02
Madhya Pradesh,DAMOH,Hatta(D)_1,2025-08,85,-7.844352941176471,-8.71,-7.26
Madhya Pradesh,DAMOH,Hatta(D)_1,2025-09,80,-7.611624999999999,-8.36,-7.12
Madhya Pradesh,DAMOH,Hatta(D)_1,2025-10,106,-9.019150943396227,-9.89,-7.89
Madhya Pradesh,DAMOH,Hatta(D)_1,2025-11,63,-9.663333333333332,-10.44,-9.36
Madhya Pradesh,DAMOH,Hatta(D)_1,2025-12,71,-10.294366197183098,-11.62,-9.93
Madhya Pradesh,DATIA,Bargaon_3,2023-10,29,-12.895172413793103,-13.56,-11.63
Madhya Pradesh,DATIA,Bargaon_3,2023-11,112,-15.068482142857144,-15.58,-13.24
Madhya Pradesh,DATIA,Bargaon_3,2023-12,120,-14.859,-15.28,-14.41
Madhya Pradesh,DATIA,Bargaon_3,2024-01,124,-15.098870967741936,-15.44,-14.85
Madhya Pradesh,DATIA,Bargaon_3,2024-02,112,-15.640267857142858,-16.07,-15.3
Madhya Pradesh,DATIA,Bargaon_3,2024-03,124,-16.06967741935484,-16.25,-15.92
Madhya Pradesh,DATIA,Bargaon_3,2024-04,108,-16.146018518518517,-16.24,-16.1
Madhya Pradesh,DATIA,Bargaon_3,2024-05,120,-16.12216666666667,-16.25,-15.99
Madhya Pradesh,DATIA,Bargaon_3,2024-06,116,-16.46163793103448,-16.84,-16.2
Madhya Pradesh,DATIA,Bargaon_3,2024-07,120,-16.035666666666668,-16.84,-15.25
Madhya Pradesh,DATIA,Bargaon_3,2024-08,108,-9.711666666666666,-16.09,-5.05
Madhya Pradesh,DATIA,Bargaon_3,2024-09,116,-3.0618103448275864,-5.64,-1.33
Madhya Pradesh,DATIA,Bargaon_3,2024-10,80,-2.2852625,-3.092,-1.61
Madhya Pradesh,DATIA,Bargaon_3,2024-11,54,-4.224314814814814,-6.08,-3.123
Madhya Pradesh,DATIA,Bargaon_3,2024-12,51,-6.9635686274509805,-7.551,-6.142
Madhya Pradesh,DATIA,Bargaon_3,2025-01,58,-9.123103448275861,-9.989,-7.784
Madhya Pradesh,DATIA,Bargaon_3,2025-02,45,-12.622311111111111,-14.087,-10.762
Madhya Pradesh,DATIA,Bargaon_3,2025-03,60,-14.79245,-15.122,-14.141
Madhya Pradesh,DATIA,Bargaon_3,2025-04,55,-14.116381818181818,-15.002,-13.629
Madhya Pradesh,DATIA,Bargaon_3,2025-05,43,-13.518720930232558,-13.68,-13.305
Madhya Pradesh,DATIA,Bargaon_3,2025-06,51,-12.803627450980393,-13.401,-10.884
Madhya Pradesh,DATIA,Bargaon_3,2025-07,52,-3.5628076923076923,-10.919,-0.941
Madhya Pradesh,DATIA,Bargaon_3,2025-08,43,-1.4285813953488373,-2.086,-0.887
Madhya Pradesh,DATIA,Bargaon_3,2025-09,46,-0.9936956521739131,-1.406,-0.655
Madhya Pradesh,DATIA,Bargaon_3,2025-10,61,-1.3397540983606557,-1.707,-1.058
Madhya Pradesh,DATIA,Bargaon_3,2025-11,40,-1.63715,-2.117,-1.133
Madhya Pradesh,DATIA,Bargaon_3,2025-12,51,-3.1296470588235294,-3.991,-2.281
Madhya Pradesh,DEWAS,Bagli(D)_1,2023-05,27,-26.91296296296296,-26.94,-26.9
Madhya Pradesh,DEWAS,Bagli(D)_1,2023-06,80,-26.88625,-26.91,-26.85
Madhya Pradesh,DEWAS,Bagli(D)_1,2023-07,120,-26.408333333333335,-26.88,-24.85
Madhya Pradesh,DEWAS,Bagli(D)_1,2023-08,124,-20.939435483870966,-24.78,-17.58
Madhya Pradesh,DEWAS,Bagli(D)_1,2023-09,108,-13.82064814814815,-19.9,-8.39
Madhya Pradesh,DEWAS,Bagli(D)_1,2023-10,108,-15.626944444444446,-19.95,-13.2
Madhya Pradesh,DEWAS,Bagli(D)_1,2023-11,112,-24.46625,-26.03,-20.07
Madhya Pradesh,DEWAS,Bagli(D)_1,2023-12,120,-26.59075,-26.85,-25.96
Madhya Pradesh,DEWAS,Bagli(D)_1,2024-01,124,-26.84056451612903,-26.85,-26.83
Madhya Pradesh,DEWAS,Bagli(D)_1,2024-02,108,-26.83388888888889,-26.84,-26.82
Madhya Pradesh,DEWAS,Bagli(D)_1,2024-03,120,-26.831916666666665,-26.85,-26.81
Madhya Pradesh,DEWAS,Bagli(D)_1,2024-04,108,-26.823425925925925,-26.84,-26.8
Madhya Pradesh,DEWAS,Bagli(D)_1,2024-05,112,-26.827410714285715,-26.85,-26.81
Madhya Pradesh,DEWAS,Bagli(D)_1,2024-06,116,-26.83853448275862,-26.85,-26.82
Madhya Pradesh,DEWAS,Bagli(D)_1,2024-07,124,-26.611451612903227,-26.86,-24.93
Madhya Pradesh,DEWAS,Bagli(D)_1,2024-08,104,-18.65048076923077,-24.87,-10.79
Madhya Pradesh,DEWAS,Bagli(D)_1,2024-09,104,-12.952596153846153,-15.34,-10.56
Madhya Pradesh,DEWAS,Bagli(D)_1,2024-10,116,-8.99551724137931,-11.87,-6.97
Madhya Pradesh,DEWAS,Bagli(D)_1,2024-11,109,-19.354678899082568,-26.02,-9.28
Madhya Pradesh,DEWAS,Bagli(D)_1,2024-12,92,-26.695434782608697,-26.91,-25.98
Madhya Pradesh,DEWAS,Bagli(D)_1,2025-01,116,-26.894482758620686,-26.91,-26.85
Madhya Pradesh,DEWAS,Bagli(D)_1,2025-02,87,-26.894367816091954,-26.92,-26.85
Madhya Pradesh,DEWAS,Bagli(D)_1,2025-03,120,-26.895,-26.91,-26.85
Madhya Pradesh,DEWAS,Bagli(D)_1,2025-04,89,-26.87179775280899,-26.89,-26.86
Madhya Pradesh,DEWAS,Bagli(D)_1,2025-05,84,-26.863690476190477,-26.88,-26.85
Madhya Pradesh,DEWAS,Bagli(D)_1,2025-06,97,-26.863917525773196,-26.89,-26.82
Madhya Pradesh,DEWAS,Bagli(D)_1,2025-07,94,-26.42255319148936,-26.88,-25.38
Madhya Pradesh,DEWAS,Bagli(D)_1,2025-08,89,-23.443707865168538,-25.54,-14.56
Madhya Pradesh,DEWAS,Bagli(D)_1,2025-09,80,-13.349,-16.62,-10.7
Madhya Pradesh,DEWAS,Bagli(D)_1,2025-10,98,-9.647857142857143,-12.82,-8.07
Madhya Pradesh,DEWAS,Bagli(D)_1,2025-11,47,-14.349787234042555,-23.83,-8.51
Madhya Pradesh,DEWAS,Bagli(D)_1,2025-12,59,-26.183559322033897,-26.87,-24.59
Madhya Pradesh,DHAR,Amjhera(D)_1,2023-09,66,-17.21712121212121,-17.7,-16.13
Madhya Pradesh,DHAR,Amjhera(D)_1,2023-10,116,-15.936551724137932,-16.83,-15.45
Madhya Pradesh,DHAR,Amjhera(D)_1,2023-11,112,-17.78875,-18.33,-16.85
Madhya Pradesh,DHAR,Amjhera(D)_1,2023-12,120,-18.799833333333332,-19.05,-18.34
Madhya Pradesh,DHAR,Amjhera(D)_1,2024-01,124,-19.211129032258064,-19.41,-19.0
Madhya Pradesh,DHAR,Amjhera(D)_1,2024-02,112,-18.649642857142858,-19.32,-18.33
Madhya Pradesh,DHAR,Amjhera(D)_1,2024-03,124,-17.81298387096774,-18.32,-17.5
Madhya Pradesh,DHAR,Amjhera(D)_1,2024-04,112,-17.459017857142857,-17.57,-17.37
Madhya Pradesh,DHAR,Amjhera(D)_1,2024-05,116,-18.942844827586207,-20.09,-17.62
Madhya Pradesh,DHAR,Amjhera(D)_1,2024-06,116,-19.666465517241377,-20.91,-17.35
Madhya Pradesh,DHAR,Amjhera(D)_1,2024-07,120,-16.091333333333335,-17.3,-15.45
Madhya Pradesh,DHAR,Amjhera(D)_1,2024-08,112,-15.147678571428571,-15.43,-15.0
Madhya Pradesh,DHAR,Amjhera(D)_1,2024-09,104,-15.23798076923077,-15.48,-14.98
Madhya Pradesh,DHAR,Amjhera(D)_1,2024-10,116,-14.221810344827587,-14.93,-13.88
Madhya Pradesh,DHAR,Amjhera(D)_1,2024-11,100,-15.7964,-16.8,-14.7
Madhya Pradesh,DHAR,Amjhera(D)_1,2024-12,93,-17.4352688172043,-17.94,-16.81
Madhya Pradesh,DHAR,Amjhera(D)_1,2025-01,116,-18.272241379310344,-18.46,-18.09
Madhya Pradesh,DHAR,Amjhera(D)_1,2025-02,87,-18.28666666666667,-18.4,-18.25
Madhya Pradesh,DHAR,Amjhera(D)_1,2025-03,120,-17.583166666666667,-18.28,-17.07
Madhya Pradesh,DHAR,Amjhera(D)_1,2025-04,93,-17.176451612903225,-17.67,-16.96
Madhya Pradesh,DHAR,Amjhera(D)_1,2025-05,88,-17.85625,-18.14,-17.62
Madhya Pradesh,DHAR,Amjhera(D)_1,2025-06,97,-16.89556701030928,-17.68,-15.88
Madhya Pradesh,DHAR,Amjhera(D)_1,2025-07,98,-15.888163265306122,-16.06,-15.8
Madhya Pradesh,DHAR,Amjhera(D)_1,2025-08,89,-15.98056179775281,-16.09,-15.88
Madhya Pradesh,DHAR,Amjhera(D)_1,2025-09,69,-15.649710144927536,-15.96,-15.46
Madhya Pradesh,DHAR,Amjhera(D)_1,2025-10,101,-15.72069306930693,-16.15,-15.47
Madhya Pradesh,DHAR,Amjhera(D)_1,2025-11,68,-16.315882352941177,-16.48,-16.16
Madhya Pradesh,DHAR,Amjhera(D)_1,2025-12,67,-16.508358208955222,-16.98,1.0
Madhya Pradesh,DHAR,Awaldaman_1,2024-01,88,-107.05088636363635,-111.36,-105.193
Madhya Pradesh,DHAR,Awaldaman_1,2024-02,116,-106.87585344827586,-107.705,-106.321
Madhya Pradesh,DHAR,Awaldaman_1,2024-03,124,-108.79951612903226,-111.36,-105.193
Madhya Pradesh,DHAR,Awaldaman_1,2024-04,120,-106.870875,-110.383,-105.847
Madhya Pradesh,DHAR,Awaldaman_1,2024-05,124,-108.67816935483872,-111.36,-106.98
Madhya Pradesh,DHAR,Awaldaman_1,2024-06,120,-107.43277499999999,-111.36,-105.193
Madhya Pradesh,DHAR,Awaldaman_1,2024-07,124,-108.01512903225806,-111.019,-106.428
Madhya Pradesh,DHAR,Awaldaman_1,2024-08,124,-109.21002419354838,-111.36,-107.166
Madhya Pradesh,DHAR,Awaldaman_1,2024-09,120,-106.28301666666667,-108.075,-105.193
Madhya Pradesh,DHAR,Awaldaman_1,2024-10,124,-106.49484677419356,-108.068,-105.304
Madhya Pradesh,DHAR,Awaldaman_1,2024-11,21,-108.08009523809523,-108.972,-107.381
Madhya Pradesh,DHAR,Awaldaman_1,2024-12,13,-108.23361538461539,-108.924,-107.576
Madhya Pradesh,DHAR,Awaldaman_1,2025-01,19,-107.621,-108.649,-106.996
Madhya Pradesh,DHAR,Awaldaman_1,2025-02,8,-106.848125,-107.445,-106.517
Madhya Pradesh,DHAR,Awaldaman_1,2025-03,26,-105.65026923076924,-106.506,-104.92
Madhya Pradesh,DHAR,Awaldaman_1,2025-04,24,-104.74900000000001,-104.933,-104.606
Madhya Pradesh,DHAR,Awaldaman_1,2025-05,18,-106.15827777777777,-106.796,-104.98
Madhya Pradesh,DHAR,Awaldaman_1,2025-06,16,-107.5815,-108.986,-106.862
Madhya Pradesh,DHAR,Awaldaman_1,2025-07,5,-107.1386,-107.162,-107.112
Madhya Pradesh,DHAR,Awaldaman_1,2025-08,18,-106.83244444444443,-107.12,-106.415
Madhya Pradesh,DHAR,Awaldaman_1,2025-09,19,-105.60063157894737,-106.089,-105.354
Madhya Pradesh,DHAR,Awaldaman_1,2025-10,18,-105.38833333333334,-105.44,-105.322
Madhya Pradesh,DHAR,Badgiyar,2024-01,84,-53.86821428571429,-56.56,-44.07
Madhya Pradesh,DHAR,Badgiyar,2024-02,116,-54.11181034482759,-56.56,-44.07
Madhya Pradesh,DHAR,Badgiyar,2024-03,124,-53.5783064516129,-56.56,-44.07
Madhya Pradesh,DHAR,Badgiyar,2024-04,120,-54.438599999999994,-56.55,-44.23
Madhya Pradesh,DHAR,Badgiyar,2024-05,124,-53.3490564516129,-56.56,0.0
Madhya Pradesh,DHAR,Badgiyar,2024-06,120,-54.41558333333333,-56.56,-44.07
Madhya Pradesh,DHAR,Badgiyar,2024-07,124,-55.93491935483871,-56.56,-54.51
Madhya Pradesh,DHAR,Badgiyar,2024-08,124,-51.910322580645165,-54.49,-49.29
Madhya Pradesh,DHAR,Badgiyar,2024-09,120,-46.355333333333334,-49.27,-43.48
Madhya Pradesh,DHAR,Badgiyar,2024-10,124,-44.17943548387097,-56.54,-39.03
Madhya Pradesh,DHAR,Badgiyar,2025-01,58,-16.665413793103447,-25.084,-8.854
Madhya Pradesh,DHAR,Badgiyar,2025-02,84,-17.00177380952381,-30.563,-7.628
Madhya Pradesh,DHAR,Badgiyar,2025-03,124,-32.28865322580645,-33.496,-30.632
Madhya Pradesh,DHAR,Badgiyar,2025-04,96,-28.513166666666667,-30.914,-24.626
Madhya Pradesh,DHAR,Badgiyar,2025-05,100,-21.1912,-24.4,1.0
Madhya Pradesh,DHAR,Badgiyar,2025-06,98,-19.685479591836735,-49.808,1.0
Madhya Pradesh,DHAR,Badgiyar,2025-07,74,-35.48783783783784,-46.614,-19.758
Madhya Pradesh,DHAR,Badgiyar,2025-08,86,-12.014197674418604,-19.547,-6.097
Madhya Pradesh,DHAR,Badgiyar,2025-09,85,-0.916964705882353,-4.68,2.838
Madhya Pradesh,DHAR,Badgiyar,2025-10,113,1.1770176991150443,-0.919,3.061
Madhya Pradesh,DHAR,Badgiyar,2025-11,21,0.07609523809523809,-0.885,2.396
Madhya Pradesh,DHAR,Badnawar(S)_1,2023-10,49,-12.005510204081633,-13.57,-10.8
Madhya Pradesh,DHAR,Badnawar(S)_1,2023-11,120,-15.164583333333333,-16.41,-13.64
Madhya Pradesh,DHAR,Badnawar(S)_1,2023-12,124,-16.462096774193547,-17.36,-15.65
Madhya Pradesh,DHAR,Badnawar(S)_1,2024-01,124,-17.188870967741938,-17.93,-16.02
Madhya Pradesh,DHAR,Badnawar(S)_1,2024-02,116,-15.273275862068965,-17.06,-14.16
Madhya Pradesh,DHAR,Badnawar(S)_1,2024-03,124,-13.649999999999999,-14.15,-13.26
Madhya Pradesh,DHAR,Badnawar(S)_1,2024-04,120,-13.019666666666666,-13.26,-12.83
Madhya Pradesh,DHAR,Badnawar(S)_1,2024-05,124,-12.661854838709678,-12.83,-12.53
Madhya Pradesh,DHAR,Badnawar(S)_1,2024-06,120,-12.364583333333334,-12.53,-1.0
Madhya Pradesh,DHAR,Badnawar(S)_1,2024-07,124,-10.176451612903227,-12.38,-5.729
Madhya Pradesh,DHAR,Badnawar(S)_1,2024-08,124,-5.5980483870967745,-5.924,-5.492
Madhya Pradesh,DHAR,Badnawar(S)_1,2024-09,120,-5.68125,-5.919,-5.492
Madhya Pradesh,DHAR,Badnawar(S)_1,2024-10,83,-5.6618192771084335,-5.924,-5.492
Madhya Pradesh,DHAR,Badnawar(S)_1,2024-11,26,-7.339884615384615,-8.825,-5.419
Madhya Pradesh,DHAR,Badnawar(S)_1,2024-12,8,-7.537625,-8.026,-7.302
Madhya Pradesh,DHAR,Badnawar(S)_1,2025-01,86,-10.739662790697674,-11.518,-9.748
Madhya Pradesh,DHAR,Badnawar(S)_1,2025-02,87,-11.983206896551724,-12.657,-11.149
Madhya Pradesh,DHAR,Badnawar(S)_1,2025-03,116,-10.297077586206896,-11.133,-9.86
Madhya Pradesh,DHAR,Badnawar(S)_1,2025-04,93,-11.473301075268818,-12.513,-10.376
Madhya Pradesh,DHAR,Badnawar(S)_1,2025-05,83,-12.344180722891567,-13.326,-11.192
Madhya Pradesh,DHAR,Badnawar(S)_1,2025-06,97,-10.351773195876289,-11.174,-9.652
Madhya Pradesh,DHAR,Badnawar(S)_1,2025-07,87,-8.987563218390804,-9.637,-8.23
Madhya Pradesh,DHAR,Badnawar(S)_1,2025-08,87,-7.764241379310345,-8.219,-7.258
Madhya Pradesh,DHAR,Badnawar(S)_1,2025-09,66,-6.720181818181818,-7.067,-6.131
Madhya Pradesh,DHAR,Badnawar(S)_1,2025-10,97,-6.584340206185567,-8.483,-5.849
Madhya Pradesh,DHAR,Badnawar(S)_1,2025-11,52,-6.763961538461539,-7.643,-6.448
Madhya Pradesh,DHAR,Badnawar(S)_1,2025-12,69,-10.380115942028985,-11.704,-7.794
Madhya Pradesh,DHAR,Bagh(D)_1,2023-09,59,-3.325423728813559,-4.55,-1.35
Madhya Pradesh,DHAR,Bagh(D)_1,2023-10,110,-4.997181818181819,-5.25,-4.47
Madhya Pradesh,DHAR,Bagh(D)_1,2023-11,112,-5.258303571428571,-5.41,-4.94
Madhya Pradesh,DHAR,Bagh(D)_1,2023-12,120,-5.236999999999999,-5.58,-4.96
Madhya Pradesh,DHAR,Bagh(D)_1,2024-01,124,-5.318548387096774,-5.52,-5.23
Madhya Pradesh,DHAR,Bagh(D)_1,2024-02,112,-5.369821428571428,-5.5,-5.26
Madhya Pradesh,DHAR,Bagh(D)_1,2024-03,124,-5.379274193548387,-5.68,-5.24
Madhya Pradesh,DHAR,Bagh(D)_1,2024-04,112,-5.488482142857143,-5.76,-5.35
Madhya Pradesh,DHAR,Bagh(D)_1,2024-05,120,-5.572500000000001,-5.86,-5.38
Madhya Pradesh,DHAR,Bagh(D)_1,2024-06,116,-5.2700000000000005,-5.89,1.0
Madhya Pradesh,DHAR,Bagh(D)_1,2024-07,116,-4.664051724137931,-5.17,1.0
Madhya Pradesh,DHAR,Bagh(D)_1,2024-08,104,-3.958076923076923,-4.74,-2.87
Madhya Pradesh,DHAR,Bagh(D)_1,2024-09,104,-3.6763461538461537,-5.05,-1.61
Madhya Pradesh,DHAR,Bagh(D)_1,2024-10,116,-4.723706896551724,-5.27,-3.08
Madhya Pradesh,DHAR,Bagh(D)_1,2024-11,112,-5.1657142857142855,-5.31,1.0
Madhya Pradesh,DHAR,Bagh(D)_1,2024-12,97,-5.345463917525773,-5.43,-5.24
Madhya Pradesh,DHAR,Bagh(D)_1,2025-01,116,-5.343103448275862,-5.43,-5.23
Madhya Pradesh,DHAR,Bagh(D)_1,2025-02,87,-5.487126436781609,-5.67,-5.38
Madhya Pradesh,DHAR,Bagh(D)_1,2025-03,120,-5.558916666666667,-5.85,-5.44
Madhya Pradesh,DHAR,Bagh(D)_1,2025-04,93,-5.598817204301074,-5.99,1.0
Madhya Pradesh,DHAR,Bagh(D)_1,2025-05,84,-5.599642857142857,-5.84,1.0
Madhya Pradesh,DHAR,Bagh(D)_1,2025-06,101,-5.465445544554456,-5.76,-4.82
Madhya Pradesh,DHAR,Bagh(D)_1,2025-07,98,-5.057244897959184,-5.41,-4.56
Madhya Pradesh,DHAR,Bagh(D)_1,2025-08,89,-5.076629213483146,-5.31,-4.66
Madhya Pradesh,DHAR,Bagh(D)_1,2025-09,61,-4.7368852459016395,-5.03,-4.44
Madhya Pradesh,DHAR,Bagri Npz_1,2023-09,51,-10.494313725490196,-11.73,-8.81
Madhya Pradesh,DHAR,Bagri Npz_1,2023-10,112,-12.856607142857143,-14.38,-11.74
Madhya Pradesh,DHAR,Bagri Npz_1,2023-11,112,-15.021517857142857,-15.63,-14.39
Madhya Pradesh,DHAR,Bagri Npz_1,2023-12,116,-15.639137931034483,-15.85,-15.49
Madhya Pradesh,DHAR,Bagri Npz_1,2024-01,124,-16.019193548387097,-16.14,-15.85
Madhya Pradesh,DHAR,Bagri Npz_1,2024-02,112,-16.220000000000002,-16.3,-16.14
Madhya Pradesh,DHAR,Bagri Npz_1,2024-03,124,-16.333467741935483,-16.35,-16.3
Madhya Pradesh,DHAR,Bagri Npz_1,2024-04,112,-16.348660714285714,-16.36,-16.34
Madhya Pradesh,DHAR,Bagri Npz_1,2024-05,120,-16.339333333333332,-16.34,-16.33
Madhya Pradesh,DHAR,Bagri Npz_1,2024-06,116,-16.32793103448276,-16.34,-16.32
Madhya Pradesh,DHAR,Bagri Npz_1,2024-07,120,-16.116083333333332,-16.32,-14.84
Madhya Pradesh,DHAR,Bagri Npz_1,2024-08,108,-13.893796296296296,-14.68,-13.43
Madhya Pradesh,DHAR,Bagri Npz_1,2024-09,108,-13.972222222222221,-14.17,-13.7
Madhya Pradesh,DHAR,Bagri Npz_1,2024-10,116,-12.21103448275862,-13.73,-11.17
Madhya Pradesh,DHAR,Bagri Npz_1,2024-11,112,-13.459375,-14.66,-11.57
Madhya Pradesh,DHAR,Bagri Npz_1,2024-12,97,-14.959381443298968,-15.2,-14.67
Madhya Pradesh,DHAR,Bagri Npz_1,2025-01,116,-15.561637931034484,-15.76,-15.33
Madhya Pradesh,DHAR,Bagri Npz_1,2025-02,87,-15.944712643678162,-16.18,-15.8
Madhya Pradesh,DHAR,Bagri Npz_1,2025-03,116,-16.251206896551725,-16.29,-16.18
Madhya Pradesh,DHAR,Bagri Npz_1,2025-04,85,-16.294470588235292,-16.3,-16.28
Madhya Pradesh,DHAR,Bagri Npz_1,2025-05,84,-16.30095238095238,-16.31,-16.29
Madhya Pradesh,DHAR,Bagri Npz_1,2025-06,101,-16.23039603960396,-16.31,-15.9
Madhya Pradesh,DHAR,Bagri Npz_1,2025-07,98,-15.032551020408164,-15.87,-13.97
Madhya Pradesh,DHAR,Bagri Npz_1,2025-08,93,-13.84258064516129,-14.29,-12.95
Madhya Pradesh,DHAR,Bagri Npz_1,2025-09,62,-8.920322580645161,-11.6,-7.56
Madhya Pradesh,DHAR,Bagri Npz_1,2025-10,88,-7.447159090909091,-9.23,-6.33
Madhya Pradesh,DHAR,Bagri Npz_1,2025-11,49,-10.19326530612245,-11.93,-9.2
Madhya Pradesh,DHAR,Bagri Npz_1,2025-12,72,-14.355972222222224,-14.85,-12.57
Madhya Pradesh,DHAR,Bandheri Npz_1,2023-09,63,-1.1577777777777778,-3.14,-0.85
Madhya Pradesh,DHAR,Bandheri Npz_1,2023-10,116,-2.246293103448276,-6.65,-0.85
Madhya Pradesh,DHAR,Bandheri Npz_1,2023-11,112,-7.49125,-10.17,1.0
Madhya Pradesh,DHAR,Bandheri Npz_1,2023-12,120,-8.024583333333334,-10.76,-5.92
Madhya Pradesh,DHAR,Bandheri Npz_1,2024-01,124,-9.183467741935484,-11.31,-8.07
Madhya Pradesh,DHAR,Bandheri Npz_1,2024-02,112,-9.711607142857144,-10.63,-8.95
Madhya Pradesh,DHAR,Bandheri Npz_1,2024-03,124,-9.88532258064516,-11.2,-9.1
Madhya Pradesh,DHAR,Bandheri Npz_1,2024-04,112,-11.298482142857143,-11.93,1.0
Madhya Pradesh,DHAR,Bandheri Npz_1,2024-05,116,-11.501810344827586,-11.95,-10.84
Madhya Pradesh,DHAR,Bandheri Npz_1,2024-06,116,-10.565344827586205,-11.78,-8.92
Madhya Pradesh,DHAR,Bandheri Npz_1,2024-07,116,-6.967586206896552,-8.85,-5.39
Madhya Pradesh,DHAR,Bandheri Npz_1,2024-08,65,-3.997384615384615,-5.4,-3.36
Madhya Pradesh,DHAR,Bandheri Npz_1,2024-09,97,-0.23424742268041238,-0.378,-0.152
Madhya Pradesh,DHAR,Bandheri Npz_1,2024-10,116,-0.2735862068965517,-0.948,-0.217
Madhya Pradesh,DHAR,Bandheri Npz_1,2024-11,108,-3.389064814814815,-6.428,-0.347
Madhya Pradesh,DHAR,Bandheri Npz_1,2024-12,93,-7.318354838709677,-10.579,-4.104
Madhya Pradesh,DHAR,Bandheri Npz_1,2025-01,116,-8.12421551724138,-11.043,-6.133
Madhya Pradesh,DHAR,Bandheri Npz_1,2025-02,31,-10.727032258064517,-11.183,-10.039
Madhya Pradesh,DHAR,Bandheri Npz_1,2025-03,116,-10.885887931034482,-11.208,-9.989
Madhya Pradesh,DHAR,Bandheri Npz_1,2025-04,104,-11.064942307692307,-11.501,-10.469
Madhya Pradesh,DHAR,Bandheri Npz_1,2025-05,80,-11.019974999999999,-11.428,-10.411
Madhya Pradesh,DHAR,Bandheri Npz_1,2025-06,78,-11.116935897435898,-11.448,-10.585
Madhya Pradesh,DHAR,Bandheri Npz_1,2025-08,80,-5.1238875,-7.413,-2.304
Madhya Pradesh,DHAR,Bandheri Npz_1,2025-09,84,-0.31592857142857145,-1.246,-0.196
Madhya Pradesh,DHAR,Bandheri Npz_1,2025-10,116,-0.6943534482758621,-3.259,-0.205
Madhya Pradesh,DHAR,Bandheri Npz_1,2025-11,90,-1.6926999999999999,-5.952,-0.237
Madhya Pradesh,DHAR,Bandheri Npz_1,2025-12,95,-7.521189473684211,-10.957,-4.424
Madhya Pradesh,DHAR,Dattigara,2023-09,51,-2.695098039215686,-4.47,-1.6
Madhya Pradesh,DHAR,Dattigara,2023-10,116,-2.5019827586206898,-4.44,-1.6
Madhya Pradesh,DHAR,Dattigara,2023-11,112,-5.751160714285715,-7.51,-4.27
Madhya Pradesh,DHAR,Dattigara,2023-12,120,-5.654916666666667,-7.47,-4.64
Madhya Pradesh,DHAR,Dattigara,2024-01,124,-9.304274193548387,-12.23,-7.25
Madhya Pradesh,DHAR,Dattigara,2024-02,112,-14.440535714285714,-16.38,-12.29
Madhya Pradesh,DHAR,Dattigara,2024-03,124,-16.948709677419355,-21.29,-15.73
Madhya Pradesh,DHAR,Dattigara,2024-04,112,-22.968392857142856,-23.42,-20.46
Madhya Pradesh,DHAR,Dattigara,2024-05,104,-23.423461538461538,-23.44,-23.41
Madhya Pradesh,DHAR,Dattigara,2024-06,116,-23.442413793103448,-23.45,-23.43
Madhya Pradesh,DHAR,Dattigara,2024-07,120,-23.461666666666666,-23.47,-23.45
Madhya Pradesh,DHAR,Dattigara,2024-08,108,-11.773240740740741,-23.46,-4.5
Madhya Pradesh,DHAR,Dattigara,2024-09,101,-2.445841584158416,-4.48,8.49
Madhya Pradesh,DHAR,Dattigara,2024-10,106,1.4882075471698113,-1.45,14.31
Madhya Pradesh,DHAR,Dattigara,2024-12,78,7.8702564102564105,-1.12,16.61
Madhya Pradesh,DHAR,Dattigara,2025-01,112,1.304107142857143,1.0,8.71
Madhya Pradesh,DHAR,Dattigara,2025-02,83,1.0,1.0,1.0
Madhya Pradesh,DHAR,Dattigara,2025-03,120,1.0,1.0,1.0
Madhya Pradesh,DHAR,Dattigara,2025-04,104,1.0,1.0,1.0
Madhya Pradesh,DHAR,Dattigara,2025-05,84,1.0,1.0,1.0
Madhya Pradesh,DHAR,Dattigara,2025-06,97,1.0,1.0,1.0
Madhya Pradesh,DHAR,Dattigara,2025-07,98,1.0,1.0,1.0
Madhya Pradesh,DHAR,Dattigara,2025-08,85,1.0,1.0,1.0
Madhya Pradesh,DHAR,Dattigara,2025-09,29,1.0,1.0,1.0
Madhya Pradesh,DHAR,Dhamnod Npz_1,2023-09,55,-1.7661818181818183,-2.99,-1.48
Madhya Pradesh,DHAR,Dhamnod Npz_1,2023-10,108,-2.8300925925925924,-3.68,-2.14
Madhya Pradesh,DHAR,Dhamnod Npz_1,2023-11,112,-4.299910714285714,-4.49,-3.7
Madhya Pradesh,DHAR,Dhamnod Npz_1,2023-12,116,-4.251293103448275,-4.79,-3.86
Madhya Pradesh,DHAR,Dhamnod Npz_1,2024-01,124,-4.76508064516129,-4.94,-4.44
Madhya Pradesh,DHAR,Dhamnod Npz_1,2024-02,112,-4.804464285714286,-4.98,-4.54
Madhya Pradesh,DHAR,Dhamnod Npz_1,2024-03,124,-5.214596774193549,-5.57,-4.78
Madhya Pradesh,DHAR,Dhamnod Npz_1,2024-04,112,-5.6000000000000005,-5.64,-5.56
Madhya Pradesh,DHAR,Dhamnod Npz_1,2024-05,120,-5.701583333333334,-5.76,-5.65
Madhya Pradesh,DHAR,Dhamnod Npz_1,2024-06,116,-5.830689655172414,-5.9,-5.65
Madhya Pradesh,DHAR,Dhamnod Npz_1,2024-07,120,-4.9055,-5.64,-2.44
Madhya Pradesh,DHAR,Dhamnod Npz_1,2024-08,96,-1.8713541666666667,-2.6,-1.31
Madhya Pradesh,DHAR,Dhamnod Npz_1,2024-09,104,-1.754423076923077,-2.21,-1.28
Madhya Pradesh,DHAR,Dhamnod Npz_1,2024-10,116,-2.8200862068965518,-3.23,-2.22
Madhya Pradesh,DHAR,Dhamnod Npz_1,2024-11,104,-3.8031730769230765,-4.18,-3.24
Madhya Pradesh,DHAR,Dhamnod Npz_1,2024-12,93,-3.831935483870968,-4.15,-3.73
Madhya Pradesh,DHAR,Dhamnod Npz_1,2025-01,116,-4.122844827586207,-4.45,1.0
Madhya Pradesh,DHAR,Dhamnod Npz_1,2025-02,87,-4.391954022988506,-4.51,-4.26
Madhya Pradesh,DHAR,Dhamnod Npz_1,2025-03,120,-4.63225,-4.89,-4.11
Madhya Pradesh,DHAR,Dhamnod Npz_1,2025-04,85,-2.9875294117647058,-4.15,-1.78
Madhya Pradesh,DHAR,Dhamnod Npz_1,2025-05,88,-0.839659090909091,-1.84,-0.26
Madhya Pradesh,DHAR,Dhamnod Npz_1,2025-06,101,0.2995049504950495,-0.31,0.8
Madhya Pradesh,DHAR,Dhamnod Npz_1,2025-07,60,0.9523333333333334,0.74,1.23
Madhya Pradesh,DHAR,Dhamnod Npz_1,2025-08,9,1.3155555555555556,1.3,1.33
Madhya Pradesh,DHAR,Dhar (D)_1,2023-09,65,-8.357846153846154,-12.67,-5.58
Madhya Pradesh,DHAR,Dhar (D)_1,2023-10,124,-5.543709677419354,-6.18,-5.19
Madhya Pradesh,DHAR,Dhar (D)_1,2023-11,120,-7.397583333333333,-8.25,-6.2
Madhya Pradesh,DHAR,Dhar (D)_1,2023-12,124,-8.129274193548387,-9.21,-7.64
Madhya Pradesh,DHAR,Dhar (D)_1,2024-01,124,-10.191774193548387,-11.28,-9.22
Madhya Pradesh,DHAR,Dhar (D)_1,2024-02,116,-13.189310344827586,-14.66,-11.31
Madhya Pradesh,DHAR,Dhar (D)_1,2024-03,124,-15.803064516129032,-16.74,-14.67
Madhya Pradesh,DHAR,Dhar (D)_1,2024-04,120,-18.666249999999998,-20.89,-16.76
Madhya Pradesh,DHAR,Dhar (D)_1,2024-05,124,-23.275080645161292,-25.06,-20.94
Madhya Pradesh,DHAR,Dhar (D)_1,2024-06,120,-23.850416666666668,-25.34,-22.61
Madhya Pradesh,DHAR,Dhar (D)_1,2024-07,124,-19.843951612903226,-22.53,-17.55
Madhya Pradesh,DHAR,Dhar (D)_1,2024-08,124,-13.02298387096774,-17.5,-8.12
Madhya Pradesh,DHAR,Dhar (D)_1,2024-09,120,-6.94705,-9.28,-4.563
Madhya Pradesh,DHAR,Dhar (D)_1,2024-10,69,-7.022405797101449,-9.28,-4.563
Madhya Pradesh,DHAR,Dhar (D)_1,2025-01,32,-11.334125,-11.791,-10.307
Madhya Pradesh,DHAR,Dhar (D)_1,2025-02,79,-13.781873417721519,-16.198,-12.138
Madhya Pradesh,DHAR,Dhar (D)_1,2025-03,120,-18.415391666666668,-21.284,-16.235
Madhya Pradesh,DHAR,Dhar (D)_1,2025-04,69,-22.726536231884058,-23.971,-21.321
Madhya Pradesh,DHAR,Dhar (D)_1,2025-05,70,-24.5342,-24.889,-24.319
Madhya Pradesh,DHAR,Dhar (D)_1,2025-06,91,-23.673175824175825,-24.875,-20.757
Madhya Pradesh,DHAR,Dhar (D)_1,2025-07,98,-17.114775510204083,-20.661,-13.504
Madhya Pradesh,DHAR,Dhar (D)_1,2025-08,49,-10.157326530612245,-13.407,-8.497
Madhya Pradesh,DHAR,Dhar (D)_1,2025-09,73,-4.208027397260274,-6.819,-2.834
Madhya Pradesh,DHAR,Dhar (D)_1,2025-10,81,-3.6124197530864195,-4.322,-2.89
Madhya Pradesh,DHAR,Dharampuri Npz_1,2023-10,38,-6.236315789473684,-6.3,-6.2
Madhya Pradesh,DHAR,Dharampuri Npz_1,2023-11,112,-6.211517857142858,-6.27,-6.15
Madhya Pradesh,DHAR,Dharampuri Npz_1,2023-12,120,-6.122166666666667,-6.16,-6.07
Madhya Pradesh,DHAR,Dharampuri Npz_1,2024-01,124,-6.061290322580645,-6.08,-6.05
Madhya Pradesh,DHAR,Dharampuri Npz_1,2024-02,112,-6.201875,-6.33,-6.08
Madhya Pradesh,DHAR,Dharampuri Npz_1,2024-03,124,-6.428790322580645,-6.49,-6.33
Madhya Pradesh,DHAR,Dharampuri Npz_1,2024-04,101,-6.511980198019803,-6.59,-6.45
Madhya Pradesh,DHAR,Dharampuri Npz_1,2024-09,89,-4.977988764044944,-5.095,-4.847
Madhya Pradesh,DHAR,Dharampuri Npz_1,2024-10,116,-5.190862068965517,-5.306,-5.004
Madhya Pradesh,DHAR,Dharampuri Npz_1,2024-11,108,-4.963685185185185,-5.323,-4.536
Madhya Pradesh,DHAR,Dharampuri Npz_1,2024-12,97,-4.865360824742268,-5.098,-4.656
Madhya Pradesh,DHAR,Dharampuri Npz_1,2025-01,116,-5.0921724137931035,-5.29,-4.915
Madhya Pradesh,DHAR,Dharampuri Npz_1,2025-02,83,-5.244421686746987,-5.746,-4.965
Madhya Pradesh,DHAR,Dharampuri Npz_1,2025-03,120,-5.995166666666666,-6.227,-5.392
Madhya Pradesh,DHAR,Dharampuri Npz_1,2025-04,88,-6.344159090909091,-6.597,-6.228
Madhya Pradesh,DHAR,Dharampuri Npz_1,2025-05,88,-6.8398295454545455,-6.946,-6.601
Madhya Pradesh,DHAR,Dharampuri Npz_1,2025-06,97,-7.016505154639176,-7.108,-6.853
Madhya Pradesh,DHAR,Dharampuri Npz_1,2025-07,98,-6.486163265306122,-6.837,-6.24
Madhya Pradesh,DHAR,Dharampuri Npz_1,2025-08,89,-6.0818202247191016,-6.228,-5.24
Madhya Pradesh,DHAR,Dharampuri Npz_1,2025-09,81,-4.842728395061728,-4.944,-4.697
Madhya Pradesh,DHAR,Dharampuri Npz_1,2025-10,95,-4.96021052631579,-5.054,-4.804
Madhya Pradesh,DHAR,Dharampuri Npz_1,2025-11,66,-5.122393939393939,-5.21,-5.03
Madhya Pradesh,DHAR,Dharampuri Npz_1,2025-12,86,-5.4072790697674415,-5.64,-5.249
Madhya Pradesh,DHAR,Dhegda,2024-01,88,-7.965227272727273,-8.16,-7.79
Madhya Pradesh,DHAR,Dhegda,2024-02,116,-8.20646551724138,-8.93,-7.58
Madhya Pradesh,DHAR,Dhegda,2024-03,124,-8.268233870967741,-11.144,-1.0
Madhya Pradesh,DHAR,Dhegda,2024-04,120,-3.0293916666666667,-4.585,-1.551
Madhya Pradesh,DHAR,Dhegda,2024-05,124,-4.304387096774194,-4.585,-4.023
Madhya Pradesh,DHAR,Dhegda,2024-06,120,-4.318758333333333,-4.585,-4.023
Madhya Pradesh,DHAR,Dhegda,2024-07,125,-4.268272,-4.585,1.0
Madhya Pradesh,DHAR,Dhegda,2024-08,124,-4.30708064516129,-4.585,-4.023
Madhya Pradesh,DHAR,Dhegda,2024-09,120,-4.318758333333333,-4.585,-4.023
Madhya Pradesh,DHAR,Dhegda,2024-10,124,-4.3251451612903224,-4.585,-4.023
Madhya Pradesh,DHAR,Dhegda,2024-11,22,-6.011045454545454,-7.686,-4.216
Madhya Pradesh,DHAR,Dhegda,2024-12,15,-9.0188,-11.27,1.0
Madhya Pradesh,DHAR,Dhegda,2025-01,20,-15.01715,-17.919,-12.813
Madhya Pradesh,DHAR,Dhegda,2025-02,8,-21.08875,-22.678,-18.504
Madhya Pradesh,DHAR,Dhegda,2025-03,27,-25.18262962962963,-27.851,-22.648
Madhya Pradesh,DHAR,Dhegda,2025-04,25,-30.278119999999998,-33.202,-27.92
Madhya Pradesh,DHAR,Dhegda,2025-05,19,-36.869894736842106,-39.417,-33.38
Madhya Pradesh,DHAR,Dhegda,2025-06,17,-41.992705882352936,-43.446,-39.843
Madhya Pradesh,DHAR,Dhegda,2025-07,5,-52.61659999999999,-53.114,-52.215
Madhya Pradesh,DHAR,Dhegda,2025-08,19,-57.57052631578947,-61.328,-53.433
Madhya Pradesh,DHAR,Dhegda,2025-09,16,-65.664125,-69.381,-63.322
Madhya Pradesh,DHAR,Gunawad Npz_1,2023-09,66,-3.9037878787878784,-8.91,-2.2
Madhya Pradesh,DHAR,Gunawad Npz_1,2023-10,116,-5.5249999999999995,-11.13,-2.04
Madhya Pradesh,DHAR,Gunawad Npz_1,2023-11,112,-12.208660714285713,-15.83,-9.84
Madhya Pradesh,DHAR,Gunawad Npz_1,2023-12,116,-14.133275862068967,-18.39,-10.5
Madhya Pradesh,DHAR,Gunawad Npz_1,2024-01,124,-22.961370967741935,-27.78,-18.1
Madhya Pradesh,DHAR,Gunawad Npz_1,2024-02,112,-28.46642857142857,-29.33,-27.52
Madhya Pradesh,DHAR,Gunawad Npz_1,2024-03,124,-27.039112903225806,-28.6,-26.31
Madhya Pradesh,DHAR,Gunawad Npz_1,2024-04,108,-28.204814814814814,-28.85,-26.81
Madhya Pradesh,DHAR,Gunawad Npz_1,2024-05,104,-28.718846153846155,-29.23,-28.38
Madhya Pradesh,DHAR,Gunawad Npz_1,2024-06,116,-27.511637931034482,-28.75,-25.62
Madhya Pradesh,DHAR,Gunawad Npz_1,2024-07,120,-22.75766666666667,-25.54,-16.58
Madhya Pradesh,DHAR,Gunawad Npz_1,2024-08,100,-7.5439,-16.35,-1.6
Madhya Pradesh,DHAR,Gunawad Npz_1,2024-09,108,-1.2777777777777777,-1.92,-0.61
Madhya Pradesh,DHAR,Gunawad Npz_1,2024-10,116,-0.7106034482758621,-1.56,1.0
Madhya Pradesh,DHAR,Gunawad Npz_1,2024-11,112,-6.2753571428571435,-9.27,-1.11
Madhya Pradesh,DHAR,Gunawad Npz_1,2024-12,97,-9.858556701030928,-13.18,-7.9
Madhya Pradesh,DHAR,Gunawad Npz_1,2025-01,116,-16.403793103448276,-21.36,-12.49
Madhya Pradesh,DHAR,Gunawad Npz_1,2025-02,87,-27.05551724137931,-30.0,-23.05
Madhya Pradesh,DHAR,Gunawad Npz_1,2025-03,116,-30.096120689655173,-30.42,-29.52
Madhya Pradesh,DHAR,Gunawad Npz_1,2025-04,89,-30.377303370786517,-30.56,-30.13
Madhya Pradesh,DHAR,Gunawad Npz_1,2025-05,88,-29.43147727272727,-30.57,-27.29
Madhya Pradesh,DHAR,Gunawad Npz_1,2025-06,93,-24.97720430107527,-27.37,-22.37
Madhya Pradesh,DHAR,Gunawad Npz_1,2025-07,95,-18.88642105263158,-22.3,-14.86
Madhya Pradesh,DHAR,Gunawad Npz_1,2025-08,89,-11.480224719101123,-14.82,1.0
Madhya Pradesh,DHAR,Gunawad Npz_1,2025-09,85,-1.385058823529412,-4.23,-0.56
Madhya Pradesh,DHAR,Gunawad Npz_1,2025-10,117,-1.754102564102564,-4.18,-0.26
Madhya Pradesh,DHAR,Gunawad Npz_1,2025-11,38,-2.986842105263158,-5.87,-1.18
Madhya Pradesh,DHAR,Gunawad Npz_1,2025-12,65,-9.88676923076923,-12.97,1.0
Madhya Pradesh,DINDORI,Gadasarai-D_1,2023-10,42,-4.712380952380952,-4.85,-4.58
Madhya Pradesh,DINDORI,Gadasarai-D_1,2023-11,112,-5.0373214285714285,-5.27,-4.79
Madhya Pradesh,DINDORI,Gadasarai-D_1,2023-12,120,-5.300666666666667,-5.47,-5.19
Madhya Pradesh,DINDORI,Gadasarai-D_1,2024-01,124,-5.490483870967743,-5.6,-5.4
Madhya Pradesh,DINDORI,Gadasarai-D_1,2024-02,112,-5.638392857142857,-5.77,-5.53
Madhya Pradesh,DINDORI,Gadasarai-D_1,2024-03,124,-5.765403225806451,-5.85,-5.66
Madhya Pradesh,DINDORI,Gadasarai-D_1,2024-04,112,-5.8863392857142856,-6.02,-5.78
Madhya Pradesh,DINDORI,Gadasarai-D_1,2024-05,104,-6.694807692307692,-7.23,-6.0
Madhya Pradesh,DINDORI,Gadasarai-D_1,2024-06,116,-6.8342241379310344,-7.07,-6.44
Madhya Pradesh,DINDORI,Gadasarai-D_1,2024-07,124,-6.133951612903226,-6.62,-5.44
Madhya Pradesh,DINDORI,Gadasarai-D_1,2024-08,92,-4.881847826086957,-6.15,-4.05
Madhya Pradesh,DINDORI,Gadasarai-D_1,2024-09,112,-4.158571428571428,-4.49,-3.85
Madhya Pradesh,DINDORI,Gadasarai-D_1,2024-10,116,-4.666206896551724,-5.24,-4.16
Madhya Pradesh,DINDORI,Gadasarai-D_1,2024-11,108,-5.238981481481481,-5.69,-4.83
Madhya Pradesh,DINDORI,Gadasarai-D_1,2024-12,93,-5.688817204301075,-6.08,-5.34
Madhya Pradesh,DINDORI,Gadasarai-D_1,2025-01,116,-5.978017241379311,-6.27,-5.62
Madhya Pradesh,DINDORI,Gadasarai-D_1,2025-02,87,-6.263218390804598,-6.49,-5.96
Madhya Pradesh,DINDORI,Gadasarai-D_1,2025-03,120,-6.523583333333334,-6.83,-6.21
Madhya Pradesh,DINDORI,Gadasarai-D_1,2025-04,89,-6.844269662921348,-7.05,-6.54
Madhya Pradesh,DINDORI,Gadasarai-D_1,2025-05,84,-6.782380952380953,-6.94,-6.6
Madhya Pradesh,DINDORI,Gadasarai-D_1,2025-06,101,-6.505742574257426,-6.69,-6.02
Madhya Pradesh,DINDORI,Gadasarai-D_1,2025-07,98,-5.173265306122449,-6.13,-4.11
Madhya Pradesh,DINDORI,Gadasarai-D_1,2025-08,88,-4.386590909090909,-4.7,-3.92
Madhya Pradesh,DINDORI,Gadasarai-D_1,2025-09,80,-4.250625,-4.7,-3.9
Madhya Pradesh,DINDORI,Gadasarai-D_1,2025-10,116,-4.699827586206896,-4.9,-4.53
Madhya Pradesh,DINDORI,Gadasarai-D_1,2025-11,75,-4.87,-5.11,-4.58
Madhya Pradesh,DINDORI,Gadasarai-D_1,2025-12,99,-5.294141414141414,-5.51,-5.04
Madhya Pradesh,GUNA,Aron(D),2023-10,16,-14.534375,-14.67,-14.41
Madhya Pradesh,GUNA,Aron(D),2023-11,112,-15.629464285714286,-16.45,-14.7
Madhya Pradesh,GUNA,Aron(D),2023-12,120,-17.155083333333334,-18.35,-16.46
Madhya Pradesh,GUNA,Aron(D),2024-01,124,-19.533306451612905,-20.56,-18.38
Madhya Pradesh,GUNA,Aron(D),2024-02,112,-21.670357142857142,-22.69,-20.59
Madhya Pradesh,GUNA,Aron(D),2024-03,124,-23.45217741935484,-24.04,-22.71
Madhya Pradesh,GUNA,Aron(D),2024-04,67,-24.416119402985075,-24.88,-24.05
Madhya Pradesh,GUNA,Aron(D),2024-05,108,-29.514166666666664,-40.22,-24.9
Madhya Pradesh,GUNA,Aron(D),2024-06,116,-46.299224137931034,-50.36,-40.3
Madhya Pradesh,GUNA,Aron(D),2024-07,124,-40.237177419354836,-50.66,-23.28
Madhya Pradesh,GUNA,Aron(D),2024-08,104,-17.51576923076923,-23.23,-12.5
Madhya Pradesh,GUNA,Aron(D),2024-09,112,-10.295625,-12.5,-9.55
Madhya Pradesh,GUNA,Aron(D),2024-10,116,-10.037758620689656,-10.8,-9.65
Madhya Pradesh,GUNA,Aron(D),2024-11,108,-12.3875,-13.59,-10.81
Madhya Pradesh,GUNA,Aron(D),2024-12,41,-13.905853658536586,-14.34,-13.6
Madhya Pradesh,GUNA,Aron(D),2025-01,40,-17.072875,-17.319,-16.837
Madhya Pradesh,GUNA,Aron(D),2025-02,83,-17.956180722891567,-18.6,-17.485
Madhya Pradesh,GUNA,Aron(D),2025-03,120,-19.401858333333333,-20.239,-18.609
Madhya Pradesh,GUNA,Aron(D),2025-04,100,-21.27914,-22.197,-20.247
Madhya Pradesh,GUNA,Aron(D),2025-05,84,-22.93560714285714,-23.311,-22.237
Madhya Pradesh,GUNA,Aron(D),2025-06,101,-23.531584158415843,-23.891,-22.616
Madhya Pradesh,GUNA,Aron(D),2025-07,98,-17.036510204081633,-22.572,-7.667
Madhya Pradesh,GUNA,Aron(D),2025-08,93,-7.233354838709677,-7.992,-5.972
Madhya Pradesh,GUNA,Aron(D),2025-09,84,-4.3022857142857145,-6.116,-3.621
Madhya Pradesh,GUNA,Aron(D),2025-10,112,-6.1620357142857145,-7.216,-5.214
Madhya Pradesh,GUNA,Aron(D),2025-11,66,-8.791348484848486,-10.15,-7.223
Madhya Pradesh,GUNA,Aron(D),2025-12,96,-12.12409375,-13.839,-10.595
Madhya Pradesh,GUNA,Aron(S)_1,2023-12,99,-17.834141414141413,-18.69,-17.23
Madhya Pradesh,GUNA,Aron(S)_1,2024-01,124,-19.61048387096774,-20.72,1.0
Madhya Pradesh,GUNA,Aron(S)_1,2024-02,112,-21.728660714285716,-22.69,-20.74
Madhya Pradesh,GUNA,Aron(S)_1,2024-03,124,-23.450967741935486,-24.02,-22.71
Madhya Pradesh,GUNA,Aron(S)_1,2024-04,108,-24.412222222222223,-24.7,-24.02
Madhya Pradesh,GUNA,Aron(S)_1,2024-05,116,-24.962327586206897,-25.18,-24.7
Madhya Pradesh,GUNA,Aron(S)_1,2024-06,116,-25.36060344827586,-25.48,-25.19
Madhya Pradesh,GUNA,Aron(S)_1,2024-07,120,-24.933583333333335,-25.47,-23.72
Madhya Pradesh,GUNA,Aron(S)_1,2024-08,101,-18.49049504950495,-23.71,-12.61
Madhya Pradesh,GUNA,Aron(S)_1,2024-09,107,-9.965046728971963,-12.39,-9.23
Madhya Pradesh,GUNA,Aron(S)_1,2024-10,116,-9.825689655172413,-10.63,-9.36
Madhya Pradesh,GUNA,Aron(S)_1,2024-11,108,-12.477777777777776,-13.59,-10.66
Madhya Pradesh,GUNA,Aron(S)_1,2024-12,89,-14.816067415730338,-15.98,-13.6
Madhya Pradesh,GUNA,Aron(S)_1,2025-01,116,-17.015172413793103,-17.71,-16.32
Madhya Pradesh,GUNA,Aron(S)_1,2025-02,87,-18.375172413793106,-18.99,-17.88
Madhya Pradesh,GUNA,Aron(S)_1,2025-03,120,-19.7465,-20.55,-19.0
Madhya Pradesh,GUNA,Aron(S)_1,2025-04,52,-21.10571153846154,-22.44,-16.59
Madhya Pradesh,GUNA,Aron(S)_1,2025-05,88,-23.18590909090909,-23.59,-22.47
Madhya Pradesh,GUNA,Aron(S)_1,2025-06,91,-23.857362637362638,-24.16,-23.36
Madhya Pradesh,GUNA,Aron(S)_1,2025-07,98,-17.983469387755104,-23.33,-8.03
Madhya Pradesh,GUNA,Aron(S)_1,2025-08,93,-7.252580645161291,-8.01,-5.95
Madhya Pradesh,GUNA,Aron(S)_1,2025-09,57,-4.241929824561403,-6.13,-3.62
Madhya Pradesh,GWALIOR,Dabra(S)_1,2023-04,8,-22.175,-22.47,-21.95
Madhya Pradesh,GWALIOR,Dabra(S)_1,2023-05,111,-23.30837837837838,-24.86,-21.9
Madhya Pradesh,GWALIOR,Dabra(S)_1,2023-06,80,-25.600749999999998,-26.37,-24.36
Madhya Pradesh,GWALIOR,Dabra(S)_1,2023-07,124,-21.78008064516129,-25.23,-19.38
Madhya Pradesh,GWALIOR,Dabra(S)_1,2023-08,124,-16.983225806451614,-19.6,1.0
Madhya Pradesh,GWALIOR,Dabra(S)_1,2023-09,108,-14.666851851851852,-16.31,-13.68
Madhya Pradesh,GWALIOR,Dabra(S)_1,2023-10,108,-16.105555555555558,-17.54,-14.81
Madhya Pradesh,GWALIOR,Dabra(S)_1,2023-11,112,-18.02705357142857,-18.56,-17.26
Madhya Pradesh,GWALIOR,Dabra(S)_1,2023-12,116,-18.006724137931037,-18.69,-17.37
Madhya Pradesh,GWALIOR,Dabra(S)_1,2024-01,124,-17.728951612903224,-18.29,-17.23
Madhya Pradesh,GWALIOR,Dabra(S)_1,2024-02,112,-18.513928571428572,-19.16,-17.67
Madhya Pradesh,GWALIOR,Dabra(S)_1,2024-03,124,-19.406774193548387,-20.53,-18.64
Madhya Pradesh,GWALIOR,Dabra(S)_1,2024-04,112,-21.423750000000002,-23.01,-20.05
Madhya Pradesh,GWALIOR,Dabra(S)_1,2024-05,108,-24.392222222222223,-26.21,1.0
Madhya Pradesh,GWALIOR,Dabra(S)_1,2024-06,116,-27.307155172413793,-27.89,-26.14
Madhya Pradesh,GWALIOR,Dabra(S)_1,2024-07,124,-25.587580645161292,-27.9,-23.95
Madhya Pradesh,GWALIOR,Dabra(S)_1,2024-08,112,-19.094107142857144,-24.34,-15.48
Madhya Pradesh,GWALIOR,Dabra(S)_1,2024-09,112,-10.628035714285714,-15.88,-6.84
Madhya Pradesh,GWALIOR,Dabra(S)_1,2024-10,116,-9.428534482758621,-10.91,-8.07
Madhya Pradesh,GWALIOR,Dabra(S)_1,2024-11,108,-11.176388888888889,-12.23,-10.52
Madhya Pradesh,GWALIOR,Dabra(S)_1,2024-12,93,-12.544408602150538,-13.27,-11.95
Madhya Pradesh,GWALIOR,Dabra(S)_1,2025-01,116,-13.310775862068965,-14.05,-12.9
Madhya Pradesh,GWALIOR,Dabra(S)_1,2025-02,87,-13.853218390804598,-14.64,-13.44
Madhya Pradesh,GWALIOR,Dabra(S)_1,2025-03,120,-14.735833333333334,-15.74,-13.85
Madhya Pradesh,GWALIOR,Dabra(S)_1,2025-04,77,-16.196493506493503,-17.75,-15.35
Madhya Pradesh,GWALIOR,Dabra(S)_1,2025-05,85,-18.03270588235294,-18.95,-17.2
Madhya Pradesh,GWALIOR,Dabra(S)_1,2025-06,101,-19.125742574257426,-20.42,-18.21
Madhya Pradesh,GWALIOR,Dabra(S)_1,2025-07,98,-11.984285714285715,-18.61,-5.17
Madhya Pradesh,GWALIOR,Dabra(S)_1,2025-08,93,-5.4665591397849465,-6.36,-4.35
Madhya Pradesh,GWALIOR,Dabra(S)_1,2025-09,78,-4.9614102564102565,-6.89,-4.37
Madhya Pradesh,GWALIOR,Dabra(S)_1,2025-10,103,-7.380485436893204,-8.72,-6.27
Madhya Pradesh,GWALIOR,Dabra(S)_1,2025-11,40,-8.37375,-9.3,-7.54
Madhya Pradesh,GWALIOR,Dabra(S)_1,2025-12,96,-9.739270833333334,-10.44,-8.93
Madhya Pradesh,GWALIOR,Gwalior(S)_1,2023-04,11,-21.28,-21.37,-21.18
Madhya Pradesh,GWALIOR,Gwalior(S)_1,2023-05,115,-21.52173913043478,-22.0,-21.01
Madhya Pradesh,GWALIOR,Gwalior(S)_1,2023-06,80,-21.822625,-22.24,-21.57
Madhya Pradesh,GWALIOR,Gwalior(S)_1,2023-07,120,-20.411583333333333,-21.57,-19.78
Madhya Pradesh,GWALIOR,Gwalior(S)_1,2023-08,124,-18.713629032258066,-20.0,-18.0
Madhya Pradesh,GWALIOR,Gwalior(S)_1,2023-09,108,-16.72712962962963,-18.39,-15.75
Madhya Pradesh,GWALIOR,Gwalior(S)_1,2023-10,107,-16.230934579439253,-16.79,-15.75
Madhya Pradesh,GWALIOR,Gwalior(S)_1,2023-11,112,-16.806160714285713,-17.06,-16.56
Madhya Pradesh,GWALIOR,Gwalior(S)_1,2023-12,120,-16.220916666666668,-16.63,-16.01
Madhya Pradesh,GWALIOR,Gwalior(S)_1,2024-01,89,-15.781235955056179,-16.1,-15.4
Madhya Pradesh,GWALIOR,Gwalior(S)_1,2024-02,109,-16.136513761467892,-16.94,-15.75
Madhya Pradesh,GWALIOR,Gwalior(S)_1,2024-03,124,-17.56483870967742,-18.65,-16.8
Madhya Pradesh,GWALIOR,Gwalior(S)_1,2024-04,112,-19.695178571428574,-20.84,-18.55
Madhya Pradesh,GWALIOR,Gwalior(S)_1,2024-05,120,-21.714333333333332,-22.69,-20.68
Madhya Pradesh,GWALIOR,Gwalior(S)_1,2024-06,112,-22.997410714285714,-23.43,-22.26
Madhya Pradesh,GWALIOR,Gwalior(S)_1,2024-07,121,-21.535371900826448,-22.99,-20.66
Madhya Pradesh,GWALIOR,Gwalior(S)_1,2024-09,91,-19.831626373626374,-23.779,-16.485
Madhya Pradesh,GWALIOR,Gwalior(S)_1,2024-10,65,-16.500630769230767,-16.665,-16.343
Madhya Pradesh,GWALIOR,Gwalior(S)_1,2024-11,87,-16.948310344827586,-17.329,-16.534
Madhya Pradesh,GWALIOR,Gwalior(S)_1,2024-12,88,-17.675329545454545,-17.994,-17.148
Madhya Pradesh,GWALIOR,Gwalior(S)_1,2025-01,68,-18.320235294117648,-18.937,-17.876
Madhya Pradesh,GWALIOR,Gwalior(S)_1,2025-02,43,-19.668232558139536,-20.295,-19.097
Madhya Pradesh,GWALIOR,Gwalior(S)_1,2025-03,60,-20.82225,-21.506,-20.085
Madhya Pradesh,GWALIOR,Gwalior(S)_1,2025-04,60,-22.02061666666667,-22.822,-21.41
Madhya Pradesh,GWALIOR,Gwalior(S)_1,2025-05,44,-23.011136363636364,-23.642,-22.489
Madhya Pradesh,GWALIOR,Gwalior(S)_1,2025-06,51,-23.152784313725487,-24.025,-20.792
Madhya Pradesh,GWALIOR,Gwalior(S)_1,2025-07,45,-16.20108888888889,-20.733,-10.337
Madhya Pradesh,GWALIOR,Gwalior(S)_1,2025-08,46,-9.799217391304348,-10.272,-8.901
Madhya Pradesh,GWALIOR,Gwalior(S)_1,2025-09,39,-8.017461538461538,-8.946,-7.691
Madhya Pradesh,GWALIOR,Gwalior(S)_1,2025-10,46,-7.821282608695652,-8.11,-7.572
Madhya Pradesh,GWALIOR,Gwalior(S)_1,2025-11,12,-8.308416666666666,-8.499,-8.171
Madhya Pradesh,GWALIOR,Gwalior(S)_1,2025-12,49,-8.623673469387755,-8.946,-8.335
Madhya Pradesh,HARDA,Handia(S)_1,2023-10,21,-2.630952380952381,-2.81,-2.42
Madhya Pradesh,HARDA,Handia(S)_1,2023-11,112,-3.530089285714286,-3.88,-2.83
Madhya Pradesh,HARDA,Handia(S)_1,2023-12,120,-3.0732500000000003,-3.8,-2.91
Madhya Pradesh,HARDA,Handia(S)_1,2024-01,124,-2.7156451612903227,-3.1,1.0
Madhya Pradesh,HARDA,Handia(S)_1,2024-02,112,-3.1650892857142856,-3.41,-2.96
Madhya Pradesh,HARDA,Handia(S)_1,2024-03,124,-3.3161290322580643,-4.25,-2.87
Madhya Pradesh,HARDA,Handia(S)_1,2024-04,108,-5.161666666666667,-5.48,-4.29
Madhya Pradesh,HARDA,Handia(S)_1,2024-05,116,-5.856810344827586,-6.14,-5.38
Madhya Pradesh,HARDA,Handia(S)_1,2024-06,116,-6.708706896551725,-7.18,-6.14
Madhya Pradesh,HARDA,Handia(S)_1,2024-07,120,-6.853666666666666,-7.6,-4.6
Madhya Pradesh,HARDA,Handia(S)_1,2024-08,108,-2.1775925925925925,-4.53,-1.47
Madhya Pradesh,HARDA,Handia(S)_1,2024-09,112,-1.4695535714285715,-2.21,1.0
Madhya Pradesh,HARDA,Handia(S)_1,2024-10,116,-2.939913793103448,-3.18,-2.23
Madhya Pradesh,HARDA,Handia(S)_1,2024-11,104,-3.521153846153846,-3.6,-3.19
Madhya Pradesh,HARDA,Handia(S)_1,2024-12,97,-3.3169072164948457,-3.59,-3.08
Madhya Pradesh,HARDA,Handia(S)_1,2025-01,116,-2.941637931034483,-3.45,-2.41
Madhya Pradesh,HARDA,Handia(S)_1,2025-02,87,-2.810574712643678,-3.34,1.0
Madhya Pradesh,HARDA,Handia(S)_1,2025-03,116,-3.7042241379310346,-5.6,-2.67
Madhya Pradesh,HARDA,Handia(S)_1,2025-04,93,-6.269247311827956,-6.53,-5.63
Madhya Pradesh,HARDA,Handia(S)_1,2025-05,84,-6.7055952380952375,-6.77,-6.53
Madhya Pradesh,HARDA,Handia(S)_1,2025-06,101,-6.156831683168317,-6.54,-5.97
Madhya Pradesh,HARDA,Handia(S)_1,2025-07,98,-3.8275510204081633,-5.94,-2.09
Madhya Pradesh,HARDA,Handia(S)_1,2025-08,89,-1.8501123595505617,-2.13,-1.57
Madhya Pradesh,HARDA,Handia(S)_1,2025-09,73,-1.3242465753424657,-1.52,-1.24
Madhya Pradesh,HARDA,Handia(S)_1,2025-10,107,-1.6162616822429907,-2.38,1.0
Madhya Pradesh,HARDA,Handia(S)_1,2025-11,53,-3.1060377358490565,-3.54,-2.39
Madhya Pradesh,HARDA,Handia(S)_1,2025-12,75,-3.4573333333333336,-4.02,-3.19
Madhya Pradesh,INDORE,Agriculture College Residence,2023-10,27,-53.36222222222222,-53.84,-52.91
Madhya Pradesh,INDORE,Agriculture College Residence,2023-11,112,-54.56964285714286,-57.18,-50.81
Madhya Pradesh,INDORE,Agriculture College Residence,2023-12,120,-57.18,-57.19,-57.17
Madhya Pradesh,INDORE,Agriculture College Residence,2024-01,124,-57.17991935483871,-57.2,-57.17
Madhya Pradesh,INDORE,Agriculture College Residence,2024-02,112,-57.18732142857142,-57.2,-57.18
Madhya Pradesh,INDORE,Agriculture College Residence,2024-03,124,-56.71951612903225,-57.19,1.0
Madhya Pradesh,INDORE,Agriculture College Residence,2024-04,112,-57.190089285714286,-57.2,-57.19
Madhya Pradesh,INDORE,Agriculture College Residence,2024-05,112,-57.192321428571425,-57.21,-57.18
Madhya Pradesh,INDORE,Agriculture College Residence,2024-06,116,-56.68870689655172,-57.2,1.0
Madhya Pradesh,INDORE,Agriculture College Residence,2024-07,124,-57.19161290322581,-57.2,-57.18
Madhya Pradesh,INDORE,Agriculture College Residence,2024-08,104,-57.20105769230769,-57.21,-57.19
Madhya Pradesh,INDORE,Agriculture College Residence,2024-09,108,-57.199444444444445,-57.2,-57.19
Madhya Pradesh,INDORE,Agriculture College Residence,2024-10,116,-57.197327586206896,-57.2,-57.19
Madhya Pradesh,INDORE,Agriculture College Residence,2024-11,104,-57.19211538461538,-57.2,-57.19
Madhya Pradesh,INDORE,Agriculture College Residence,2024-12,97,-57.19453608247422,-57.2,-57.19
Madhya Pradesh,INDORE,Agriculture College Residence,2025-01,116,-57.19,-57.19,-57.19
Madhya Pradesh,INDORE,Agriculture College Residence,2025-02,87,-56.51919540229885,-57.19,1.0
Madhya Pradesh,INDORE,Agriculture College Residence,2025-03,116,-57.19094827586206,-57.2,-57.19
Madhya Pradesh,INDORE,Agriculture College Residence,2025-04,105,-57.19180952380952,-57.2,-57.18
Madhya Pradesh,INDORE,Agriculture College Residence,2025-05,84,-57.19059523809524,-57.2,-57.19
Madhya Pradesh,INDORE,Agriculture College Residence,2025-06,101,-57.19435643564356,-57.2,-57.19
Madhya Pradesh,INDORE,Agriculture College Residence,2025-07,98,-57.19887755102041,-57.2,-57.19
Madhya Pradesh,INDORE,Agriculture College Residence,2025-08,77,-57.19974025974026,-57.2,-57.19
Madhya Pradesh,INDORE,Agriculture College Residence,2025-09,85,-57.195764705882354,-57.2,-57.19
Madhya Pradesh,INDORE,Agriculture College Residence,2025-10,82,-57.1890243902439,-57.2,-57.18
Madhya Pradesh,INDORE,Agriculture College Residence,2025-11,66,-57.18742424242424,-57.19,-57.18
Madhya Pradesh,INDORE,Agriculture College Residence,2025-12,56,-57.18232142857143,-57.19,-57.18
Madhya Pradesh,INDORE,Betma(D)_1,2023-05,27,-22.61888888888889,-24.29,-21.23
Madhya Pradesh,INDORE,Betma(D)_1,2023-06,78,-23.022435897435898,-26.13,-17.5
Madhya Pradesh,INDORE,Betma(D)_1,2023-07,124,-6.8140322580645165,-16.49,-1.96
Madhya Pradesh,INDORE,Betma(D)_1,2023-08,124,-3.4749193548387094,-5.52,-2.1
Madhya Pradesh,INDORE,Betma(D)_1,2023-09,112,-2.841160714285714,-5.69,-1.28
Madhya Pradesh,INDORE,Betma(D)_1,2023-10,109,-5.895688073394496,-10.64,-2.89
Madhya Pradesh,INDORE,Betma(D)_1,2023-11,112,-9.350535714285714,-12.01,-7.47
Madhya Pradesh,INDORE,Betma(D)_1,2023-12,120,-9.488249999999999,-13.01,-7.25
Madhya Pradesh,INDORE,Betma(D)_1,2024-01,124,-14.102661290322581,-19.78,-10.14
Madhya Pradesh,INDORE,Betma(D)_1,2024-02,112,-19.474642857142857,-23.54,-16.7
Madhya Pradesh,INDORE,Betma(D)_1,2024-03,124,-19.125,-24.91,-15.57
Madhya Pradesh,INDORE,Betma(D)_1,2024-04,112,-24.412499999999998,-26.48,-20.0
Madhya Pradesh,INDORE,Betma(D)_1,2024-05,116,-25.655172413793103,-27.02,-23.88
Madhya Pradesh,INDORE,Betma(D)_1,2024-06,116,-24.37146551724138,-27.13,-17.12
Madhya Pradesh,INDORE,Betma(D)_1,2024-07,116,-11.870086206896552,-21.09,-4.11
Madhya Pradesh,INDORE,Betma(D)_1,2024-08,108,-3.8419444444444446,-7.05,-1.75
Madhya Pradesh,INDORE,Betma(D)_1,2024-09,112,-3.2085714285714286,-5.76,-1.74
Madhya Pradesh,INDORE,Betma(D)_1,2024-10,116,-3.476465517241379,-6.19,-1.87
Madhya Pradesh,INDORE,Betma(D)_1,2024-11,104,-6.822307692307692,-10.2,-3.1
Madhya Pradesh,INDORE,Betma(D)_1,2024-12,93,-8.27494623655914,-9.88,-6.21
Madhya Pradesh,INDORE,Betma(D)_1,2025-01,116,-11.512241379310346,-16.48,-8.44
Madhya Pradesh,INDORE,Betma(D)_1,2025-02,87,-19.317011494252874,-24.64,-14.86
Madhya Pradesh,INDORE,Betma(D)_1,2025-03,116,-23.64008620689655,-25.51,-21.11
Madhya Pradesh,INDORE,Betma(D)_1,2025-04,82,-23.657926829268295,-25.78,-20.34
Madhya Pradesh,INDORE,Betma(D)_1,2025-05,83,-20.10168674698795,-25.18,-16.45
Madhya Pradesh,INDORE,Betma(D)_1,2025-06,89,-16.202696629213484,-19.75,-9.15
Madhya Pradesh,INDORE,Betma(D)_1,2025-07,98,-8.121938775510204,-10.1,-3.85
Madhya Pradesh,INDORE,Betma(D)_1,2025-08,82,-5.025,-8.69,-2.21
Madhya Pradesh,INDORE,Betma(D)_1,2025-09,22,-4.108181818181818,-5.38,-2.01
Madhya Pradesh,INDORE,Betma(D)_1,2025-11,20,-6.25545,-7.866,-5.426
Madhya Pradesh,INDORE,Betma(D)_1,2025-12,69,-9.730898550724637,-13.053,-7.031
Madhya Pradesh,INDORE,Betma(S)_1,2023-06,43,-24.280930232558138,-26.79,-18.2
Madhya Pradesh,INDORE,Betma(S)_1,2023-07,120,-7.430499999999999,-17.18,-2.61
Madhya Pradesh,INDORE,Betma(S)_1,2023-08,124,-4.074274193548387,-6.17,1.0
Madhya Pradesh,INDORE,Betma(S)_1,2023-09,108,-3.4010185185185184,-6.15,-1.92
Madhya Pradesh,INDORE,Betma(S)_1,2023-10,116,-6.617758620689655,-11.3,-3.54
Madhya Pradesh,INDORE,Betma(S)_1,2023-11,112,-10.008482142857144,-12.66,-8.12
Madhya Pradesh,INDORE,Betma(S)_1,2023-12,116,-10.213879310344828,-13.67,-7.89
Madhya Pradesh,INDORE,Betma(S)_1,2024-01,124,-14.76741935483871,-20.31,-10.79
Madhya Pradesh,INDORE,Betma(S)_1,2024-02,112,-20.145000000000003,-24.23,-17.37
Madhya Pradesh,INDORE,Betma(S)_1,2024-03,120,-19.835583333333332,-25.6,-16.24
Madhya Pradesh,INDORE,Betma(S)_1,2024-04,112,-25.110089285714285,-27.17,-20.69
Madhya Pradesh,INDORE,Betma(S)_1,2024-05,108,-26.22546296296296,-27.38,-24.58
Madhya Pradesh,INDORE,Betma(S)_1,2024-06,116,-24.619655172413793,-27.38,-17.35
Madhya Pradesh,INDORE,Betma(S)_1,2024-07,124,-12.229516129032259,-21.32,-4.32
Madhya Pradesh,INDORE,Betma(S)_1,2024-08,100,-3.9679,-7.17,-1.96
Madhya Pradesh,INDORE,Betma(S)_1,2024-09,112,-3.408035714285714,-5.96,-1.95
Madhya Pradesh,INDORE,Betma(S)_1,2024-10,116,-3.675689655172414,-6.42,-2.06
Madhya Pradesh,INDORE,Betma(S)_1,2024-11,108,-7.084722222222222,-10.45,-3.31
Madhya Pradesh,INDORE,Betma(S)_1,2024-12,93,-8.55247311827957,-10.11,-6.16
Madhya Pradesh,INDORE,Betma(S)_1,2025-01,116,-11.73448275862069,-16.77,-8.65
Madhya Pradesh,INDORE,Betma(S)_1,2025-02,87,-19.553103448275863,-24.87,-15.07
Madhya Pradesh,INDORE,Betma(S)_1,2025-03,116,-23.88103448275862,-25.76,-21.37
Madhya Pradesh,INDORE,Betma(S)_1,2025-04,78,-23.955641025641025,-26.09,-20.59
Madhya Pradesh,INDORE,Betma(S)_1,2025-05,87,-20.529540229885058,-25.49,-16.59
Madhya Pradesh,INDORE,Betma(S)_1,2025-06,101,-16.375445544554456,-19.86,-9.18
Madhya Pradesh,INDORE,Betma(S)_1,2025-07,98,-8.138367346938775,-10.17,-3.8
Madhya Pradesh,INDORE,Betma(S)_1,2025-08,83,-4.984457831325301,-8.71,-2.13
Madhya Pradesh,INDORE,Betma(S)_1,2025-09,84,-4.360595238095239,-6.03,-1.91
Madhya Pradesh,INDORE,Betma(S)_1,2025-10,100,-4.3586,-6.25,-2.15
Madhya Pradesh,INDORE,Betma(S)_1,2025-11,44,-4.024545454545454,-8.2,5.63
Madhya Pradesh,INDORE,Betma(S)_1,2025-12,67,-9.598358208955224,-13.45,-7.3
Madhya Pradesh,INDORE,Bilawali Tank_1,2023-05,25,-7.524,-8.0,-7.33
Madhya Pradesh,INDORE,Bilawali Tank_1,2023-06,80,-8.046625,-9.46,-7.49
Madhya Pradesh,INDORE,Bilawali Tank_1,2023-07,120,-6.872,-8.98,-5.12
Madhya Pradesh,INDORE,Bilawali Tank_1,2023-08,124,-5.71508064516129,-6.91,-5.25
Madhya Pradesh,INDORE,Bilawali Tank_1,2023-09,115,-4.1378260869565215,-6.34,-2.35
Madhya Pradesh,INDORE,Bilawali Tank_1,2023-10,104,-3.7009615384615384,-5.08,-3.3
Madhya Pradesh,INDORE,Bilawali Tank_1,2023-11,112,-4.007767857142857,-4.91,-3.77
Madhya Pradesh,INDORE,Bilawali Tank_1,2023-12,120,-4.104666666666667,-4.44,-3.81
Madhya Pradesh,INDORE,Bilawali Tank_1,2024-01,124,-4.480403225806452,-4.9,-4.23
Madhya Pradesh,INDORE,Bilawali Tank_1,2024-02,112,-5.010535714285714,-5.45,-4.67
Madhya Pradesh,INDORE,Bilawali Tank_1,2024-03,124,-5.736451612903227,-7.25,-5.18
Madhya Pradesh,INDORE,Bilawali Tank_1,2024-04,108,-6.690648148148148,-8.17,-6.03
Madhya Pradesh,INDORE,Bilawali Tank_1,2024-05,116,-7.724568965517241,-8.9,-6.9
Madhya Pradesh,INDORE,Bilawali Tank_1,2024-06,116,-8.598448275862069,-9.99,-8.23
Madhya Pradesh,INDORE,Bilawali Tank_1,2024-07,124,-8.653145161290322,-10.07,-7.78
Madhya Pradesh,INDORE,Bilawali Tank_1,2024-08,108,-6.8842592592592595,-9.09,-5.53
Madhya Pradesh,INDORE,Bilawali Tank_1,2024-09,112,-5.345267857142857,-7.12,-4.63
Madhya Pradesh,INDORE,Bilawali Tank_1,2024-10,116,-2.2256896551724137,-6.68,1.0
Madhya Pradesh,INDORE,Bilawali Tank_1,2024-11,112,0.8883035714285714,-5.3,1.0
Madhya Pradesh,INDORE,Bilawali Tank_1,2024-12,97,0.7921649484536083,-5.78,1.0
Madhya Pradesh,INDORE,Bilawali Tank_1,2025-01,116,-2.1423275862068967,-8.25,1.0
Madhya Pradesh,INDORE,Bilawali Tank_1,2025-02,87,-6.738390804597701,-44.22,1.0
Madhya Pradesh,INDORE,Bilawali Tank_1,2025-03,120,-8.011166666666666,-9.71,-7.39
Madhya Pradesh,INDORE,Bilawali Tank_1,2025-04,93,-8.97774193548387,-10.71,-8.34
Madhya Pradesh,INDORE,Bilawali Tank_1,2025-05,88,-9.746136363636364,-11.22,-9.27
Madhya Pradesh,INDORE,Bilawali Tank_1,2025-06,101,-10.631287128712872,-12.54,-9.91
Madhya Pradesh,INDORE,Bilawali Tank_1,2025-07,95,-9.458210526315789,-12.25,1.0
Madhya Pradesh,INDORE,Bilawali Tank_1,2025-08,92,-7.055108695652175,-10.91,1.0
Madhya Pradesh,INDORE,Bilawali Tank_1,2025-09,69,-4.212753623188406,-7.16,1.0
Madhya Pradesh,INDORE,Bilawali Tank_1,2025-10,102,-4.63343137254902,-5.83,1.0
Madhya Pradesh,INDORE,Bilawali Tank_1,2025-11,74,-5.709324324324324,-6.47,1.0
Madhya Pradesh,INDORE,Bilawali Tank_1,2025-12,74,-6.290945945945945,-7.33,1.0
Madhya Pradesh,INDORE,Chandrawatiganj_1,2023-05,28,-21.502142857142854,-21.64,-21.41
Madhya Pradesh,INDORE,Chandrawatiganj_1,2023-06,80,-20.461125000000003,-21.68,-18.74
Madhya Pradesh,INDORE,Chandrawatiganj_1,2023-07,124,-13.580564516129032,-18.83,-6.0
Madhya Pradesh,INDORE,Chandrawatiganj_1,2023-08,124,-5.38016129032258,-5.97,-5.05
Madhya Pradesh,INDORE,Chandrawatiganj_1,2023-09,112,-4.793839285714285,-6.39,-3.65
Madhya Pradesh,INDORE,Chandrawatiganj_1,2023-10,112,-6.112946428571428,-9.37,-4.52
Madhya Pradesh,INDORE,Chandrawatiganj_1,2023-11,112,-9.7525,-10.58,-9.15
Madhya Pradesh,INDORE,Chandrawatiganj_1,2023-12,120,-10.590666666666667,-12.06,-9.53
Madhya Pradesh,INDORE,Chandrawatiganj_1,2024-01,124,-12.809435483870967,-14.6,-11.89
Madhya Pradesh,INDORE,Chandrawatiganj_1,2024-02,112,-16.75017857142857,-18.49,-14.41
Madhya Pradesh,INDORE,Chandrawatiganj_1,2024-03,120,-18.25675,-18.89,-17.87
Madhya Pradesh,INDORE,Chandrawatiganj_1,2024-04,112,-18.82,-19.55,-18.26
Madhya Pradesh,INDORE,Chandrawatiganj_1,2024-05,116,-19.76206896551724,-20.56,-19.12
Madhya Pradesh,INDORE,Chandrawatiganj_1,2024-06,116,-20.056206896551725,-20.72,-18.99
Madhya Pradesh,INDORE,Chandrawatiganj_1,2024-07,120,-16.723416666666665,-19.02,-13.75
Madhya Pradesh,INDORE,Chandrawatiganj_1,2024-08,104,-9.05451923076923,-13.55,-5.64
Madhya Pradesh,INDORE,Chandrawatiganj_1,2024-09,112,-5.113214285714285,-5.89,-4.18
Madhya Pradesh,INDORE,Chandrawatiganj_1,2024-10,116,-4.739310344827586,-5.72,-4.15
Madhya Pradesh,INDORE,Chandrawatiganj_1,2024-11,108,-7.448981481481481,-8.33,-5.33
Madhya Pradesh,INDORE,Chandrawatiganj_1,2024-12,97,-9.23659793814433,-10.49,-8.06
Madhya Pradesh,INDORE,Chandrawatiganj_1,2025-01,116,-11.675172413793103,-13.87,-10.07
Madhya Pradesh,INDORE,Chandrawatiganj_1,2025-02,95,-16.534736842105264,-19.63,-14.23
Madhya Pradesh,INDORE,Chandrawatiganj_1,2025-03,120,-20.853333333333335,-21.76,-19.32
Madhya Pradesh,INDORE,Chandrawatiganj_1,2025-04,82,-21.4940243902439,-21.99,-21.17
Madhya Pradesh,INDORE,Chandrawatiganj_1,2025-05,79,-21.922151898734175,-22.15,-21.72
Madhya Pradesh,INDORE,Chandrawatiganj_1,2025-06,101,-21.812673267326733,-22.24,-20.69
Madhya Pradesh,INDORE,Chandrawatiganj_1,2025-07,95,-17.870947368421053,-20.59,-16.3
Madhya Pradesh,INDORE,Chandrawatiganj_1,2025-08,93,-15.160000000000002,-16.63,-12.41
Madhya Pradesh,INDORE,Chandrawatiganj_1,2025-09,70,-6.831571428571428,-10.76,-4.98
Madhya Pradesh,INDORE,Chandrawatiganj_1,2025-10,92,-5.638586956521739,-7.65,-4.96
Madhya Pradesh,INDORE,Chandrawatiganj_1,2025-11,69,-7.906376811594202,-9.05,-7.2
Madhya Pradesh,INDORE,Chandrawatiganj_1,2025-12,81,-11.05395061728395,-13.1,-9.15
Madhya Pradesh,INDORE,Depalpur Block_1,2023-05,29,-18.017241379310345,-18.05,-17.99
Madhya Pradesh,INDORE,Depalpur Block_1,2023-06,80,-18.157375,-18.25,-18.04
Madhya Pradesh,INDORE,Depalpur Block_1,2023-07,120,-8.449916666666667,-18.22,1.0
Madhya Pradesh,INDORE,Depalpur Block_1,2023-08,124,-2.0951612903225807,-2.81,-1.21
Madhya Pradesh,INDORE,Depalpur Block_1,2023-09,112,-1.5850000000000002,-3.22,-0.53
Madhya Pradesh,INDORE,Depalpur Block_1,2023-10,108,-2.725185185185185,-5.65,-1.56
Madhya Pradesh,INDORE,Depalpur Block_1,2023-11,112,-7.505000000000001,-10.01,-5.74
Madhya Pradesh,INDORE,Depalpur Block_1,2023-12,120,-11.629,-14.02,-9.24
Madhya Pradesh,INDORE,Depalpur Block_1,2024-01,124,-15.250967741935483,-16.03,-14.06
Madhya Pradesh,INDORE,Depalpur Block_1,2024-02,112,-16.580089285714287,-16.99,-16.05
Madhya Pradesh,INDORE,Depalpur Block_1,2024-03,124,-17.285,-17.52,-17.0
Madhya Pradesh,INDORE,Depalpur Block_1,2024-04,112,-17.714375,-17.86,-17.52
Madhya Pradesh,INDORE,Depalpur Block_1,2024-05,108,-17.98972222222222,-18.1,-17.86
Madhya Pradesh,INDORE,Depalpur Block_1,2024-06,116,-18.027413793103445,-18.3,-15.31
Madhya Pradesh,INDORE,Depalpur Block_1,2024-07,120,-16.5415,-17.65,-13.6
Madhya Pradesh,INDORE,Depalpur Block_1,2024-08,104,-8.253557692307693,-13.54,-4.81
Madhya Pradesh,INDORE,Depalpur Block_1,2024-09,108,-3.248425925925926,-4.83,-1.86
Madhya Pradesh,INDORE,Depalpur Block_1,2024-10,113,-2.5061061946902656,-4.24,-1.82
Madhya Pradesh,INDORE,Depalpur Block_1,2024-11,103,-7.044757281553398,-9.88,-4.51
Madhya Pradesh,INDORE,Depalpur Block_1,2024-12,93,-11.951827956989247,-13.62,-9.92
Madhya Pradesh,INDORE,Depalpur Block_1,2025-01,116,-15.013965517241381,-15.99,-14.22
Madhya Pradesh,INDORE,Depalpur Block_1,2025-02,87,-16.59919540229885,-17.1,-16.15
Madhya Pradesh,INDORE,Depalpur Block_1,2025-03,120,-17.44591666666667,-17.73,-17.11
Madhya Pradesh,INDORE,Depalpur Block_1,2025-04,81,-17.88283950617284,-18.07,-17.73
Madhya Pradesh,INDORE,Depalpur Block_1,2025-05,88,-18.215795454545454,-18.3,-18.07
Madhya Pradesh,INDORE,Depalpur Block_1,2025-06,101,-18.375643564356437,-18.46,-18.29
Madhya Pradesh,INDORE,Depalpur Block_1,2025-07,98,-18.290408163265308,-18.46,-17.5
Madhya Pradesh,INDORE,Depalpur Block_1,2025-08,85,-14.981058823529413,-17.45,-7.98
Madhya Pradesh,INDORE,Depalpur Block_1,2025-09,74,-2.042297297297297,-4.07,-1.16
Madhya Pradesh,INDORE,Depalpur Block_1,2025-10,114,-1.7766666666666666,-2.41,-0.93
Madhya Pradesh,INDORE,Depalpur Block_1,2025-11,64,-3.660625,-4.75,-2.4
Madhya Pradesh,INDORE,Depalpur Block_1,2025-12,80,-9.104000000000001,-11.72,-6.06
Madhya Pradesh,INDORE,Gautampura Tehsil_1,2023-05,30,-31.236666666666668,-35.41,-29.63
Madhya Pradesh,INDORE,Gautampura Tehsil_1,2023-06,80,-34.27525,-36.37,-30.43
Madhya Pradesh,INDORE,Gautampura Tehsil_1,2023-07,120,-17.389416666666666,-35.63,-8.66
Madhya Pradesh,INDORE,Gautampura Tehsil_1,2023-08,124,-6.918629032258064,-8.6,-6.51
Madhya Pradesh,INDORE,Gautampura Tehsil_1,2023-09,108,-4.890462962962963,-7.25,-3.16
Madhya Pradesh,INDORE,Gautampura Tehsil_1,2023-10,108,-5.544444444444444,-6.85,-4.43
Madhya Pradesh,INDORE,Gautampura Tehsil_1,2023-11,112,-7.923571428571429,-8.96,-6.8
Madhya Pradesh,INDORE,Gautampura Tehsil_1,2023-12,116,-9.04241379310345,-10.16,-7.93
Madhya Pradesh,INDORE,Gautampura Tehsil_1,2024-01,124,-10.583064516129031,-11.74,-10.1
Madhya Pradesh,INDORE,Gautampura Tehsil_1,2024-02,112,-13.373035714285715,-14.62,-11.75
Madhya Pradesh,INDORE,Gautampura Tehsil_1,2024-03,124,-15.80524193548387,-17.96,-14.65
Madhya Pradesh,INDORE,Gautampura Tehsil_1,2024-04,112,-18.015357142857145,-20.19,-16.85
Madhya Pradesh,INDORE,Gautampura Tehsil_1,2024-05,120,-25.335083333333333,-32.26,-18.1
Madhya Pradesh,INDORE,Gautampura Tehsil_1,2024-06,120,-20.03033333333333,-28.42,-18.45
Madhya Pradesh,INDORE,Gautampura Tehsil_1,2024-07,116,-16.314913793103447,-18.8,-14.65
Madhya Pradesh,INDORE,Gautampura Tehsil_1,2024-08,116,-10.467672413793103,-14.62,-7.48
Madhya Pradesh,INDORE,Gautampura Tehsil_1,2024-09,116,-6.186034482758621,-7.47,-4.49
Madhya Pradesh,INDORE,Gautampura Tehsil_1,2024-10,116,-4.565603448275862,-4.99,-4.27
Madhya Pradesh,INDORE,Gautampura Tehsil_1,2024-11,97,-6.387216494845361,-7.54,-4.98
Madhya Pradesh,INDORE,Gautampura Tehsil_1,2024-12,92,-8.722608695652173,-9.57,-7.74
Madhya Pradesh,INDORE,Gautampura Tehsil_1,2025-01,116,-10.556034482758621,-11.97,-9.34
Madhya Pradesh,INDORE,Gautampura Tehsil_1,2025-02,87,-13.72448275862069,-15.73,-12.26
Madhya Pradesh,INDORE,Gautampura Tehsil_1,2025-03,116,-17.65801724137931,-22.26,-15.67
Madhya Pradesh,INDORE,Gautampura Tehsil_1,2025-04,89,-31.354606741573033,-40.85,-19.09
Madhya Pradesh,INDORE,Gautampura Tehsil_1,2025-05,84,-41.329880952380954,-42.51,-38.81
Madhya Pradesh,INDORE,Gautampura Tehsil_1,2025-06,97,-40.467835051546395,-43.25,1.0
Madhya Pradesh,INDORE,Gautampura Tehsil_1,2025-07,98,-20.736836734693878,-37.08,-17.57
Madhya Pradesh,INDORE,Gautampura Tehsil_1,2025-08,82,-17.008780487804877,-17.55,-15.69
Madhya Pradesh,INDORE,Gautampura Tehsil_1,2025-09,66,-7.20969696969697,-12.89,-5.17
Madhya Pradesh,INDORE,Gautampura Tehsil_1,2025-10,103,-5.376699029126213,-6.09,-4.9
Madhya Pradesh,INDORE,Gautampura Tehsil_1,2025-11,71,-6.724084507042254,-7.79,-5.97
Madhya Pradesh,INDORE,Gautampura Tehsil_1,2025-12,70,-9.39342857142857,-10.37,-8.19
Madhya Pradesh,INDORE,Indore(S)_1,2023-05,22,-13.010909090909092,-13.27,-12.72
Madhya Pradesh,INDORE,Indore(S)_1,2023-06,80,-14.182374999999999,-15.53,-13.02
Madhya Pradesh,INDORE,Indore(S)_1,2023-07,120,-8.793416666666667,-13.68,-4.31
Madhya Pradesh,INDORE,Indore(S)_1,2023-08,124,-4.643548387096774,-5.22,-4.25
Madhya Pradesh,INDORE,Indore(S)_1,2023-09,108,-4.230370370370371,-5.45,-3.5
Madhya Pradesh,INDORE,Indore(S)_1,2023-10,102,-4.635196078431373,-5.49,-4.15
Madhya Pradesh,INDORE,Indore(S)_1,2023-11,112,-5.371964285714285,-6.56,-4.86
Madhya Pradesh,INDORE,Indore(S)_1,2023-12,120,-5.614416666666667,-6.82,-4.91
Madhya Pradesh,INDORE,Indore(S)_1,2024-01,124,-6.248225806451613,-7.37,-5.62
Madhya Pradesh,INDORE,Indore(S)_1,2024-02,112,-7.580803571428571,-9.19,-6.54
Madhya Pradesh,INDORE,Indore(S)_1,2024-03,124,-9.794112903225807,-11.43,-8.43
Madhya Pradesh,INDORE,Indore(S)_1,2024-04,108,-12.833796296296295,-14.59,-10.84
Madhya Pradesh,INDORE,Indore(S)_1,2024-05,120,-19.19225,-35.74,-14.26
Madhya Pradesh,INDORE,Indore(S)_1,2024-06,112,-38.92741071428571,-39.25,-35.03
Madhya Pradesh,INDORE,Indore(S)_1,2024-07,120,-19.173000000000002,-37.36,-12.42
Madhya Pradesh,INDORE,Indore(S)_1,2024-08,104,-8.294807692307693,-12.61,-3.33
Madhya Pradesh,INDORE,Indore(S)_1,2024-09,112,-3.4185714285714286,-4.17,-2.88
Madhya Pradesh,INDORE,Indore(S)_1,2024-10,116,-3.7143103448275863,-4.23,-3.23
Madhya Pradesh,INDORE,Indore(S)_1,2024-11,108,-4.581574074074074,-5.43,-3.83
Madhya Pradesh,INDORE,Indore(S)_1,2024-12,97,-5.862783505154638,-6.74,-4.97
Madhya Pradesh,INDORE,Indore(S)_1,2025-01,116,-7.038793103448276,-8.52,-6.12
Madhya Pradesh,INDORE,Indore(S)_1,2025-02,87,-9.058850574712643,-11.05,-7.83
Madhya Pradesh,INDORE,Indore(S)_1,2025-03,120,-12.090750000000002,-14.0,-10.33
Madhya Pradesh,INDORE,Indore(S)_1,2025-04,85,-17.918117647058825,-33.63,-13.94
Madhya Pradesh,INDORE,Indore(S)_1,2025-05,80,-32.873374999999996,-37.89,-28.39
Madhya Pradesh,INDORE,Indore(S)_1,2025-06,94,-37.11478723404255,-38.97,-26.99
Madhya Pradesh,INDORE,Indore(S)_1,2025-07,98,-19.35581632653061,-26.79,-10.94
Madhya Pradesh,INDORE,Indore(S)_1,2025-08,92,-7.456630434782609,-10.68,-4.45
Madhya Pradesh,INDORE,Indore(S)_1,2025-09,81,-3.4849382716049377,-3.89,-3.12
Madhya Pradesh,INDORE,Indore(S)_1,2025-10,102,-3.568333333333334,-4.26,-2.96
Madhya Pradesh,INDORE,Indore(S)_1,2025-11,66,-4.230909090909091,-4.93,-3.71
Madhya Pradesh,INDORE,Indore(S)_1,2025-12,82,-5.325243902439024,-6.15,-4.42
Madhya Pradesh,INDORE,Indorecity Mhownaka_1,2023-05,19,-23.475789473684213,-24.02,-22.75
Madhya Pradesh,INDORE,Indorecity Mhownaka_1,2023-06,80,-23.64,-25.62,-21.38
Madhya Pradesh,INDORE,Indorecity Mhownaka_1,2023-07,120,-20.513333333333332,-21.77,-19.56
Madhya Pradesh,INDORE,Indorecity Mhownaka_1,2023-08,124,-20.168870967741935,-20.67,-19.75
Madhya Pradesh,INDORE,Indorecity Mhownaka_1,2023-09,112,-19.771874999999998,-20.84,-19.02
Madhya Pradesh,INDORE,Indorecity Mhownaka_1,2023-10,106,-20.505754716981134,-21.11,-19.9
Madhya Pradesh,INDORE,Indorecity Mhownaka_1,2023-11,112,-21.0275,-21.32,-20.79
Madhya Pradesh,INDORE,Indorecity Mhownaka_1,2023-12,120,-27.790666666666667,-28.8,-20.74
Madhya Pradesh,INDORE,Indorecity Mhownaka_1,2024-01,124,-28.779354838709676,-28.8,-28.75
Madhya Pradesh,INDORE,Indorecity Mhownaka_1,2024-02,112,-28.77982142857143,-28.81,-28.75
Madhya Pradesh,INDORE,Indorecity Mhownaka_1,2024-03,124,-28.769112903225807,-28.79,-28.74
Madhya Pradesh,INDORE,Indorecity Mhownaka_1,2024-04,112,-28.755625000000002,-28.78,-28.73
Madhya Pradesh,INDORE,Indorecity Mhownaka_1,2024-05,112,-28.735535714285714,-28.77,-28.7
Madhya Pradesh,INDORE,Indorecity Mhownaka_1,2024-06,112,-28.723035714285714,-28.76,-28.68
Madhya Pradesh,INDORE,Indorecity Mhownaka_1,2024-07,120,-28.704083333333333,-28.74,-28.68
Madhya Pradesh,INDORE,Indorecity Mhownaka_1,2024-08,112,-28.728125,-28.75,-28.69
Madhya Pradesh,INDORE,Indorecity Mhownaka_1,2024-09,108,-28.733055555555556,-28.77,-28.71
Madhya Pradesh,INDORE,Indorecity Mhownaka_1,2024-10,116,-28.762327586206894,-28.78,-28.74
Madhya Pradesh,INDORE,Indorecity Mhownaka_1,2024-11,108,-28.777129629629627,-28.79,-28.76
Madhya Pradesh,INDORE,Indorecity Mhownaka_1,2024-12,97,-28.77247422680412,-28.8,-28.75
Madhya Pradesh,INDORE,Indorecity Mhownaka_1,2025-01,116,-28.777672413793105,-28.8,-28.75
Madhya Pradesh,INDORE,Indorecity Mhownaka_1,2025-02,87,-28.777471264367815,-28.8,-28.76
Madhya Pradesh,INDORE,Indorecity Mhownaka_1,2025-03,116,-28.768275862068965,-28.79,-28.74
Madhya Pradesh,INDORE,Indorecity Mhownaka_1,2025-04,89,-28.75067415730337,-28.78,-28.72
Madhya Pradesh,INDORE,Indorecity Mhownaka_1,2025-05,84,-28.726309523809523,-28.76,-28.69
Madhya Pradesh,INDORE,Indorecity Mhownaka_1,2025-06,101,-28.71861386138614,-28.76,-28.68
Madhya Pradesh,INDORE,Indorecity Mhownaka_1,2025-07,94,-28.71755319148936,-28.74,-28.7
Madhya Pradesh,INDORE,Indorecity Mhownaka_1,2025-08,93,-28.738494623655914,-28.76,-28.71
Madhya Pradesh,INDORE,Indorecity Mhownaka_1,2025-09,78,-28.74717948717949,-28.77,-28.71
Madhya Pradesh,INDORE,Indorecity Mhownaka_1,2025-10,114,-28.769912280701753,-28.79,-28.73
Madhya Pradesh,INDORE,Indorecity Mhownaka_1,2025-11,23,-28.77695652173913,-28.79,-28.77
Madhya Pradesh,JABALPUR,Bargi Pz_1,2023-10,43,-8.06,-8.17,-8.0
Madhya Pradesh,JABALPUR,Bargi Pz_1,2023-11,112,-8.374732142857143,-8.51,-8.19
Madhya Pradesh,JABALPUR,Bargi Pz_1,2023-12,116,-8.572931034482759,-8.74,-8.5
Madhya Pradesh,JABALPUR,Bargi Pz_1,2024-01,124,-8.733387096774194,-8.98,-8.53
Madhya Pradesh,JABALPUR,Bargi Pz_1,2024-02,112,-8.848035714285714,-9.28,1.0
Madhya Pradesh,JABALPUR,Bargi Pz_1,2024-03,120,-8.950666666666667,-9.5,1.0
Madhya Pradesh,JABALPUR,Bargi Pz_1,2024-04,112,-9.447232142857143,-9.56,-9.36
Madhya Pradesh,JABALPUR,Bargi Pz_1,2024-05,108,-9.44425925925926,-9.95,1.0
Madhya Pradesh,JABALPUR,Bargi Pz_1,2024-06,116,-10.081637931034482,-10.17,-9.91
Madhya Pradesh,JABALPUR,Bargi Pz_1,2024-07,124,-9.042741935483871,-9.89,-7.98
Madhya Pradesh,JABALPUR,Bargi Pz_1,2024-08,104,-6.922884615384616,-7.97,-6.51
Madhya Pradesh,JABALPUR,Bargi Pz_1,2024-09,112,-6.4556249999999995,-6.95,1.0
Madhya Pradesh,JABALPUR,Bargi Pz_1,2024-10,113,-7.203805309734513,-8.09,1.0
Madhya Pradesh,JABALPUR,Bargi Pz_1,2024-11,103,-7.832427184466019,-8.69,1.0
Madhya Pradesh,JABALPUR,Bargi Pz_1,2024-12,93,-5.849462365591398,-8.89,1.0
Madhya Pradesh,JABALPUR,Bargi Pz_1,2025-01,116,-5.341293103448276,-9.08,1.0
Madhya Pradesh,JABALPUR,Bargi Pz_1,2025-02,87,-3.2439080459770118,-9.41,1.0
Madhya Pradesh,JABALPUR,Bargi Pz_1,2025-03,116,-3.5317241379310347,-9.61,1.0
Madhya Pradesh,JABALPUR,Bargi Pz_1,2025-04,96,-3.6566666666666667,-9.75,1.0
Madhya Pradesh,JABALPUR,Bargi Pz_1,2025-05,84,-5.363214285714285,-9.78,1.0
Madhya Pradesh,JABALPUR,Bargi Pz_1,2025-06,101,-6.123366336633664,-9.69,1.0
Madhya Pradesh,JABALPUR,Bargi Pz_1,2025-07,97,-7.432164948453607,-9.22,1.0
Madhya Pradesh,JABALPUR,Bargi Pz_1,2025-08,85,-4.307529411764706,-7.63,63.79
Madhya Pradesh,JABALPUR,Bargi Pz_1,2025-09,88,-0.7826136363636365,-6.92,1.0
Madhya Pradesh,JABALPUR,Bargi Pz_1,2025-10,106,0.6581132075471698,-8.12,1.0
Madhya Pradesh,JABALPUR,Bargi Pz_1,2025-11,68,1.0,1.0,1.0
Madhya Pradesh,JABALPUR,Bargi Pz_1,2025-12,84,1.0,1.0,1.0
Madhya Pradesh,JHABUA,Bamnia(D)_1,2023-10,37,-14.544594594594594,-19.85,-8.15
Madhya Pradesh,JHABUA,Bamnia(D)_1,2023-11,112,-24.185357142857146,-28.58,-16.15
Madhya Pradesh,JHABUA,Bamnia(D)_1,2023-12,116,-18.475086206896552,-24.56,-12.33
Madhya Pradesh,JHABUA,Bamnia(D)_1,2024-01,124,-22.423709677419353,-25.66,-18.16
Madhya Pradesh,JHABUA,Bamnia(D)_1,2024-02,112,-27.021607142857142,-28.99,-24.27
Madhya Pradesh,JHABUA,Bamnia(D)_1,2024-03,124,-28.891935483870967,-29.52,-27.92
Madhya Pradesh,JHABUA,Bamnia(D)_1,2024-04,112,-29.400892857142857,-29.52,-28.66
Madhya Pradesh,JHABUA,Bamnia(D)_1,2024-05,108,-29.50416666666667,-29.51,-29.36
Madhya Pradesh,JHABUA,Bamnia(D)_1,2024-06,108,-28.314537037037038,-29.51,-20.33
Madhya Pradesh,JHABUA,Bamnia(D)_1,2024-07,116,-14.546206896551723,-23.09,-4.79
Madhya Pradesh,JHABUA,Bamnia(D)_1,2024-08,112,-5.505535714285714,-10.85,-3.38
Madhya Pradesh,JHABUA,Bamnia(D)_1,2024-09,112,-4.812053571428572,-9.96,-3.4
Madhya Pradesh,JHABUA,Bamnia(D)_1,2024-10,116,-7.592413793103448,-15.55,-3.74
Madhya Pradesh,JHABUA,Bamnia(D)_1,2024-11,112,-20.285982142857144,-27.39,-10.2
Madhya Pradesh,JHABUA,Bamnia(D)_1,2024-12,97,-27.809896907216494,-29.31,-25.52
Madhya Pradesh,JHABUA,Bamnia(D)_1,2025-01,116,-28.25120689655172,-29.53,-26.5
Madhya Pradesh,JHABUA,Bamnia(D)_1,2025-02,91,-29.525054945054947,-29.53,-29.52
Madhya Pradesh,JHABUA,Bamnia(D)_1,2025-03,25,-29.5256,-29.53,-29.52
Madhya Pradesh,JHABUA,Bamnia(D)_1,2025-04,28,-28.100357142857145,-28.149,-28.05
Madhya Pradesh,JHABUA,Bamnia(D)_1,2025-05,83,-23.18718072289157,-29.53,-13.13
Madhya Pradesh,JHABUA,Bamnia(D)_1,2025-06,82,-20.53158536585366,-26.22,-7.73
Madhya Pradesh,JHABUA,Bamnia(D)_1,2025-07,26,-5.293461538461538,-7.99,-3.15
Madhya Pradesh,Khargone,Abhapuri_1,2024-01,72,-30.594263888888886,-43.1,0.0
Madhya Pradesh,Khargone,Abhapuri_1,2024-02,116,-38.730137931034484,-41.442,-34.905
Madhya Pradesh,Khargone,Abhapuri_1,2024-03,124,-47.06920161290323,-55.224,-41.465
Madhya Pradesh,Khargone,Abhapuri_1,2024-04,120,-44.299425,-62.192,0.0
Madhya Pradesh,Khargone,Abhapuri_1,2024-05,124,-42.78517741935484,-56.298,0.0
Madhya Pradesh,Khargone,Abhapuri_1,2024-06,120,-41.51040833333333,-49.537,0.0
Madhya Pradesh,Khargone,Abhapuri_1,2024-07,124,-38.756499999999996,-41.915,-34.614
Madhya Pradesh,Khargone,Abhapuri_1,2024-08,124,-49.50662903225807,-57.195,-41.915
Madhya Pradesh,Khargone,Abhapuri_1,2024-09,121,-38.947429752066114,-58.833,-7.505
Madhya Pradesh,Khargone,Abhapuri_1,2024-10,124,-42.9566129032258,-44.075,-42.06
Madhya Pradesh,Khargone,Abhapuri_1,2024-11,100,-45.77177,-47.452,-44.112
Madhya Pradesh,Khargone,Abhapuri_1,2024-12,72,-48.12561111111111,-48.734,-47.038
Madhya Pradesh,Khargone,Abhapuri_1,2025-01,105,-49.09351428571429,-49.467,-48.675
Madhya Pradesh,Khargone,Abhapuri_1,2025-02,31,-49.480225806451614,-51.08,-48.97
Madhya Pradesh,Khargone,Abhapuri_1,2025-03,120,-52.57980833333333,-55.063,-50.709
Madhya Pradesh,Khargone,Abhapuri_1,2025-04,88,-53.35844318181818,-54.42,-52.505
Madhya Pradesh,Khargone,Abhapuri_1,2025-05,96,-55.33516666666667,-57.108,-53.278
Madhya Pradesh,Khargone,Abhapuri_1,2025-06,62,-56.9015,-58.279,-55.813
Madhya Pradesh,Khargone,Abhapuri_1,2025-07,17,-47.92782352941177,-48.998,-47.367
Madhya Pradesh,Khargone,Abhapuri_1,2025-08,82,-46.78581707317073,-48.438,1.0
Madhya Pradesh,Khargone,Abhapuri_1,2025-09,84,-42.39642857142857,-45.094,-41.313
Madhya Pradesh,Khargone,Abhapuri_1,2025-10,58,-42.86148275862069,-44.248,1.0
Madhya Pradesh,Khargone,Badud,2024-02,39,-7.934102564102564,-9.78,-7.53
Madhya Pradesh,Khargone,Badud,2024-03,76,-9.418026315789474,-11.07,-8.25
Madhya Pradesh,Khargone,Badud,2024-04,77,-9.280129870129871,-9.85,-8.97
Madhya Pradesh,Khargone,Badud,2024-09,85,-7.093023529411765,-7.839,-6.391
Madhya Pradesh,Khargone,Badud,2024-10,124,-5.755766129032258,-6.482,-5.073
Madhya Pradesh,Khargone,Badud,2024-11,112,-5.738883928571428,-8.244,-4.876
Madhya Pradesh,Khargone,Badud,2024-12,72,-7.375388888888889,-9.247,-6.378
Madhya Pradesh,Khargone,Badud,2025-01,101,-7.249287128712871,-9.218,-6.54
Madhya Pradesh,Khargone,Badud,2025-02,31,-7.750322580645161,-9.727,-7.239
Madhya Pradesh,Khargone,Badud,2025-03,124,-8.66575806451613,-10.616,-7.258
Madhya Pradesh,Khargone,Badud,2025-04,72,-8.555777777777777,-9.172,1.0
Madhya Pradesh,Khargone,Badud,2025-05,92,-11.222369565217392,-13.746,-8.854
Madhya Pradesh,Khargone,Badud,2025-06,66,-12.068515151515152,-14.211,-11.622
Madhya Pradesh,Khargone,Badud,2025-07,25,-9.400120000000001,-9.797,-9.112
Madhya Pradesh,Khargone,Badud,2025-08,78,-8.350589743589744,-9.098,-7.381
Madhya Pradesh,Khargone,Badud,2025-09,84,-6.272559523809524,-7.18,-5.123
Madhya Pradesh,Khargone,Badud,2025-10,61,-4.804704918032787,-5.123,-4.468
Madhya Pradesh,Khargone,Besrakund,2024-01,64,-25.2655625,-48.0,0.0
Madhya Pradesh,Khargone,Besrakund,2024-02,116,-24.030379310344827,-39.44,0.0
Madhya Pradesh,Khargone,Besrakund,2024-03,124,-26.68189516129032,-29.34,0.0
Madhya Pradesh,Khargone,Besrakund,2024-04,120,-34.275533333333335,-37.934,-27.41
Madhya Pradesh,Khargone,Besrakund,2024-05,124,-30.778387096774193,-47.081,0.0
Madhya Pradesh,Khargone,Besrakund,2024-06,120,-41.72179166666667,-48.843,0.0
Madhya Pradesh,Khargone,Besrakund,2024-07,124,-17.822298387096776,-36.742,-0.186
Madhya Pradesh,Khargone,Besrakund,2024-08,124,-22.3855,-26.179,-18.04
Madhya Pradesh,Khargone,Besrakund,2024-09,120,-27.211816666666667,-29.451,-26.22
Madhya Pradesh,Khargone,Besrakund,2024-10,124,-34.795241935483865,-37.685,-29.485
Madhya Pradesh,Khargone,Besrakund,2025-01,96,-35.76383333333333,-50.286,1.0
Madhya Pradesh,Khargone,Besrakund,2025-02,87,-35.205885057471264,-63.487,1.0
Madhya Pradesh,Khargone,Besrakund,2025-03,124,-51.23901612903226,-65.177,1.0
Madhya Pradesh,Khargone,Besrakund,2025-04,96,-53.87432291666667,-68.521,1.0
Madhya Pradesh,Khargone,Besrakund,2025-05,92,-47.70007608695652,-79.062,1.0
Madhya Pradesh,Khargone,Besrakund,2025-06,84,-54.42915476190476,-74.221,1.0
Madhya Pradesh,Khargone,Besrakund,2025-07,80,-31.48555,-61.265,-3.821
Madhya Pradesh,Khargone,Besrakund,2025-08,86,-3.517220930232558,-3.875,1.0
Madhya Pradesh,Khargone,Besrakund,2025-09,83,-2.2116626506024097,-3.242,1.0
Madhya Pradesh,Khargone,Besrakund,2025-10,113,-3.098761061946903,-9.509,1.0
Madhya Pradesh,Khargone,Besrakund,2025-11,34,-6.263676470588235,-10.241,1.0
Madhya Pradesh,Khargone,Bhikangaon(D)_1,2023-10,22,-4.969090909090909,-5.41,-4.77
Madhya Pradesh,Khargone,Bhikangaon(D)_1,2023-11,112,-6.194821428571429,-7.87,-5.03
Madhya Pradesh,Khargone,Bhikangaon(D)_1,2023-12,120,-7.12425,-10.21,-5.61
Madhya Pradesh,Khargone,Bhikangaon(D)_1,2024-01,124,-10.382822580645161,-13.11,-7.27
Madhya Pradesh,Khargone,Bhikangaon(D)_1,2024-02,108,-12.509722222222221,-13.12,-8.79
Madhya Pradesh,Khargone,Bhikangaon(D)_1,2024-03,124,-11.952580645161289,-13.11,-9.38
Madhya Pradesh,Khargone,Bhikangaon(D)_1,2024-04,112,-12.917321428571428,-13.11,-11.19
Madhya Pradesh,Khargone,Bhikangaon(D)_1,2024-05,116,-13.1,-13.1,-13.1
Madhya Pradesh,Khargone,Bhikangaon(D)_1,2024-06,112,-13.100357142857144,-13.11,-13.1
Madhya Pradesh,Khargone,Bhikangaon(D)_1,2024-07,120,-8.626416666666668,-13.11,-2.21
Madhya Pradesh,Khargone,Bhikangaon(D)_1,2024-08,100,-3.2655000000000003,-3.97,-2.37
Madhya Pradesh,Khargone,Bhikangaon(D)_1,2024-09,108,-3.1110185185185184,-3.93,-2.17
Madhya Pradesh,Khargone,Bhikangaon(D)_1,2024-10,116,-4.267413793103448,-5.38,-3.67
Madhya Pradesh,Khargone,Bhikangaon(D)_1,2024-11,108,-5.955092592592592,-7.18,-4.5
Madhya Pradesh,Khargone,Bhikangaon(D)_1,2024-12,97,-7.660721649484536,-10.16,-6.14
Madhya Pradesh,Khargone,Bhikangaon(D)_1,2025-01,116,-10.427586206896551,-13.11,-6.84
Madhya Pradesh,Khargone,Bhikangaon(D)_1,2025-02,87,-13.051034482758622,-13.11,-11.82
Madhya Pradesh,Khargone,Bhikangaon(D)_1,2025-03,120,-13.10075,-13.11,-13.1
Madhya Pradesh,Khargone,Bhikangaon(D)_1,2025-04,97,-12.958865979381443,-13.11,1.0
Madhya Pradesh,Khargone,Bhikangaon(D)_1,2025-05,88,-13.108636363636363,-13.11,-13.1
Madhya Pradesh,Khargone,Bhikangaon(D)_1,2025-06,94,-13.068297872340423,-13.11,-12.14
Madhya Pradesh,Khargone,Bhikangaon(D)_1,2025-07,95,-10.888947368421054,-13.08,-8.54
Madhya Pradesh,Khargone,Bhikangaon(D)_1,2025-08,93,-8.198924731182796,-10.87,-6.57
Madhya Pradesh,Khargone,Bhikangaon(D)_1,2025-09,81,-3.521111111111111,-4.38,-2.19
Madhya Pradesh,Khargone,Bhikangaon(D)_1,2025-10,76,-4.719868421052631,-5.19,-3.9
Madhya Pradesh,Khargone,Bhikangaon(D)_1,2025-11,69,-6.451739130434783,-8.54,-4.98
Madhya Pradesh,Khargone,Bhikangaon(D)_1,2025-12,83,-10.026144578313252,-13.13,-7.5
Madhya Pradesh,MANDLA,Banehari,2024-01,79,-50.230316455696205,-54.39,0.0
Madhya Pradesh,MANDLA,Banehari,2024-02,116,-53.77729310344828,-54.007,-53.173
Madhya Pradesh,MANDLA,Banehari,2024-03,124,-54.15675806451613,-54.26,-54.011
Madhya Pradesh,MANDLA,Banehari,2024-04,120,-54.26671666666667,-54.439,-54.071
Madhya Pradesh,MANDLA,Banehari,2024-05,124,-52.38034677419355,-54.375,0.0
Madhya Pradesh,MANDLA,Banehari,2024-06,120,-51.44041666666667,-54.439,0.0
Madhya Pradesh,MANDLA,Banehari,2024-07,124,-53.2968870967742,-54.052,-1.0
Madhya Pradesh,MANDLA,Banehari,2024-08,124,-54.19167741935484,-54.279,-54.059
Madhya Pradesh,MANDLA,Banehari,2024-09,121,-53.843239669421486,-54.428,-53.3
Madhya Pradesh,MANDLA,Banehari,2024-10,124,-54.163387096774194,-54.439,-53.63
Madhya Pradesh,MANDLA,Banehari,2024-12,1,-54.941,-54.941,-54.941
Madhya Pradesh,MANDLA,Banehari,2025-01,109,-54.45387155963302,-54.619,-54.254
Madhya Pradesh,MANDLA,Banehari,2025-02,83,-54.57527710843373,-54.806,-54.427
Madhya Pradesh,MANDLA,Banehari,2025-03,124,-54.69792741935483,-54.927,-54.258
Madhya Pradesh,MANDLA,Banehari,2025-04,88,-54.92713636363636,-55.131,-54.748
Madhya Pradesh,MANDLA,Banehari,2025-05,93,-54.98064516129032,-55.126,-54.795
Madhya Pradesh,MANDLA,Banehari,2025-06,93,-54.34889247311828,-55.221,1.0
Madhya Pradesh,MANDLA,Banehari,2025-07,75,-52.85804,-54.059,1.0
Madhya Pradesh,MANDLA,Banehari,2025-08,80,-53.8739375,-54.265,-53.506
Madhya Pradesh,MANDLA,Banehari,2025-09,84,-53.626797619047615,-54.017,-53.513
Madhya Pradesh,MANDLA,Banehari,2025-10,105,-54.33655238095238,-54.619,-53.917
Madhya Pradesh,MANDLA,Banehari,2025-11,21,-54.552857142857135,-54.701,-54.455
Madhya Pradesh,MANDLA,Devdongri,2024-01,76,-61.59263157894737,-61.87,-61.5
Madhya Pradesh,MANDLA,Devdongri,2024-02,116,-61.530775862068964,-62.16,-59.81
Madhya Pradesh,MANDLA,Devdongri,2024-03,124,-60.247903225806446,-61.04,-59.75
Madhya Pradesh,MANDLA,Devdongri,2024-04,121,-59.91512396694215,-61.59,-59.751
Madhya Pradesh,MANDLA,Devdongri,2024-05,124,-60.2464435483871,-60.433,-60.072
Madhya Pradesh,MANDLA,Devdongri,2024-06,120,-60.277408333333334,-60.433,-60.08
Madhya Pradesh,MANDLA,Devdongri,2024-07,124,-60.08625,-60.433,-59.75
Madhya Pradesh,MANDLA,Devdongri,2024-08,124,-59.91612096774194,-60.156,-59.751
Madhya Pradesh,MANDLA,Devdongri,2024-09,120,-60.259725,-60.433,-60.08
Madhya Pradesh,MANDLA,Devdongri,2024-10,124,-60.27399193548387,-60.433,-60.08
Madhya Pradesh,MANDLA,Devdongri,2024-11,53,-60.47309433962264,-60.629,-60.381
Madhya Pradesh,MANDLA,Devdongri,2024-12,3,-61.89533333333333,-61.906,-61.886
Madhya Pradesh,MANDLA,Devdongri,2025-01,29,-61.886482758620694,-61.913,-61.863
Madhya Pradesh,MANDLA,Devdongri,2025-03,48,-61.93083333333333,-61.98,-61.882
Madhya Pradesh,MANDLA,Devdongri,2025-04,64,-61.93240625,-61.98,-61.883
Madhya Pradesh,MANDLA,Devdongri,2025-05,48,-61.933875,-61.98,-61.883
Madhya Pradesh,MANDLA,Devdongri,2025-06,8,-61.92825,-61.972,-61.882
Madhya Pradesh,MANDSAUR,Basakheri Npz_1,2023-09,61,-30.37311475409836,-38.18,-26.38
Madhya Pradesh,MANDSAUR,Basakheri Npz_1,2023-10,88,-24.29818181818182,-26.74,-21.88
Madhya Pradesh,MANDSAUR,Basakheri Npz_1,2023-11,76,-32.795,-37.45,-27.14
Madhya Pradesh,MANDSAUR,Basakheri Npz_1,2023-12,124,-35.587177419354845,-37.44,-33.29
Madhya Pradesh,MANDSAUR,Basakheri Npz_1,2024-01,124,-38.29467741935484,-39.56,-37.5
Madhya Pradesh,MANDSAUR,Basakheri Npz_1,2024-02,112,-41.378839285714285,-42.71,-39.63
Madhya Pradesh,MANDSAUR,Basakheri Npz_1,2024-03,124,-44.104919354838714,-45.05,-42.69
Madhya Pradesh,MANDSAUR,Basakheri Npz_1,2024-04,112,-45.04535714285714,-45.05,-45.04
Madhya Pradesh,MANDSAUR,Basakheri Npz_1,2024-05,120,-45.046416666666666,-45.05,-45.04
Madhya Pradesh,MANDSAUR,Basakheri Npz_1,2024-06,116,-45.05,-45.05,-45.05
Madhya Pradesh,MANDSAUR,Basakheri Npz_1,2024-07,112,-45.050089285714286,-45.06,-45.04
Madhya Pradesh,MANDSAUR,Basakheri Npz_1,2024-08,76,-40.150921052631574,-45.05,-33.05
Madhya Pradesh,MANDSAUR,Basakheri Npz_1,2024-09,112,-28.549285714285713,-33.16,-23.82
Madhya Pradesh,MANDSAUR,Basakheri Npz_1,2024-10,116,-18.43922413793103,-23.62,-13.85
Madhya Pradesh,MANDSAUR,Basakheri Npz_1,2024-11,101,-12.887227722772277,-19.48,-10.55
Madhya Pradesh,MANDSAUR,Basakheri Npz_1,2024-12,91,-27.11725274725275,-32.41,-21.52
Madhya Pradesh,MANDSAUR,Basakheri Npz_1,2025-01,104,-30.93248076923077,-32.31,-30.378
Madhya Pradesh,MANDSAUR,Basakheri Npz_1,2025-02,83,-32.74433734939759,-34.141,-31.734
Madhya Pradesh,MANDSAUR,Basakheri Npz_1,2025-03,120,-35.30131666666667,-36.28,-34.187
Madhya Pradesh,MANDSAUR,Basakheri Npz_1,2025-04,104,-38.168076923076924,-39.791,-36.304
Madhya Pradesh,MANDSAUR,Basakheri Npz_1,2025-05,84,-41.20258333333333,-41.974,-39.838
Madhya Pradesh,MANDSAUR,Basakheri Npz_1,2025-06,70,-42.35541428571428,-42.854,-41.986
Madhya Pradesh,MANDSAUR,Basakheri Npz_1,2025-08,26,-24.707730769230768,-28.203,-18.805
Madhya Pradesh,MANDSAUR,Basakheri Npz_1,2025-09,37,-4.522891891891892,-4.975,-4.071
Madhya Pradesh,MANDSAUR,Basakheri Npz_1,2025-10,68,-4.300470588235294,-5.273,-3.879
Madhya Pradesh,MANDSAUR,Basakheri Npz_1,2025-11,67,-4.355522388059701,-5.798,-3.574
Madhya Pradesh,MANDSAUR,Basakheri Npz_1,2025-12,73,-8.443972602739725,-10.47,-6.797
Madhya Pradesh,MANDSAUR,Bethikhedi,2023-10,93,-5.546021505376344,-6.43,-5.2
Madhya Pradesh,MANDSAUR,Bethikhedi,2023-11,112,-7.161607142857143,-7.99,-6.0
Madhya Pradesh,MANDSAUR,Bethikhedi,2023-12,116,-7.62551724137931,-8.77,-7.08
Madhya Pradesh,MANDSAUR,Bethikhedi,2024-01,124,-9.087903225806452,-10.5,-8.57
Madhya Pradesh,MANDSAUR,Bethikhedi,2024-02,112,-11.455892857142857,-13.66,-9.97
Madhya Pradesh,MANDSAUR,Bethikhedi,2024-03,120,-13.696666666666665,-15.32,-12.6
Madhya Pradesh,MANDSAUR,Bethikhedi,2024-04,112,-15.27892857142857,-15.94,-13.76
Madhya Pradesh,MANDSAUR,Bethikhedi,2024-05,120,-15.939916666666667,-15.94,-15.93
Madhya Pradesh,MANDSAUR,Bethikhedi,2024-06,116,-15.669310344827585,-15.95,1.0
Madhya Pradesh,MANDSAUR,Bethikhedi,2024-07,120,-8.506499999999999,-13.11,-5.79
Madhya Pradesh,MANDSAUR,Bethikhedi,2024-08,96,-4.771041666666666,-5.94,-4.18
Madhya Pradesh,MANDSAUR,Bethikhedi,2024-09,112,-4.773928571428571,-5.35,-4.45
Madhya Pradesh,MANDSAUR,Bethikhedi,2024-10,113,-5.19787610619469,-5.67,-4.92
Madhya Pradesh,MANDSAUR,Bethikhedi,2024-11,96,-5.9444791666666665,-6.87,-5.23
Madhya Pradesh,MANDSAUR,Bethikhedi,2024-12,88,-7.102954545454545,-7.78,-6.51
Madhya Pradesh,MANDSAUR,Bethikhedi,2025-01,116,-7.055517241379311,-8.27,-6.57
Madhya Pradesh,MANDSAUR,Bethikhedi,2025-02,87,-9.360804597701149,-10.92,-8.3
Madhya Pradesh,MANDSAUR,Bethikhedi,2025-03,117,-11.181623931623932,-12.51,-10.38
Madhya Pradesh,MANDSAUR,Bethikhedi,2025-04,76,-12.435263157894738,-13.83,-11.55
Madhya Pradesh,MANDSAUR,Bethikhedi,2025-05,80,-13.4595,-14.82,-12.83
Madhya Pradesh,MANDSAUR,Bethikhedi,2025-06,101,-14.570495049504949,-15.88,-13.28
Madhya Pradesh,MANDSAUR,Bethikhedi,2025-07,95,-12.144105263157895,-14.61,-8.57
Madhya Pradesh,MANDSAUR,Bethikhedi,2025-08,85,-6.892235294117647,-8.5,-4.64
Madhya Pradesh,MANDSAUR,Bethikhedi,2025-09,85,-4.385529411764706,-5.38,-3.75
Madhya Pradesh,MANDSAUR,Bethikhedi,2025-10,99,-5.122424242424242,-5.51,-4.8
Madhya Pradesh,MANDSAUR,Bethikhedi,2025-11,52,-5.270769230769231,-6.1,-4.73
Madhya Pradesh,MANDSAUR,Bethikhedi,2025-12,76,-6.2280263157894735,-7.08,-5.61
Madhya Pradesh,MANDSAUR,Bhanpura(D)_1,2023-09,59,-2.0084745762711864,-10.88,1.0
Madhya Pradesh,MANDSAUR,Bhanpura(D)_1,2023-10,104,1.0,1.0,1.0
Madhya Pradesh,MANDSAUR,Bhanpura(D)_1,2023-11,112,-2.402857142857143,-10.57,1.0
Madhya Pradesh,MANDSAUR,Bhanpura(D)_1,2023-12,120,-7.901666666666667,-10.53,1.0
Madhya Pradesh,MANDSAUR,Bhanpura(D)_1,2024-01,124,-7.466290322580646,-10.44,1.0
Madhya Pradesh,MANDSAUR,Bhanpura(D)_1,2024-02,112,-5.792321428571428,-10.38,1.0
Madhya Pradesh,MANDSAUR,Bhanpura(D)_1,2024-03,120,-3.3440833333333333,-10.34,1.0
Madhya Pradesh,MANDSAUR,Bhanpura(D)_1,2024-04,112,-4.975535714285714,-10.36,1.0
Madhya Pradesh,MANDSAUR,Bhanpura(D)_1,2024-05,120,-5.825583333333333,-10.41,1.0
Madhya Pradesh,MANDSAUR,Bhanpura(D)_1,2024-06,112,-8.100535714285714,-10.5,1.0
Madhya Pradesh,MANDSAUR,Bhanpura(D)_1,2024-07,124,-10.537741935483872,-10.57,-10.5
Madhya Pradesh,MANDSAUR,Bhanpura(D)_1,2024-08,104,-6.671730769230769,-10.58,1.0
Madhya Pradesh,MANDSAUR,Bhanpura(D)_1,2024-09,112,0.07464285714285716,-10.53,1.0
Madhya Pradesh,MANDSAUR,Bhanpura(D)_1,2024-10,116,1.0,1.0,1.0
Madhya Pradesh,MANDSAUR,Bhanpura(D)_1,2024-11,100,1.0,1.0,1.0
Madhya Pradesh,MANDSAUR,Bhanpura(D)_1,2024-12,97,1.0,1.0,1.0
Madhya Pradesh,MANDSAUR,Bhanpura(D)_1,2025-01,116,1.0,1.0,1.0
Madhya Pradesh,MANDSAUR,Bhanpura(D)_1,2025-02,87,1.0,1.0,1.0
Madhya Pradesh,MANDSAUR,Bhanpura(D)_1,2025-03,116,0.8148275862068965,-9.74,1.0
Madhya Pradesh,MANDSAUR,Bhanpura(D)_1,2025-04,89,0.1570786516853932,-9.72,1.0
Madhya Pradesh,MANDSAUR,Bhanpura(D)_1,2025-05,84,1.0,1.0,1.0
Madhya Pradesh,MANDSAUR,Bhanpura(D)_1,2025-06,97,1.0,1.0,1.0
Madhya Pradesh,MANDSAUR,Bhanpura(D)_1,2025-07,98,1.0,1.0,1.0
Madhya Pradesh,MANDSAUR,Bhanpura(D)_1,2025-08,89,1.0,1.0,1.0
Madhya Pradesh,MANDSAUR,Bhanpura(D)_1,2025-09,33,1.0,1.0,1.0
Madhya Pradesh,MANDSAUR,Bhanpura(S)_1,2023-09,60,-4.894833333333334,-5.21,-4.7
Madhya Pradesh,MANDSAUR,Bhanpura(S)_1,2023-10,112,-4.866696428571429,-5.1,-4.7
Madhya Pradesh,MANDSAUR,Bhanpura(S)_1,2023-11,112,-5.325892857142857,-5.48,-5.11
Madhya Pradesh,MANDSAUR,Bhanpura(S)_1,2023-12,120,-5.453666666666667,-5.53,-5.4
Madhya Pradesh,MANDSAUR,Bhanpura(S)_1,2024-01,124,-5.576290322580645,-5.7,-5.48
Madhya Pradesh,MANDSAUR,Bhanpura(S)_1,2024-02,112,-5.869732142857143,-6.03,-5.7
Madhya Pradesh,MANDSAUR,Bhanpura(S)_1,2024-03,124,-6.2222580645161285,-6.41,-6.04
Madhya Pradesh,MANDSAUR,Bhanpura(S)_1,2024-04,112,-6.595982142857143,-6.77,-6.41
Madhya Pradesh,MANDSAUR,Bhanpura(S)_1,2024-05,116,-6.9687068965517245,-7.16,-6.77
Madhya Pradesh,MANDSAUR,Bhanpura(S)_1,2024-06,116,-7.323793103448275,-7.42,-7.17
Madhya Pradesh,MANDSAUR,Bhanpura(S)_1,2024-07,116,-7.105344827586207,-7.38,-6.45
Madhya Pradesh,MANDSAUR,Bhanpura(S)_1,2024-08,108,-5.356759259259259,-6.44,-4.4
Madhya Pradesh,MANDSAUR,Bhanpura(S)_1,2024-09,108,-3.984814814814815,-4.4,-3.8
Madhya Pradesh,MANDSAUR,Bhanpura(S)_1,2024-10,116,-3.8486206896551725,-3.95,-3.78
Madhya Pradesh,MANDSAUR,Bhanpura(S)_1,2024-11,101,-4.1952475247524745,-4.4,-3.96
Madhya Pradesh,MANDSAUR,Bhanpura(S)_1,2024-12,92,-4.553804347826087,-4.68,-4.41
Madhya Pradesh,MANDSAUR,Bhanpura(S)_1,2025-01,116,-4.750258620689655,-4.89,-4.66
Madhya Pradesh,MANDSAUR,Bhanpura(S)_1,2025-02,83,-5.09578313253012,-5.33,-4.93
Madhya Pradesh,MANDSAUR,Bhanpura(S)_1,2025-03,120,-5.571,-5.83,-5.34
Madhya Pradesh,MANDSAUR,Bhanpura(S)_1,2025-04,89,-6.093033707865168,-6.41,-5.83
Madhya Pradesh,MANDSAUR,Bhanpura(S)_1,2025-05,84,-6.6710714285714285,-6.84,-6.42
Madhya Pradesh,MANDSAUR,Bhanpura(S)_1,2025-06,101,-6.676534653465347,-6.87,-6.0
Madhya Pradesh,MANDSAUR,Bhanpura(S)_1,2025-07,97,-4.492577319587628,-6.0,-2.23
Madhya Pradesh,MANDSAUR,Bhanpura(S)_1,2025-08,93,-2.2636559139784946,-2.36,-2.16
Madhya Pradesh,MANDSAUR,Bhanpura(S)_1,2025-09,75,-2.1524,-2.4,-1.89
Madhya Pradesh,MANDSAUR,Bhanpura(S)_1,2025-10,97,-2.948762886597938,-3.22,-2.69
Madhya Pradesh,MANDSAUR,Bhanpura(S)_1,2025-11,46,-3.345869565217391,-3.52,-3.17
Madhya Pradesh,MANDSAUR,Bhanpura(S)_1,2025-12,81,-3.7817283950617284,-3.96,-3.59
Madhya Pradesh,MANDSAUR,Borekhedi,2023-10,3,-6.546666666666667,-6.56,-6.53
Madhya Pradesh,MANDSAUR,Borekhedi,2023-11,116,-7.3181896551724135,-8.23,-6.54
Madhya Pradesh,MANDSAUR,Borekhedi,2023-12,124,-8.121774193548386,-8.8,-7.72
Madhya Pradesh,MANDSAUR,Borekhedi,2024-01,124,-8.891693548387096,-9.45,-8.59
Madhya Pradesh,MANDSAUR,Borekhedi,2024-02,112,-9.518214285714285,-10.03,-9.12
Madhya Pradesh,MANDSAUR,Borekhedi,2024-03,124,-9.889032258064516,-10.46,-9.65
Madhya Pradesh,MANDSAUR,Borekhedi,2024-04,77,-10.136753246753246,-10.65,-9.84
Madhya Pradesh,MANDSAUR,Borekhedi,2025-04,24,-9.958833333333333,-10.009,-9.914
Madhya Pradesh,MANDSAUR,Borekhedi,2025-05,80,-9.9603,-10.01,-9.911
Madhya Pradesh,MANDSAUR,Botalganj Npz_1,2023-09,66,-11.021212121212121,-14.52,-9.73
Madhya Pradesh,MANDSAUR,Botalganj Npz_1,2023-10,112,-10.967857142857143,-12.61,-9.82
Madhya Pradesh,MANDSAUR,Botalganj Npz_1,2023-11,112,-14.182142857142859,-15.15,-12.67
Madhya Pradesh,MANDSAUR,Botalganj Npz_1,2023-12,120,-15.306416666666667,-16.17,-14.91
Madhya Pradesh,MANDSAUR,Botalganj Npz_1,2024-01,124,-17.018548387096775,-17.95,-16.17
Madhya Pradesh,MANDSAUR,Botalganj Npz_1,2024-02,112,-18.55732142857143,-19.01,-17.96
Madhya Pradesh,MANDSAUR,Botalganj Npz_1,2024-03,124,-19.27911290322581,-19.59,-19.02
Madhya Pradesh,MANDSAUR,Botalganj Npz_1,2024-04,112,-19.839285714285715,-20.06,-19.59
Madhya Pradesh,MANDSAUR,Botalganj Npz_1,2024-05,120,-20.298916666666667,-20.56,-20.06
Madhya Pradesh,MANDSAUR,Botalganj Npz_1,2024-06,116,-20.747413793103448,-20.96,-20.56
Madhya Pradesh,MANDSAUR,Botalganj Npz_1,2024-07,120,-19.768583333333332,-20.59,-17.99
Madhya Pradesh,MANDSAUR,Botalganj Npz_1,2024-08,104,-15.294615384615385,-17.96,-12.22
Madhya Pradesh,MANDSAUR,Botalganj Npz_1,2024-09,100,-11.2314,-12.34,-10.68
Madhya Pradesh,MANDSAUR,Botalganj Npz_1,2024-10,116,-12.241293103448276,-13.21,-11.4
Madhya Pradesh,MANDSAUR,Botalganj Npz_1,2024-11,108,-14.559166666666668,-15.68,-13.24
Madhya Pradesh,MANDSAUR,Botalganj Npz_1,2024-12,97,-16.972164948453607,-18.21,-15.71
Madhya Pradesh,MANDSAUR,Botalganj Npz_1,2025-01,116,-20.856810344827586,-23.94,-18.76
Madhya Pradesh,MANDSAUR,Botalganj Npz_1,2025-02,87,-29.15344827586207,-33.04,-25.23
Madhya Pradesh,MANDSAUR,Botalganj Npz_1,2025-03,120,-35.48866666666667,-38.03,1.0
Madhya Pradesh,MANDSAUR,Botalganj Npz_1,2025-04,96,-37.3159375,-38.03,-36.56
Madhya Pradesh,MANDSAUR,Botalganj Npz_1,2025-05,88,-36.29318181818182,-37.44,1.0
Madhya Pradesh,MANDSAUR,Botalganj Npz_1,2025-06,101,-35.63990099009901,-37.01,-31.49
Madhya Pradesh,MANDSAUR,Botalganj Npz_1,2025-07,98,-27.438367346938776,-31.38,-19.16
Madhya Pradesh,MANDSAUR,Botalganj Npz_1,2025-08,89,-17.956516853932584,-19.07,-16.94
Madhya Pradesh,MANDSAUR,Botalganj Npz_1,2025-09,84,-14.03154761904762,-16.66,-13.36
Madhya Pradesh,MANDSAUR,Botalganj Npz_1,2025-10,99,-14.91868686868687,-15.81,-14.35
Madhya Pradesh,MANDSAUR,Botalganj Npz_1,2025-11,44,-14.9,-15.58,-14.33
Madhya Pradesh,MANDSAUR,Botalganj Npz_1,2025-12,71,-16.898591549295773,-17.76,-15.91
Madhya Pradesh,MANDSAUR,Dhamnar_1,2023-10,9,-10.702222222222222,-10.79,-10.6
Madhya Pradesh,MANDSAUR,Dhamnar_1,2023-11,112,-11.703482142857142,-12.62,-10.83
Madhya Pradesh,MANDSAUR,Dhamnar_1,2023-12,116,-12.635775862068966,-13.73,1.0
Madhya Pradesh,MANDSAUR,Dhamnar_1,2024-01,65,-13.957538461538462,-14.13,-13.76
Madhya Pradesh,MANDSAUR,Dhamnar_1,2024-03,38,-16.13842105263158,-16.19,-16.07
Madhya Pradesh,MANDSAUR,Dhamnar_1,2024-04,112,-16.010089285714287,-16.11,-15.92
Madhya Pradesh,MANDSAUR,Dhamnar_1,2024-05,108,-16.07601851851852,-16.14,-16.02
Madhya Pradesh,MANDSAUR,Dhamnar_1,2024-06,116,-16.12948275862069,-16.17,-16.1
Madhya Pradesh,MANDSAUR,Dhamnar_1,2024-07,120,-15.514833333333334,-16.11,-14.46
Madhya Pradesh,MANDSAUR,Dhamnar_1,2024-08,108,-8.143333333333333,-14.42,-5.43
Madhya Pradesh,MANDSAUR,Dhamnar_1,2024-09,104,-3.2452884615384616,-5.43,-1.97
Madhya Pradesh,MANDSAUR,Dhamnar_1,2024-10,116,-4.108879310344827,-5.53,-2.71
Madhya Pradesh,MANDSAUR,Dhamnar_1,2024-11,112,-6.6575,-7.7,-5.51
Madhya Pradesh,MANDSAUR,Dhamnar_1,2024-12,93,-8.4252688172043,-9.11,-7.71
Madhya Pradesh,MANDSAUR,Dhamnar_1,2025-01,120,-10.030083333333332,-10.92,-9.22
Madhya Pradesh,MANDSAUR,Dhamnar_1,2025-02,87,-11.808735632183907,-12.73,-11.1
Madhya Pradesh,MANDSAUR,Dhamnar_1,2025-03,120,-13.721499999999999,-14.08,-12.76
Madhya Pradesh,MANDSAUR,Dhamnar_1,2025-04,86,-13.888488372093024,-14.14,1.0
Madhya Pradesh,MANDSAUR,Dhamnar_1,2025-05,84,-14.25095238095238,-14.35,-14.13
Madhya Pradesh,MANDSAUR,Dhamnar_1,2025-06,97,-14.24938144329897,-14.53,-12.89
Madhya Pradesh,MANDSAUR,Dhamnar_1,2025-07,98,-6.011428571428572,-12.85,-1.47
Madhya Pradesh,MANDSAUR,Dhamnar_1,2025-08,93,-2.391827956989247,-3.53,-1.47
Madhya Pradesh,MANDSAUR,Dhamnar_1,2025-09,81,-2.867283950617284,-4.81,-2.34
Madhya Pradesh,MANDSAUR,Dhamnar_1,2025-10,110,-5.312636363636363,-5.96,-4.84
Madhya Pradesh,MANDSAUR,Dhamnar_1,2025-11,71,-6.651126760563381,-7.67,-5.96
Madhya Pradesh,MANDSAUR,Dhamnar_1,2025-12,27,-8.57111111111111,-9.94,-7.98
Madhya Pradesh,MANDSAUR,Digaomali Npz_1,2023-10,14,-13.59,-14.75,1.0
Madhya Pradesh,MANDSAUR,Digaomali Npz_1,2023-11,112,-14.815267857142857,-14.97,-14.66
Madhya Pradesh,MANDSAUR,Digaomali Npz_1,2023-12,120,-14.567499999999999,-14.79,-14.17
Madhya Pradesh,MANDSAUR,Digaomali Npz_1,2024-01,124,-14.348548387096775,-14.74,1.0
Madhya Pradesh,MANDSAUR,Digaomali Npz_1,2024-02,108,-14.755462962962962,-14.89,-14.34
Madhya Pradesh,MANDSAUR,Digaomali Npz_1,2024-03,124,-14.689274193548387,-14.93,-14.3
Madhya Pradesh,MANDSAUR,Digaomali Npz_1,2024-04,112,-14.873214285714285,-15.07,-14.45
Madhya Pradesh,MANDSAUR,Digaomali Npz_1,2024-05,120,-15.109166666666665,-15.35,-14.99
Madhya Pradesh,MANDSAUR,Digaomali Npz_1,2024-06,112,-14.622589285714286,-15.41,-12.18
Madhya Pradesh,MANDSAUR,Digaomali Npz_1,2024-07,120,-11.487916666666667,-12.79,-10.12
Madhya Pradesh,MANDSAUR,Digaomali Npz_1,2024-08,104,-11.205192307692307,-12.5,-10.05
Madhya Pradesh,MANDSAUR,Digaomali Npz_1,2024-09,108,-11.902592592592592,-13.39,-10.48
Madhya Pradesh,MANDSAUR,Digaomali Npz_1,2024-10,108,-14.317314814814814,-14.93,-13.11
Madhya Pradesh,MANDSAUR,Digaomali Npz_1,2024-11,100,-15.171500000000002,-15.27,-14.92
Madhya Pradesh,MANDSAUR,Digaomali Npz_1,2024-12,97,-15.254020618556702,-15.32,-15.15
Madhya Pradesh,MANDSAUR,Digaomali Npz_1,2025-01,116,-15.017844827586206,-15.13,-14.9
Madhya Pradesh,MANDSAUR,Digaomali Npz_1,2025-02,87,-15.18816091954023,-15.25,-15.13
Madhya Pradesh,MANDSAUR,Digaomali Npz_1,2025-03,116,-15.2125,-15.36,-15.11
Madhya Pradesh,MANDSAUR,Digaomali Npz_1,2025-04,108,-15.277962962962963,-15.36,-15.19
Madhya Pradesh,MANDSAUR,Digaomali Npz_1,2025-05,84,-15.195357142857144,-15.33,-15.04
Madhya Pradesh,MANDSAUR,Digaomali Npz_1,2025-06,97,-14.964845360824741,-15.25,-13.69
Madhya Pradesh,MANDSAUR,Digaomali Npz_1,2025-07,98,-11.323367346938776,-13.64,-9.3
Madhya Pradesh,MANDSAUR,Digaomali Npz_1,2025-08,89,-12.37449438202247,-13.44,-10.2
Madhya Pradesh,MANDSAUR,Digaomali Npz_1,2025-09,76,-11.911315789473685,-13.56,-10.75
Madhya Pradesh,MANDSAUR,Digaomali Npz_1,2025-10,84,-14.288095238095238,-15.04,-13.15
Madhya Pradesh,MANDSAUR,Digaomali Npz_1,2025-11,74,-15.258513513513515,-15.38,-14.98
Madhya Pradesh,MANDSAUR,Digaomali Npz_1,2025-12,85,-15.279411764705882,-15.31,-15.23
Madhya Pradesh,MANDSAUR,Fatehgarh Npz_1,2023-09,49,-3.8671428571428574,-4.47,-3.57
Madhya Pradesh,MANDSAUR,Fatehgarh Npz_1,2023-10,103,-3.9200970873786405,-4.43,-3.57
Madhya Pradesh,MANDSAUR,Fatehgarh Npz_1,2023-11,112,-4.904910714285714,-5.61,-4.32
Madhya Pradesh,MANDSAUR,Fatehgarh Npz_1,2023-12,124,-5.422580645161291,-5.83,-5.18
Madhya Pradesh,MANDSAUR,Fatehgarh Npz_1,2024-01,124,-6.059516129032258,-6.57,-5.68
Madhya Pradesh,MANDSAUR,Fatehgarh Npz_1,2024-02,116,-7.224741379310346,-8.07,-6.4
Madhya Pradesh,MANDSAUR,Fatehgarh Npz_1,2024-03,124,-8.897177419354838,-9.96,-7.99
Madhya Pradesh,MANDSAUR,Fatehgarh Npz_1,2024-04,114,-10.646666666666667,-11.58,-9.97
Madhya Pradesh,MANDSAUR,Fatehgarh Npz_1,2024-05,116,-11.760086206896553,-12.08,-11.51
Madhya Pradesh,MANDSAUR,Fatehgarh Npz_1,2024-06,112,-12.11294642857143,-12.39,-11.73
Madhya Pradesh,MANDSAUR,Fatehgarh Npz_1,2024-07,124,-11.501854838709678,-11.94,-9.11
Madhya Pradesh,MANDSAUR,Fatehgarh Npz_1,2024-08,84,-5.945833333333333,-8.92,-3.86
Madhya Pradesh,MANDSAUR,Fatehgarh Npz_1,2024-09,112,-3.2294642857142857,-3.95,-2.88
Madhya Pradesh,MANDSAUR,Fatehgarh Npz_1,2024-10,112,-3.223125,-3.63,-2.96
Madhya Pradesh,MANDSAUR,Fatehgarh Npz_1,2024-11,108,-3.9268518518518523,-4.49,-3.5
Madhya Pradesh,MANDSAUR,Fatehgarh Npz_1,2024-12,100,-4.9014,-5.2,-4.37
Madhya Pradesh,MANDSAUR,Fatehgarh Npz_1,2025-01,117,-5.228461538461539,-5.72,-4.84
Madhya Pradesh,MANDSAUR,Fatehgarh Npz_1,2025-02,91,-6.352087912087912,-7.48,-5.67
Madhya Pradesh,MANDSAUR,Fatehgarh Npz_1,2025-03,116,-8.526465517241379,-9.9,-7.37
Madhya Pradesh,MANDSAUR,Fatehgarh Npz_1,2025-04,85,-10.825294117647058,-11.85,-9.66
Madhya Pradesh,MANDSAUR,Fatehgarh Npz_1,2025-05,84,-11.405166666666666,-12.1,-4.853
Madhya Pradesh,MANDSAUR,Fatehgarh Npz_1,2025-06,94,-11.425851063829787,-11.87,-9.57
Madhya Pradesh,MANDSAUR,Fatehgarh Npz_1,2025-07,91,-8.49956043956044,-9.7,-7.48
Madhya Pradesh,MANDSAUR,Fatehgarh Npz_1,2025-08,89,-5.81561797752809,-7.38,-3.39
Madhya Pradesh,MANDSAUR,Fatehgarh Npz_1,2025-09,57,-2.740877192982456,-3.15,-2.43
Madhya Pradesh,MANDSAUR,Fatehgarh Npz_1,2025-10,109,-3.402844036697248,-3.82,-2.95
Madhya Pradesh,MANDSAUR,Fatehgarh Npz_1,2025-11,42,-3.7173809523809522,-3.98,-3.55
Madhya Pradesh,MANDSAUR,Fatehgarh Npz_1,2025-12,84,-4.194761904761905,-4.54,-3.88
Madhya Pradesh,MANDSAUR,Gujarbardia Npz_1,2023-09,59,-6.963728813559322,-10.91,-4.78
Madhya Pradesh,MANDSAUR,Gujarbardia Npz_1,2023-10,112,-6.7996428571428575,-8.6,-5.64
Madhya Pradesh,MANDSAUR,Gujarbardia Npz_1,2023-11,112,-10.17357142857143,-12.95,-8.46
Madhya Pradesh,MANDSAUR,Gujarbardia Npz_1,2023-12,120,-11.233083333333333,-15.65,-9.63
Madhya Pradesh,MANDSAUR,Gujarbardia Npz_1,2024-01,124,-17.89467741935484,-19.28,-15.75
Madhya Pradesh,MANDSAUR,Gujarbardia Npz_1,2024-02,112,-20.464642857142856,-21.77,1.0
Madhya Pradesh,MANDSAUR,Gujarbardia Npz_1,2024-03,124,-22.34524193548387,-23.2,-21.63
Madhya Pradesh,MANDSAUR,Gujarbardia Npz_1,2024-04,112,-23.498482142857142,-23.83,-23.13
Madhya Pradesh,MANDSAUR,Gujarbardia Npz_1,2024-05,112,-23.965267857142855,-24.0,-23.79
Madhya Pradesh,MANDSAUR,Gujarbardia Npz_1,2024-06,116,-23.989741379310345,-24.0,-23.98
Madhya Pradesh,MANDSAUR,Gujarbardia Npz_1,2024-07,120,-22.492,-23.99,-2.46
Madhya Pradesh,MANDSAUR,Gujarbardia Npz_1,2024-08,96,-9.539895833333334,-23.99,-4.99
Madhya Pradesh,MANDSAUR,Gujarbardia Npz_1,2024-09,108,-4.455185185185186,-5.08,-1.02
Madhya Pradesh,MANDSAUR,Gujarbardia Npz_1,2024-10,116,-5.062672413793103,-6.06,-4.19
Madhya Pradesh,MANDSAUR,Gujarbardia Npz_1,2024-11,104,-7.044903846153845,-8.15,-5.9
Madhya Pradesh,MANDSAUR,Gujarbardia Npz_1,2024-12,97,-8.927628865979381,-10.03,-7.94
Madhya Pradesh,MANDSAUR,Gujarbardia Npz_1,2025-01,116,-10.068103448275863,-12.4,-9.38
Madhya Pradesh,MANDSAUR,Gujarbardia Npz_1,2025-02,87,-18.321149425287356,-20.84,-14.1
Madhya Pradesh,MANDSAUR,Gujarbardia Npz_1,2025-03,120,-21.419083333333333,-21.77,-20.85
Madhya Pradesh,MANDSAUR,Gujarbardia Npz_1,2025-04,85,-22.543764705882353,-23.43,-21.78
Madhya Pradesh,MANDSAUR,Gujarbardia Npz_1,2025-05,88,-23.020454545454545,-23.52,-20.74
Madhya Pradesh,MANDSAUR,Gujarbardia Npz_1,2025-06,101,-19.084455445544553,-20.75,-16.89
Madhya Pradesh,MANDSAUR,Gujarbardia Npz_1,2025-07,98,-14.691632653061225,-16.87,-12.25
Madhya Pradesh,MANDSAUR,Gujarbardia Npz_1,2025-08,93,-9.113010752688172,-12.22,-4.79
Madhya Pradesh,MANDSAUR,Gujarbardia Npz_1,2025-09,84,-0.6195238095238095,-3.73,4.44
Madhya Pradesh,MANDSAUR,Gujarbardia Npz_1,2025-10,99,2.2933333333333334,0.78,5.26
Madhya Pradesh,MANDSAUR,Gujarbardia Npz_1,2025-11,48,7.647291666666667,-6.96,11.4
Madhya Pradesh,MANDSAUR,Gujarbardia Npz_1,2025-12,99,-8.039292929292928,-8.81,-6.97
Madhya Pradesh,NARSIMHAPUR,Bedu Pz_1,2023-10,32,-6.9,-7.24,-6.5
Madhya Pradesh,NARSIMHAPUR,Bedu Pz_1,2023-11,112,-7.864642857142857,-8.46,-7.23
Madhya Pradesh,NARSIMHAPUR,Bedu Pz_1,2023-12,120,-7.7692499999999995,-8.39,-7.48
Madhya Pradesh,NARSIMHAPUR,Bedu Pz_1,2024-01,124,-8.231048387096774,-8.81,-7.93
Madhya Pradesh,NARSIMHAPUR,Bedu Pz_1,2024-02,112,-8.69705357142857,-8.96,-8.45
Madhya Pradesh,NARSIMHAPUR,Bedu Pz_1,2024-03,120,-9.275166666666667,-10.24,-8.68
Madhya Pradesh,NARSIMHAPUR,Bedu Pz_1,2024-04,112,-10.828839285714285,-11.66,-10.05
Madhya Pradesh,NARSIMHAPUR,Bedu Pz_1,2024-05,104,-12.552692307692308,-15.26,-11.43
Madhya Pradesh,NARSIMHAPUR,Bedu Pz_1,2024-06,116,-13.637241379310346,-17.64,-13.16
Madhya Pradesh,NARSIMHAPUR,Bedu Pz_1,2024-07,120,-13.095333333333334,-15.94,-11.38
Madhya Pradesh,NARSIMHAPUR,Bedu Pz_1,2024-08,108,-8.106296296296296,-11.34,-6.82
Madhya Pradesh,NARSIMHAPUR,Bedu Pz_1,2024-09,112,-5.949732142857143,-6.87,-5.07
Madhya Pradesh,NARSIMHAPUR,Bedu Pz_1,2024-10,116,-6.752241379310345,-13.16,-5.21
Madhya Pradesh,NARSIMHAPUR,Bedu Pz_1,2024-11,112,-8.911339285714286,-14.36,-6.66
Madhya Pradesh,NARSIMHAPUR,Bedu Pz_1,2024-12,93,-8.443118279569893,-11.89,-7.54
Madhya Pradesh,NARSIMHAPUR,Bedu Pz_1,2025-01,113,-7.896902654867257,-8.58,-7.51
Madhya Pradesh,NARSIMHAPUR,Bedu Pz_1,2025-02,71,-9.123661971830986,-12.53,-8.3
Madhya Pradesh,NARSIMHAPUR,Bedu Pz_1,2025-03,120,-11.098166666666666,-15.57,-10.15
Madhya Pradesh,NARSIMHAPUR,Bedu Pz_1,2025-04,108,-13.048981481481482,-16.11,-12.13
Madhya Pradesh,NARSIMHAPUR,Bedu Pz_1,2025-05,88,-14.632045454545455,-18.37,-13.34
Madhya Pradesh,NARSIMHAPUR,Bedu Pz_1,2025-06,101,-14.054257425742575,-16.2,-13.28
Madhya Pradesh,NARSIMHAPUR,Bedu Pz_1,2025-07,94,-11.4581914893617,-15.77,-7.06
Madhya Pradesh,NARSIMHAPUR,Bedu Pz_1,2025-08,89,-7.233370786516854,-10.65,-4.87
Madhya Pradesh,NARSIMHAPUR,Bedu Pz_1,2025-09,73,-4.97972602739726,-8.54,-3.9
Madhya Pradesh,NARSIMHAPUR,Bedu Pz_1,2025-10,92,-5.979347826086957,-9.78,-4.32
Madhya Pradesh,NARSIMHAPUR,Bedu Pz_1,2025-11,75,-6.876933333333333,-11.17,-5.55
Madhya Pradesh,NARSIMHAPUR,Bedu Pz_1,2025-12,73,-7.543424657534246,-9.67,-6.66
Madhya Pradesh,NEEMUCH,Athwakheda Npz_1,2023-10,93,-2.183978494623656,-3.12,-1.58
Madhya Pradesh,NEEMUCH,Athwakheda Npz_1,2023-11,112,-6.544464285714286,-8.83,-3.15
Madhya Pradesh,NEEMUCH,Athwakheda Npz_1,2023-12,120,-9.569833333333333,-10.61,-8.66
Madhya Pradesh,NEEMUCH,Athwakheda Npz_1,2024-01,124,-10.807580645161291,-11.1,-10.57
Madhya Pradesh,NEEMUCH,Athwakheda Npz_1,2024-02,112,-11.532142857142857,-12.26,-11.1
Madhya Pradesh,NEEMUCH,Athwakheda Npz_1,2024-03,124,-11.886693548387097,-12.26,-11.34
Madhya Pradesh,NEEMUCH,Athwakheda Npz_1,2024-04,112,-12.506339285714287,-19.16,-11.61
Madhya Pradesh,NEEMUCH,Athwakheda Npz_1,2024-05,120,-22.117,-26.96,-14.45
Madhya Pradesh,NEEMUCH,Athwakheda Npz_1,2024-06,112,-16.21035714285714,-27.09,-10.88
Madhya Pradesh,NEEMUCH,Athwakheda Npz_1,2024-07,120,-10.185833333333333,-11.31,-7.44
Madhya Pradesh,NEEMUCH,Athwakheda Npz_1,2024-08,96,-2.02,-8.42,-0.28
Madhya Pradesh,NEEMUCH,Athwakheda Npz_1,2024-09,112,-0.8767857142857143,-1.38,-0.24
Madhya Pradesh,NEEMUCH,Athwakheda Npz_1,2024-10,116,-1.7022413793103448,-2.19,1.0
Madhya Pradesh,NEEMUCH,Athwakheda Npz_1,2024-11,112,-3.669285714285714,-6.81,-2.18
Madhya Pradesh,NEEMUCH,Athwakheda Npz_1,2024-12,97,-9.133814432989691,-10.73,-6.85
Madhya Pradesh,NEEMUCH,Athwakheda Npz_1,2025-01,116,-11.325172413793103,-11.63,-10.98
Madhya Pradesh,NEEMUCH,Athwakheda Npz_1,2025-02,87,-15.341494252873563,-21.66,-11.82
Madhya Pradesh,NEEMUCH,Athwakheda Npz_1,2025-03,120,-22.152583333333332,-26.41,-16.86
Madhya Pradesh,NEEMUCH,Athwakheda Npz_1,2025-04,41,-11.642268292682928,-22.38,1.0
Madhya Pradesh,NEEMUCH,Athwakheda Npz_1,2025-05,88,-11.182306818181818,-11.23,-11.131
Madhya Pradesh,NEEMUCH,Athwakheda Npz_1,2025-06,12,-11.185249999999998,-11.221,-11.148
Madhya Pradesh,NEEMUCH,Athwakheda Npz_1,2025-09,50,-1.0626,-2.15,-0.51
Madhya Pradesh,NEEMUCH,Athwakheda Npz_1,2025-10,109,-3.0424770642201833,-4.21,-2.14
Madhya Pradesh,NEEMUCH,Athwakheda Npz_1,2025-11,74,-4.993108108108109,-6.11,-3.52
Madhya Pradesh,NEEMUCH,Athwakheda Npz_1,2025-12,96,-7.883125,-9.47,-6.3
Madhya Pradesh,NEEMUCH,Bagwanpura,2023-10,89,-30.817191011235956,-33.93,-29.66
Madhya Pradesh,NEEMUCH,Bagwanpura,2023-11,112,-34.82723214285714,-37.02,-32.18
Madhya Pradesh,NEEMUCH,Bagwanpura,2023-12,116,-33.28646551724138,-37.02,-31.07
Madhya Pradesh,NEEMUCH,Bagwanpura,2024-01,124,-37.001935483870966,-37.05,-36.27
Madhya Pradesh,NEEMUCH,Bagwanpura,2024-02,112,-37.020625,-37.06,-36.98
Madhya Pradesh,NEEMUCH,Bagwanpura,2024-03,124,-37.00822580645162,-37.05,-36.97
Madhya Pradesh,NEEMUCH,Bagwanpura,2024-04,108,-36.98324074074074,-37.02,-36.94
Madhya Pradesh,NEEMUCH,Bagwanpura,2024-05,116,-36.95094827586207,-37.0,-36.89
Madhya Pradesh,NEEMUCH,Bagwanpura,2024-06,116,-36.92068965517242,-36.97,-36.87
Madhya Pradesh,NEEMUCH,Bagwanpura,2024-07,120,-36.89391666666666,-36.94,-36.87
Madhya Pradesh,NEEMUCH,Bagwanpura,2024-08,100,-31.063499999999998,-36.92,-29.25
Madhya Pradesh,NEEMUCH,Bagwanpura,2024-09,108,-29.278148148148148,-29.78,-29.07
Madhya Pradesh,NEEMUCH,Bagwanpura,2024-10,120,-29.550666666666665,-30.34,-29.18
Madhya Pradesh,NEEMUCH,Bagwanpura,2024-11,112,-31.57107142857143,-34.28,-29.71
Madhya Pradesh,NEEMUCH,Bagwanpura,2024-12,93,-34.14741935483871,-36.96,-32.36
Madhya Pradesh,NEEMUCH,Bagwanpura,2025-01,116,-36.813448275862065,-37.0,-35.09
Madhya Pradesh,NEEMUCH,Bagwanpura,2025-02,87,-36.93942528735632,-36.97,-36.9
Madhya Pradesh,NEEMUCH,Bagwanpura,2025-03,120,-36.904250000000005,-36.96,-36.85
Madhya Pradesh,NEEMUCH,Bagwanpura,2025-04,93,-25.58279569892473,-36.9,-21.37
Madhya Pradesh,NEEMUCH,Bagwanpura,2025-05,84,-24.339761904761904,-36.84,-21.34
Madhya Pradesh,NEEMUCH,Bagwanpura,2025-06,101,-21.391782178217824,-21.47,-21.33
Madhya Pradesh,NEEMUCH,Bagwanpura,2025-07,90,-21.395777777777777,-21.46,-21.31
Madhya Pradesh,NEEMUCH,Bagwanpura,2025-08,85,-21.43564705882353,-21.48,-21.4
Madhya Pradesh,NEEMUCH,Bagwanpura,2025-09,84,-21.82857142857143,-29.13,-21.4
Madhya Pradesh,NEEMUCH,Bagwanpura,2025-10,79,-21.479113924050633,-21.52,-21.4
Madhya Pradesh,NEEMUCH,Bagwanpura,2025-11,66,-21.54818181818182,-21.59,-21.48
Madhya Pradesh,NEEMUCH,Bagwanpura,2025-12,73,-21.562602739726028,-21.61,-21.48
Madhya Pradesh,NEEMUCH,Buj_1,2023-10,9,-7.858888888888889,-7.91,-7.82
Madhya Pradesh,NEEMUCH,Buj_1,2023-11,120,-9.029666666666666,-10.42,-7.9
Madhya Pradesh,NEEMUCH,Buj_1,2023-12,124,-10.741935483870968,-11.48,-10.25
Madhya Pradesh,NEEMUCH,Buj_1,2024-01,124,-11.787903225806453,-12.07,-11.45
Madhya Pradesh,NEEMUCH,Buj_1,2024-02,116,-12.071637931034482,-12.08,-12.07
Madhya Pradesh,NEEMUCH,Buj_1,2024-03,124,-12.07016129032258,-12.08,-12.07
Madhya Pradesh,NEEMUCH,Buj_1,2024-04,120,-12.068000000000001,-12.08,-12.0
Madhya Pradesh,NEEMUCH,Buj_1,2024-05,124,-11.879354838709677,-12.09,-10.75
Madhya Pradesh,NEEMUCH,Buj_1,2024-06,120,-12.072666666666667,-12.08,-12.03
Madhya Pradesh,NEEMUCH,Buj_1,2024-07,124,-12.073387096774193,-12.08,-12.03
Madhya Pradesh,NEEMUCH,Buj_1,2024-08,124,-12.070322580645161,-12.08,-12.07
Madhya Pradesh,NEEMUCH,Buj_1,2024-09,120,-12.067583333333335,-12.08,-11.83
Madhya Pradesh,NEEMUCH,Buj_1,2024-10,69,-11.727391304347828,-12.09,-10.75
Madhya Pradesh,NEEMUCH,Gudla_1,2023-10,1,-7.61,-7.61,-7.61
Madhya Pradesh,NEEMUCH,Gudla_1,2023-11,108,-8.776296296296296,-10.19,-7.53
Madhya Pradesh,NEEMUCH,Gudla_1,2023-12,124,-9.81975806451613,-11.26,-8.99
Madhya Pradesh,NEEMUCH,Gudla_1,2024-01,124,-11.391451612903225,-12.87,-10.52
Madhya Pradesh,NEEMUCH,Gudla_1,2024-02,112,-13.298660714285715,-14.35,-12.26
Madhya Pradesh,NEEMUCH,Gudla_1,2024-03,124,-14.626854838709678,-15.52,-13.9
Madhya Pradesh,NEEMUCH,Gudla_1,2024-04,112,-15.820357142857143,-16.68,-15.06
Madhya Pradesh,NEEMUCH,Gudla_1,2024-05,120,-16.9825,-18.27,-16.12
Madhya Pradesh,NEEMUCH,Gudla_1,2024-06,112,-18.248482142857142,-18.88,-17.73
Madhya Pradesh,NEEMUCH,Gudla_1,2024-07,120,-16.147000000000002,-18.75,-11.41
Madhya Pradesh,NEEMUCH,Gudla_1,2024-08,104,-7.658557692307692,-11.37,-5.6
Madhya Pradesh,NEEMUCH,Gudla_1,2024-09,112,-6.114196428571428,-7.07,-5.22
Madhya Pradesh,NEEMUCH,Gudla_1,2024-10,120,-6.7644166666666665,-7.74,-6.12
Madhya Pradesh,NEEMUCH,Gudla_1,2024-11,88,-8.11034090909091,-9.33,-6.92
Madhya Pradesh,NEEMUCH,Gudla_1,2024-12,88,-10.033863636363636,-11.13,-9.03
Madhya Pradesh,NEEMUCH,Gudla_1,2025-01,117,-11.412564102564103,-12.48,-10.51
Madhya Pradesh,NEEMUCH,Gudla_1,2025-02,87,-13.592183908045977,-14.79,-12.55
Madhya Pradesh,NEEMUCH,Gudla_1,2025-03,120,-15.432416666666667,-16.49,-14.55
Madhya Pradesh,NEEMUCH,Gudla_1,2025-04,82,-17.189878048780486,-18.43,-16.31
Madhya Pradesh,NEEMUCH,Gudla_1,2025-05,84,-18.932619047619045,-19.6,-18.17
Madhya Pradesh,NEEMUCH,Gudla_1,2025-06,82,-19.708902439024392,-20.36,-19.16
Madhya Pradesh,NEEMUCH,Gudla_1,2025-07,57,-17.36263157894737,-20.33,-13.68
Madhya Pradesh,NEEMUCH,Gudla_1,2025-08,55,-12.774545454545455,-14.22,-10.96
Madhya Pradesh,NEEMUCH,Gudla_1,2025-09,65,-9.113692307692308,-10.19,-7.44
Madhya Pradesh,NEEMUCH,Gudla_1,2025-10,22,-7.635,-8.07,-7.38
Madhya Pradesh,NEEMUCH,Gudla_1,2025-11,19,-8.358421052631579,-9.24,-7.51
Madhya Pradesh,NEEMUCH,Gudla_1,2025-12,41,-10.37048780487805,-11.42,-9.26
Madhya Pradesh,PANNA,Badagaon(D),2023-10,30,-4.799,-5.51,-4.0
Madhya Pradesh,PANNA,Badagaon(D),2023-11,112,-4.847678571428572,-6.23,-4.04
Madhya Pradesh,PANNA,Badagaon(D),2023-12,120,-5.860083333333334,-7.13,-4.72
Madhya Pradesh,PANNA,Badagaon(D),2024-01,124,-6.989677419354839,-9.68,-5.01
Madhya Pradesh,PANNA,Badagaon(D),2024-02,112,-10.029464285714285,-13.72,-7.2
Madhya Pradesh,PANNA,Badagaon(D),2024-03,120,-7.813583333333333,-9.93,-5.62
Madhya Pradesh,PANNA,Badagaon(D),2024-04,112,-9.302589285714287,-11.95,-7.67
Madhya Pradesh,PANNA,Badagaon(D),2024-05,112,-11.307946428571428,-14.41,-8.79
Madhya Pradesh,PANNA,Badagaon(D),2024-06,108,-12.927129629629631,-16.23,-5.88
Madhya Pradesh,PANNA,Badagaon(D),2024-07,124,-3.0959677419354836,-7.01,-1.32
Madhya Pradesh,PANNA,Badagaon(D),2024-08,92,-0.6257608695652174,-2.65,0.12
Madhya Pradesh,PANNA,Badagaon(D),2024-09,108,-1.3882407407407409,-2.07,-0.45
Madhya Pradesh,PANNA,Badagaon(D),2024-10,116,-2.866810344827586,-3.93,-1.21
Madhya Pradesh,PANNA,Badagaon(D),2024-11,108,-4.095925925925926,-6.05,-3.32
Madhya Pradesh,PANNA,Badagaon(D),2024-12,89,-5.887640449438202,-7.3,-4.78
Madhya Pradesh,PANNA,Badagaon(D),2025-01,116,-6.436379310344828,-8.43,-4.49
Madhya Pradesh,PANNA,Badagaon(D),2025-02,87,-11.502413793103448,-15.8,-8.06
Madhya Pradesh,PANNA,Badagaon(D),2025-03,120,-15.4305,-17.47,-12.73
Madhya Pradesh,PANNA,Badagaon(D),2025-04,85,-14.575411764705883,-17.52,-12.61
Madhya Pradesh,PANNA,Badagaon(D),2025-05,80,-15.619125,-17.52,-13.61
Madhya Pradesh,PANNA,Badagaon(D),2025-06,97,-11.70721649484536,-17.5,-0.86
Madhya Pradesh,PANNA,Badagaon(D),2025-07,95,-0.4058947368421053,-1.37,0.43
Madhya Pradesh,PANNA,Badagaon(D),2025-08,81,-2.372,-17.54,0.09
Madhya Pradesh,PANNA,Badagaon(D),2025-09,78,-2.577551282051282,-4.141,-1.245
Madhya Pradesh,PANNA,Badagaon(D),2025-10,112,-3.7330178571428574,-4.789,-3.281
Madhya Pradesh,PANNA,Badagaon(D),2025-11,73,-3.9001917808219178,-4.621,-3.268
Madhya Pradesh,PANNA,Badagaon(D),2025-12,81,-5.289753086419753,-5.923,-4.601
Madhya Pradesh,PANNA,Hardua_1,2024-01,72,-59.84052777777778,-59.9,-59.782
Madhya Pradesh,PANNA,Hardua_1,2024-02,116,-59.685775862068965,-59.78,-59.591
Madhya Pradesh,PANNA,Hardua_1,2024-03,124,-59.48824193548388,-59.589,-59.387
Madhya Pradesh,PANNA,Hardua_1,2024-04,120,-59.2314,-59.385,-56.928
Madhya Pradesh,PANNA,Hardua_1,2024-05,124,-41.130475806451614,-57.016,0.0
Madhya Pradesh,PANNA,Hardua_1,2024-06,120,-56.43841666666666,-56.954,0.0
Madhya Pradesh,PANNA,Hardua_1,2024-07,124,-56.8925,-56.95,-56.83
Madhya Pradesh,PANNA,Hardua_1,2024-08,124,-56.938870967741934,-56.98,-56.84
Madhya Pradesh,PANNA,Hardua_1,2024-09,120,-56.94291666666666,-57.0,-56.86
Madhya Pradesh,PANNA,Hardua_1,2024-10,124,-57.008709677419354,-57.04,-56.95
Madhya Pradesh,PANNA,Hardua_1,2024-11,100,-57.0503,-57.07,-57.02
Madhya Pradesh,PANNA,Hardua_1,2024-12,68,-58.11338235294118,-64.43,-57.03
Madhya Pradesh,PANNA,Hardua_1,2025-01,101,-66.33277227722772,-80.2,-57.04
Madhya Pradesh,PANNA,Hardua_1,2025-02,31,-86.41870967741936,-91.89,-78.72
Madhya Pradesh,PANNA,Hardua_1,2025-03,124,-80.48782258064516,-93.53,-56.98
Madhya Pradesh,PANNA,Hardua_1,2025-04,84,-56.97595238095238,-57.04,-56.91
Madhya Pradesh,PANNA,Hardua_1,2025-05,96,-56.92906249999999,-57.01,-56.85
Madhya Pradesh,PANNA,Hardua_1,2025-06,63,-56.91746031746032,-56.98,-56.86
Madhya Pradesh,PANNA,Hardua_1,2025-07,25,-56.885200000000005,-56.92,-56.85
Madhya Pradesh,PANNA,Hardua_1,2025-08,85,-56.97589411764706,-57.02,-56.93
Madhya Pradesh,PANNA,Hardua_1,2025-09,83,-57.00130120481928,-57.034,-56.937
Madhya Pradesh,PANNA,Hardua_1,2025-10,113,-57.05415044247788,-57.156,-56.979
Madhya Pradesh,PANNA,Hardua_1,2025-11,23,-57.10939130434783,-57.148,-57.063
Madhya Pradesh,RAJGARH,Amgarha_1,2023-10,11,-7.419090909090909,-7.47,-7.39
Madhya Pradesh,RAJGARH,Amgarha_1,2023-11,112,-8.182142857142857,-8.84,-7.2
Madhya Pradesh,RAJGARH,Amgarha_1,2023-12,120,-8.68275,-9.06,-8.33
Madhya Pradesh,RAJGARH,Amgarha_1,2024-01,124,-9.35758064516129,-10.07,-8.65
Madhya Pradesh,RAJGARH,Amgarha_1,2024-02,112,-10.068392857142857,-10.07,-10.06
Madhya Pradesh,RAJGARH,Amgarha_1,2024-03,124,-10.07,-10.07,-10.07
Madhya Pradesh,RAJGARH,Amgarha_1,2024-04,112,-10.074196428571428,-10.08,-10.07
Madhya Pradesh,RAJGARH,Amgarha_1,2024-05,120,-10.079833333333333,-10.08,-10.07
Madhya Pradesh,RAJGARH,Amgarha_1,2024-06,116,-10.08405172413793,-10.09,-10.08
Madhya Pradesh,RAJGARH,Amgarha_1,2024-07,124,-10.09008064516129,-10.1,-10.09
Madhya Pradesh,RAJGARH,Amgarha_1,2024-08,108,-4.222407407407407,-10.1,-2.47
Madhya Pradesh,RAJGARH,Amgarha_1,2024-09,112,-2.9828571428571427,-4.23,-1.65
Madhya Pradesh,RAJGARH,Amgarha_1,2024-10,116,-4.290258620689655,-5.6,-2.65
Madhya Pradesh,RAJGARH,Amgarha_1,2024-11,112,-6.032946428571429,-6.51,-5.38
Madhya Pradesh,RAJGARH,Amgarha_1,2024-12,97,-6.880515463917526,-7.43,-6.28
Madhya Pradesh,RAJGARH,Amgarha_1,2025-01,116,-7.756982758620689,-8.31,-7.29
Madhya Pradesh,RAJGARH,Amgarha_1,2025-02,83,-8.776626506024098,-9.48,-8.37
Madhya Pradesh,RAJGARH,Amgarha_1,2025-03,44,-9.565681818181817,-10.13,-9.25
Madhya Pradesh,RAJGARH,Amgarha_1,2025-04,110,-10.129727272727273,-10.13,-10.12
Madhya Pradesh,RAJGARH,Amgarha_1,2025-05,88,-10.131250000000001,-10.14,-10.13
Madhya Pradesh,RAJGARH,Amgarha_1,2025-06,97,-10.111855670103093,-10.14,-9.73
Madhya Pradesh,RAJGARH,Amgarha_1,2025-07,94,-5.127127659574468,-9.73,-1.15
Madhya Pradesh,RAJGARH,Amgarha_1,2025-08,89,-2.0525842696629213,-3.75,-1.13
Madhya Pradesh,RAJGARH,Amgarha_1,2025-09,84,-2.077857142857143,-4.43,-1.26
Madhya Pradesh,RAJGARH,Amgarha_1,2025-10,117,-4.818547008547008,-5.68,-4.04
Madhya Pradesh,RAJGARH,Amgarha_1,2025-11,83,-6.409518072289157,-6.86,-5.7
Madhya Pradesh,RAJGARH,Amgarha_1,2025-12,99,-7.473131313131313,-8.03,-6.71
Madhya Pradesh,RAJGARH,Biora (D)_1,2023-05,24,-7.285416666666666,-7.32,-7.24
Madhya Pradesh,RAJGARH,Biora (D)_1,2023-06,80,-7.548,-7.68,-7.33
Madhya Pradesh,RAJGARH,Biora (D)_1,2023-07,120,-6.343083333333333,-7.66,-4.77
Madhya Pradesh,RAJGARH,Biora (D)_1,2023-08,124,-4.76,-5.08,-4.34
Madhya Pradesh,RAJGARH,Biora (D)_1,2023-09,108,-3.395462962962963,-4.99,-1.77
Madhya Pradesh,RAJGARH,Biora (D)_1,2023-10,112,-3.3744642857142857,-4.61,-2.44
Madhya Pradesh,RAJGARH,Biora (D)_1,2023-11,112,-4.844017857142857,-5.14,-4.63
Madhya Pradesh,RAJGARH,Biora (D)_1,2023-12,120,-5.20625,-5.45,-4.79
Madhya Pradesh,RAJGARH,Biora (D)_1,2024-01,124,-5.747661290322581,-6.07,-5.45
Madhya Pradesh,RAJGARH,Biora (D)_1,2024-02,112,-6.112946428571428,-6.18,-5.97
Madhya Pradesh,RAJGARH,Biora (D)_1,2024-03,124,-6.532903225806452,-6.87,-6.18
Madhya Pradesh,RAJGARH,Biora (D)_1,2024-04,112,-7.151160714285714,-7.38,-6.87
Madhya Pradesh,RAJGARH,Biora (D)_1,2024-05,116,-7.64198275862069,-7.87,-7.39
Madhya Pradesh,RAJGARH,Biora (D)_1,2024-06,116,-8.020344827586207,-8.34,-7.87
Madhya Pradesh,RAJGARH,Biora (D)_1,2024-07,120,-7.107666666666666,-8.38,-4.05
Madhya Pradesh,RAJGARH,Biora (D)_1,2024-08,104,-2.1969230769230768,-4.13,-1.01
Madhya Pradesh,RAJGARH,Biora (D)_1,2024-09,112,-1.4446428571428573,-1.94,-0.57
Madhya Pradesh,RAJGARH,Biora (D)_1,2024-10,113,-2.2905309734513275,-3.02,-1.19
Madhya Pradesh,RAJGARH,Biora (D)_1,2024-11,107,-3.8310280373831778,-4.29,-3.09
Madhya Pradesh,RAJGARH,Biora (D)_1,2024-12,89,-4.608426966292135,-4.92,-4.28
Madhya Pradesh,RAJGARH,Biora (D)_1,2025-01,116,-5.163103448275861,-5.43,-4.89
Madhya Pradesh,RAJGARH,Biora (D)_1,2025-02,87,-5.919655172413793,-6.46,-5.55
Madhya Pradesh,RAJGARH,Biora (D)_1,2025-03,49,-6.670204081632653,-6.89,-6.47
Madhya Pradesh,RAJGARH,Biora (D)_1,2025-04,62,-7.465112903225807,-7.62,-7.183
Madhya Pradesh,RAJGARH,Biora (D)_1,2025-05,80,-7.83535,-7.941,-7.627
Madhya Pradesh,RAJGARH,Biora (D)_1,2025-06,101,-7.707316831683168,-7.948,-6.966
Madhya Pradesh,RAJGARH,Biora (D)_1,2025-07,94,-2.712595744680851,-6.962,-0.515
Madhya Pradesh,RAJGARH,Biora (D)_1,2025-08,86,-1.558104651162791,-2.37,-0.607
Madhya Pradesh,RAJGARH,Biora (D)_1,2025-09,84,-1.3793333333333333,-2.193,-0.735
Madhya Pradesh,RAJGARH,Biora (D)_1,2025-10,113,-2.519973451327434,-3.032,-2.078
Madhya Pradesh,RAJGARH,Biora (D)_1,2025-11,74,-3.659554054054054,-4.172,-3.037
Madhya Pradesh,RAJGARH,Biora (D)_1,2025-12,96,-4.754968750000001,-5.082,-4.314
Madhya Pradesh,RAJGARH,Biora(S)_1,2023-05,25,-10.033999999999999,-10.07,-9.99
Madhya Pradesh,RAJGARH,Biora(S)_1,2023-06,80,-10.259625,-10.4,-10.07
Madhya Pradesh,RAJGARH,Biora(S)_1,2023-07,120,-9.375666666666666,-10.4,-8.07
Madhya Pradesh,RAJGARH,Biora(S)_1,2023-08,124,-8.034032258064517,-8.31,-7.67
Madhya Pradesh,RAJGARH,Biora(S)_1,2023-09,108,-6.746851851851852,-8.27,-4.19
Madhya Pradesh,RAJGARH,Biora(S)_1,2023-10,108,-5.355740740740741,-7.15,-4.16
Madhya Pradesh,RAJGARH,Biora(S)_1,2023-11,112,-8.076339285714285,-8.63,-7.15
Madhya Pradesh,RAJGARH,Biora(S)_1,2023-12,120,-8.608,-8.79,-8.25
Madhya Pradesh,RAJGARH,Biora(S)_1,2024-01,124,-9.022419354838709,-9.27,-8.79
Madhya Pradesh,RAJGARH,Biora(S)_1,2024-02,112,-9.230892857142857,-9.32,-9.14
Madhya Pradesh,RAJGARH,Biora(S)_1,2024-03,124,-9.390725806451613,-9.68,-9.14
Madhya Pradesh,RAJGARH,Biora(S)_1,2024-04,112,-9.8575,-10.05,-9.64
Madhya Pradesh,RAJGARH,Biora(S)_1,2024-05,116,-10.27206896551724,-10.48,-10.04
Madhya Pradesh,RAJGARH,Biora(S)_1,2024-06,112,-10.625446428571427,-10.68,-10.48
Madhya Pradesh,RAJGARH,Biora(S)_1,2024-07,124,-9.731048387096775,-10.68,-7.3
Madhya Pradesh,RAJGARH,Biora(S)_1,2024-08,104,-6.038269230769231,-7.29,-5.29
Madhya Pradesh,RAJGARH,Biora(S)_1,2024-09,108,-4.131388888888889,-5.58,-2.45
Madhya Pradesh,RAJGARH,Biora(S)_1,2024-10,116,-3.4514655172413793,-5.05,-2.38
Madhya Pradesh,RAJGARH,Biora(S)_1,2024-11,108,-6.170092592592592,-7.72,-4.53
Madhya Pradesh,RAJGARH,Biora(S)_1,2024-12,97,-8.025257731958764,-8.36,-7.68
Madhya Pradesh,RAJGARH,Biora(S)_1,2025-01,116,-8.543620689655173,-8.73,-8.35
Madhya Pradesh,RAJGARH,Biora(S)_1,2025-02,87,-9.0883908045977,-9.51,-8.77
Madhya Pradesh,RAJGARH,Biora(S)_1,2025-03,116,-9.617672413793104,-9.69,-9.52
Madhya Pradesh,RAJGARH,Biora(S)_1,2025-04,93,-10.006451612903225,-10.32,-9.68
Madhya Pradesh,RAJGARH,Biora(S)_1,2025-05,88,-10.49125,-10.59,-10.32
Madhya Pradesh,RAJGARH,Biora(S)_1,2025-06,101,-10.267623762376237,-10.52,-9.45
Madhya Pradesh,RAJGARH,Biora(S)_1,2025-07,98,-6.3914285714285715,-9.44,-4.52
Madhya Pradesh,RAJGARH,Biora(S)_1,2025-08,89,-4.031348314606742,-4.63,-2.21
Madhya Pradesh,RAJGARH,Biora(S)_1,2025-09,81,-2.205925925925926,-2.78,-1.69
Madhya Pradesh,RAJGARH,Biora(S)_1,2025-10,96,-3.4031249999999997,-4.07,-2.84
Madhya Pradesh,RAJGARH,Biora(S)_1,2025-11,64,-5.3703125,-6.48,-3.98
Madhya Pradesh,RAJGARH,Biora(S)_1,2025-12,60,-8.187833333333334,-8.73,-6.75
Madhya Pradesh,RATLAM,Alot Npz_1,2023-07,86,-19.48395348837209,-37.81,-7.16
Madhya Pradesh,RATLAM,Alot Npz_1,2023-08,89,-7.4014606741573035,-8.05,-6.88
Madhya Pradesh,RATLAM,Alot Npz_1,2023-09,112,-6.530267857142857,-8.99,-4.01
Madhya Pradesh,RATLAM,Alot Npz_1,2023-10,100,-4.6887,-6.55,-4.01
Madhya Pradesh,RATLAM,Alot Npz_1,2023-11,112,-9.14830357142857,-11.19,-6.59
Madhya Pradesh,RATLAM,Alot Npz_1,2023-12,120,-11.743916666666667,-13.37,-10.95
Madhya Pradesh,RATLAM,Alot Npz_1,2024-01,120,-14.80175,-16.31,-13.39
Madhya Pradesh,RATLAM,Alot Npz_1,2024-02,108,-18.463796296296294,-22.31,-16.33
Madhya Pradesh,RATLAM,Alot Npz_1,2024-03,124,-27.71556451612903,-32.94,-21.27
Madhya Pradesh,RATLAM,Alot Npz_1,2024-04,112,-36.75866071428572,-38.67,-32.51
Madhya Pradesh,RATLAM,Alot Npz_1,2024-05,116,-38.66336206896552,-38.67,-38.65
Madhya Pradesh,RATLAM,Alot Npz_1,2024-06,116,-38.6501724137931,-38.66,-38.63
Madhya Pradesh,RATLAM,Alot Npz_1,2024-07,120,-37.02366666666667,-38.63,-17.41
Madhya Pradesh,RATLAM,Alot Npz_1,2024-08,99,-14.16969696969697,-17.35,-8.87
Madhya Pradesh,RATLAM,Alot Npz_1,2024-09,105,-5.656190476190476,-8.82,-3.49
Madhya Pradesh,RATLAM,Alot Npz_1,2024-10,93,-3.8326881720430106,-4.51,-3.41
Madhya Pradesh,RATLAM,Alot Npz_1,2025-01,28,-14.811642857142857,-15.943,-14.243
Madhya Pradesh,RATLAM,Alot Npz_1,2025-02,41,-17.283146341463414,-19.01,-16.425
Madhya Pradesh,RATLAM,Alot Npz_1,2025-04,28,-4.346607142857143,-4.389,-4.295
Madhya Pradesh,RATLAM,Alot Npz_1,2025-05,88,-4.3392954545454545,-4.39,-4.29
Madhya Pradesh,RATLAM,Alot Npz_1,2025-06,90,-35.260755555555555,-38.572,-4.317
Madhya Pradesh,RATLAM,Alot Npz_1,2025-07,92,-33.24867391304348,-37.976,-12.583
Madhya Pradesh,RATLAM,Alot Npz_1,2025-08,78,-11.912525641025642,-12.447,-10.939
Madhya Pradesh,RATLAM,Alot Npz_1,2025-09,84,-5.983380952380952,-10.225,-4.784
Madhya Pradesh,RATLAM,Alot Npz_1,2025-10,116,-6.137465517241379,-7.533,-5.078
Madhya Pradesh,RATLAM,Alot Npz_1,2025-11,39,-8.013923076923078,-9.615,-7.114
Madhya Pradesh,RATLAM,Badawada Npz_1,2023-10,24,-8.262083333333333,-10.75,-5.91
Madhya Pradesh,RATLAM,Badawada Npz_1,2023-11,112,-15.968035714285715,-26.37,-9.66
Madhya Pradesh,RATLAM,Badawada Npz_1,2023-12,120,-14.819916666666668,-24.16,-11.83
Madhya Pradesh,RATLAM,Badawada Npz_1,2024-01,124,-24.805887096774196,-38.85,-16.39
Madhya Pradesh,RATLAM,Badawada Npz_1,2024-02,112,-37.80535714285714,-38.87,-26.95
Madhya Pradesh,RATLAM,Badawada Npz_1,2024-03,124,-38.865403225806446,-38.87,-38.86
Madhya Pradesh,RATLAM,Badawada Npz_1,2024-04,112,-38.87080357142857,-38.88,-38.87
Madhya Pradesh,RATLAM,Badawada Npz_1,2024-05,120,-38.875083333333336,-38.88,-38.87
Madhya Pradesh,RATLAM,Badawada Npz_1,2024-06,116,-38.88241379310345,-38.89,-38.88
Madhya Pradesh,RATLAM,Badawada Npz_1,2024-07,124,-37.78056451612903,-38.89,-29.98
Madhya Pradesh,RATLAM,Badawada Npz_1,2024-08,104,-25.69519230769231,-38.89,-15.45
Madhya Pradesh,RATLAM,Badawada Npz_1,2024-09,112,-8.650982142857142,-15.45,-4.97
Madhya Pradesh,RATLAM,Badawada Npz_1,2024-10,116,-7.904913793103448,-34.25,-6.11
Madhya Pradesh,RATLAM,Badawada Npz_1,2024-11,93,-13.93967741935484,-31.24,-7.44
Madhya Pradesh,RATLAM,Badawada Npz_1,2024-12,88,-30.271704545454543,-38.89,-17.36
Madhya Pradesh,RATLAM,Badawada Npz_1,2025-01,116,-33.50508620689655,-38.89,-24.14
Madhya Pradesh,RATLAM,Badawada Npz_1,2025-02,87,-35.532758620689656,-38.9,-29.55
Madhya Pradesh,RATLAM,Badawada Npz_1,2025-03,116,-38.89362068965517,-38.9,-38.89
Madhya Pradesh,RATLAM,Badawada Npz_1,2025-04,97,-38.896597938144325,-38.9,-38.89
Madhya Pradesh,RATLAM,Badawada Npz_1,2025-05,88,-38.9,-38.9,-38.9
Madhya Pradesh,RATLAM,Badawada Npz_1,2025-06,99,-39.670303030303025,-39.83,-38.9
Madhya Pradesh,RATLAM,Badawada Npz_1,2025-07,98,-39.83,-39.83,-39.83
Madhya Pradesh,RATLAM,Badawada Npz_1,2025-08,93,-31.493978494623658,-39.84,-25.26
Madhya Pradesh,RATLAM,Badawada Npz_1,2025-09,76,-13.426578947368421,-22.81,-6.79
Madhya Pradesh,RATLAM,Badawada Npz_1,2025-10,105,-7.028380952380952,-12.08,-6.31
Madhya Pradesh,RATLAM,Badawada Npz_1,2025-11,67,-7.710298507462687,-10.48,-5.78
Madhya Pradesh,RATLAM,Badawada Npz_1,2025-12,70,-15.475999999999999,-39.83,-9.18
Madhya Pradesh,RATLAM,Badoda Npz_1,2023-10,25,-7.7791999999999994,-8.29,-7.42
Madhya Pradesh,RATLAM,Badoda Npz_1,2023-11,112,-11.059285714285716,-13.04,-8.31
Madhya Pradesh,RATLAM,Badoda Npz_1,2023-12,120,-11.965833333333334,-13.87,-11.13
Madhya Pradesh,RATLAM,Badoda Npz_1,2024-01,124,-14.012419354838709,-14.34,-13.48
Madhya Pradesh,RATLAM,Badoda Npz_1,2024-02,112,-14.365267857142857,-14.53,-14.02
Madhya Pradesh,RATLAM,Badoda Npz_1,2024-03,124,-14.542822580645161,-14.58,-14.49
Madhya Pradesh,RATLAM,Badoda Npz_1,2024-04,112,-14.523928571428572,-14.57,-14.48
Madhya Pradesh,RATLAM,Badoda Npz_1,2024-05,120,-14.196,-14.59,1.0
Madhya Pradesh,RATLAM,Badoda Npz_1,2024-06,116,-13.905862068965517,-14.28,-13.33
Madhya Pradesh,RATLAM,Badoda Npz_1,2024-07,120,-14.093166666666667,-14.28,-13.42
Madhya Pradesh,RATLAM,Badoda Npz_1,2024-08,100,-11.6647,-14.18,-6.05
Madhya Pradesh,RATLAM,Badoda Npz_1,2024-09,112,-4.557767857142857,-6.94,-3.31
Madhya Pradesh,RATLAM,Badoda Npz_1,2024-10,116,-5.771896551724137,-6.65,-5.04
Madhya Pradesh,RATLAM,Badoda Npz_1,2024-11,112,-8.459464285714287,-9.8,-6.39
Madhya Pradesh,RATLAM,Badoda Npz_1,2024-12,97,-11.20463917525773,-12.21,-9.78
Madhya Pradesh,RATLAM,Badoda Npz_1,2025-01,116,-13.832844827586205,-14.51,-12.63
Madhya Pradesh,RATLAM,Badoda Npz_1,2025-02,91,-14.369230769230768,-14.54,-14.1
Madhya Pradesh,RATLAM,Badoda Npz_1,2025-03,120,-14.25,-14.81,-13.28
Madhya Pradesh,RATLAM,Badoda Npz_1,2025-04,109,-13.391743119266055,-14.42,-12.87
Madhya Pradesh,RATLAM,Badoda Npz_1,2025-05,88,-14.14159090909091,-14.5,-13.72
Madhya Pradesh,RATLAM,Badoda Npz_1,2025-06,101,-13.154950495049507,-14.3,-8.55
Madhya Pradesh,RATLAM,Badoda Npz_1,2025-07,98,-4.95,-8.43,-2.92
Madhya Pradesh,RATLAM,Badoda Npz_1,2025-08,85,-3.024,-4.78,-0.45
Madhya Pradesh,RATLAM,Badoda Npz_1,2025-09,82,-0.26,-1.68,0.47
Madhya Pradesh,RATLAM,Badoda Npz_1,2025-10,117,-1.8694017094017095,-2.57,-1.32
Madhya Pradesh,RATLAM,Badoda Npz_1,2025-11,83,-2.2295180722891565,-3.97,-1.43
Madhya Pradesh,RATLAM,Badoda Npz_1,2025-12,94,-6.7546808510638305,-9.17,-4.56
Madhya Pradesh,RATLAM,Bajna Npz_1,2023-10,25,-6.3908000000000005,-6.57,-6.18
Madhya Pradesh,RATLAM,Bajna Npz_1,2023-11,112,-9.893571428571429,-11.93,-6.6
Madhya Pradesh,RATLAM,Bajna Npz_1,2023-12,120,-11.936083333333332,-14.19,-10.18
Madhya Pradesh,RATLAM,Bajna Npz_1,2024-01,124,-15.318225806451613,-15.94,-14.22
Madhya Pradesh,RATLAM,Bajna Npz_1,2024-02,112,-16.14125,-16.26,-15.94
Madhya Pradesh,RATLAM,Bajna Npz_1,2024-03,124,-16.386129032258065,-16.51,-16.26
Madhya Pradesh,RATLAM,Bajna Npz_1,2024-04,112,-16.61375,-16.71,-16.51
Madhya Pradesh,RATLAM,Bajna Npz_1,2024-05,120,-16.80275,-16.88,-16.71
Madhya Pradesh,RATLAM,Bajna Npz_1,2024-06,116,-16.515689655172412,-16.99,-12.5
Madhya Pradesh,RATLAM,Bajna Npz_1,2024-07,120,-9.107583333333334,-13.73,-3.73
Madhya Pradesh,RATLAM,Bajna Npz_1,2024-08,112,-2.9952678571428573,-4.76,-2.06
Madhya Pradesh,RATLAM,Bajna Npz_1,2024-09,108,-2.6143518518518523,-3.96,-1.59
Madhya Pradesh,RATLAM,Bajna Npz_1,2024-10,116,-3.110603448275862,-4.62,-1.88
Madhya Pradesh,RATLAM,Bajna Npz_1,2024-11,108,-7.658518518518519,-10.61,-4.64
Madhya Pradesh,RATLAM,Bajna Npz_1,2024-12,53,-11.78377358490566,-13.39,-10.63
Madhya Pradesh,RATLAM,Bajna Npz_1,2025-01,108,-15.491851851851854,-16.16,-14.38
Madhya Pradesh,RATLAM,Bajna Npz_1,2025-02,83,-16.32,-16.43,-16.22
Madhya Pradesh,RATLAM,Bajna Npz_1,2025-03,120,-16.538666666666668,-16.67,-16.43
Madhya Pradesh,RATLAM,Bajna Npz_1,2025-04,74,-16.769054054054056,-16.89,-16.67
Madhya Pradesh,RATLAM,Bajna Npz_1,2025-05,87,-16.906896551724138,-17.02,-16.55
Madhya Pradesh,RATLAM,Bajna Npz_1,2025-06,101,-13.485940594059405,-16.8,-4.26
Madhya Pradesh,RATLAM,Bajna Npz_1,2025-07,87,-2.726551724137931,-4.19,-1.45
Madhya Pradesh,RATLAM,Bajna Npz_1,2025-09,46,-1.9730434782608697,-2.34,-0.99
Madhya Pradesh,RATLAM,Bajna Npz_1,2025-10,112,-1.2771428571428571,-5.46,7.19
Madhya Pradesh,RATLAM,Bajna Npz_1,2025-11,72,-0.47430555555555554,-7.13,7.82
Madhya Pradesh,RATLAM,Bajna Npz_1,2025-12,96,-4.039166666666667,-11.57,5.55
Madhya Pradesh,RATLAM,Birmawal OW,2023-12,48,-3.1215833333333336,-6.182,-0.648
Madhya Pradesh,RATLAM,Birmawal OW,2024-01,124,-3.425451612903226,-6.461,-0.724
Madhya Pradesh,RATLAM,Birmawal OW,2024-02,116,-3.2986810344827586,-6.461,-0.648
Madhya Pradesh,RATLAM,Birmawal OW,2024-03,124,-3.201620967741935,-6.267,-0.648
Madhya Pradesh,RATLAM,Birmawal OW,2024-04,120,-3.4642,-6.461,-0.724
Madhya Pradesh,RATLAM,Birmawal OW,2024-05,124,-3.2984516129032255,-6.461,-0.648
Madhya Pradesh,RATLAM,Birmawal OW,2024-06,120,-3.2465833333333336,-6.461,-0.648
Madhya Pradesh,RATLAM,Birmawal OW,2024-07,124,-3.405967741935484,-6.267,-0.648
Madhya Pradesh,RATLAM,Birmawal OW,2024-08,125,-3.9768000000000003,-6.611,-0.648
Madhya Pradesh,RATLAM,Birmawal OW,2024-09,120,-2.8093999999999997,-4.177,-1.416
Madhya Pradesh,RATLAM,Birmawal OW,2024-10,124,-3.214443548387097,-6.182,-0.162
Madhya Pradesh,RATLAM,Birmawal OW,2024-11,104,-2.928346153846154,-25.899,22.755
Madhya Pradesh,RATLAM,Birmawal OW,2024-12,69,-34.339608695652174,-36.609,-26.39
Madhya Pradesh,RATLAM,Birmawal OW,2025-01,101,-39.847772277227726,-46.871,-35.833
Madhya Pradesh,RATLAM,Birmawal OW,2025-02,31,-60.58864516129032,-73.154,-43.97
Madhya Pradesh,RATLAM,Birmawal OW,2025-03,120,-74.70763333333333,-79.48,-64.321
Madhya Pradesh,RATLAM,Birmawal OW,2025-04,92,-77.76132608695653,-83.095,-67.204
Madhya Pradesh,RATLAM,Birmawal OW,2025-05,65,-76.74447692307692,-81.691,-74.111
Madhya Pradesh,RATLAM,Birmawal OW,2025-06,71,-48.548985915492956,-74.609,-16.11
Madhya Pradesh,RATLAM,Birmawal OW,2025-07,80,-8.5488,-17.445,-2.542
Madhya Pradesh,RATLAM,Birmawal OW,2025-08,70,-4.683428571428571,-8.401,-2.658
Madhya Pradesh,RATLAM,Birmawal OW,2025-09,84,-5.989023809523809,-11.139,-2.505
Madhya Pradesh,RATLAM,Birmawal OW,2025-10,105,-5.163085714285715,-11.87,-3.716
Madhya Pradesh,RATLAM,Birmawal OW,2025-11,25,-4.88328,-5.429,-4.613
Madhya Pradesh,RATLAM,Dhamnod_1,2024-01,96,-17.436614583333334,-18.75,-0.915
Madhya Pradesh,RATLAM,Dhamnod_1,2024-02,116,-17.50706896551724,-18.75,-0.915
Madhya Pradesh,RATLAM,Dhamnod_1,2024-03,128,-17.8592578125,-29.0,-0.915
Madhya Pradesh,RATLAM,Dhamnod_1,2024-04,120,-19.814308333333333,-38.53,-18.73
Madhya Pradesh,RATLAM,Dhamnod_1,2024-05,124,-17.761185483870968,-25.738,0.0
Madhya Pradesh,RATLAM,Dhamnod_1,2024-06,120,-18.686625,-26.08,0.0
Madhya Pradesh,RATLAM,Dhamnod_1,2024-07,124,-18.160725806451612,-18.75,-0.915
Madhya Pradesh,RATLAM,Dhamnod_1,2024-08,124,-6.1496129032258064,-18.75,-0.029
Madhya Pradesh,RATLAM,Dhamnod_1,2024-09,120,-0.7542000000000001,-0.921,-0.229
Madhya Pradesh,RATLAM,Dhamnod_1,2024-10,124,-0.644508064516129,-2.12,-0.001
Madhya Pradesh,RATLAM,Dhamnod_1,2024-11,104,-1.2020576923076922,-2.198,-0.122
Madhya Pradesh,RATLAM,Dhamnod_1,2024-12,84,-2.2809880952380954,-3.935,-1.051
Madhya Pradesh,RATLAM,Dhamnod_1,2025-01,105,-6.805742857142857,-13.798,-2.05
Madhya Pradesh,RATLAM,Dhamnod_1,2025-02,31,-18.142096774193547,-18.651,-16.456
Madhya Pradesh,RATLAM,Dhamnod_1,2025-03,120,-18.683325,-18.846,-18.633
Madhya Pradesh,RATLAM,Dhamnod_1,2025-04,100,-18.92761,-19.066,-18.669
Madhya Pradesh,RATLAM,Dhamnod_1,2025-05,33,-18.71751515151515,-18.869,-18.642
Madhya Pradesh,RATLAM,Dhamnod_1,2025-06,8,-18.669625,-18.714,-18.634
Madhya Pradesh,RATLAM,Dhamnod_1,2025-07,30,-2.2182999999999997,-7.481,0.413
Madhya Pradesh,RATLAM,Dhamnod_1,2025-08,85,0.6180117647058824,0.276,0.936
Madhya Pradesh,RATLAM,Dharad Npz_1,2023-07,1,-6.67,-6.67,-6.67
Madhya Pradesh,RATLAM,Dharad Npz_1,2023-08,129,-5.591705426356589,-6.41,-4.79
Madhya Pradesh,RATLAM,Dharad Npz_1,2023-09,108,-4.400185185185186,-6.32,-3.04
Madhya Pradesh,RATLAM,Dharad Npz_1,2023-10,114,-6.601228070175439,-9.63,-4.27
Madhya Pradesh,RATLAM,Dharad Npz_1,2023-11,112,-10.405,-11.72,-8.95
Madhya Pradesh,RATLAM,Dharad Npz_1,2023-12,120,-10.524583333333334,-13.26,-8.99
Madhya Pradesh,RATLAM,Dharad Npz_1,2024-01,124,-13.926129032258064,-15.68,-12.54
Madhya Pradesh,RATLAM,Dharad Npz_1,2024-02,112,-15.826339285714285,-16.15,-15.57
Madhya Pradesh,RATLAM,Dharad Npz_1,2024-03,124,-16.69467741935484,-17.47,-16.16
Madhya Pradesh,RATLAM,Dharad Npz_1,2024-04,108,-17.827037037037037,-17.9,-17.49
Madhya Pradesh,RATLAM,Dharad Npz_1,2024-05,112,-17.600267857142857,-17.85,1.0
Madhya Pradesh,RATLAM,Dharad Npz_1,2024-06,116,-17.834568965517242,-18.21,-17.67
Madhya Pradesh,RATLAM,Dharad Npz_1,2024-07,124,-16.70733870967742,-18.62,-5.91
Madhya Pradesh,RATLAM,Dharad Npz_1,2024-08,104,-4.460288461538462,-5.95,-3.32
Madhya Pradesh,RATLAM,Dharad Npz_1,2024-09,112,-4.215178571428572,-5.35,-3.35
Madhya Pradesh,RATLAM,Dharad Npz_1,2024-10,116,-5.620603448275862,-7.63,-3.84
Madhya Pradesh,RATLAM,Dharad Npz_1,2024-11,109,-9.65137614678899,-11.26,-7.3
Madhya Pradesh,RATLAM,Dharad Npz_1,2024-12,88,-12.069318181818181,-13.13,-11.05
Madhya Pradesh,RATLAM,Dharad Npz_1,2025-01,116,-15.259741379310345,-15.82,-13.55
Madhya Pradesh,RATLAM,Dharad Npz_1,2025-02,87,-16.396551724137932,-17.12,-15.9
Madhya Pradesh,RATLAM,Dharad Npz_1,2025-03,120,-17.771916666666666,-18.31,-17.13
Madhya Pradesh,RATLAM,Dharad Npz_1,2025-04,82,-18.520487804878048,-18.72,-18.31
Madhya Pradesh,RATLAM,Dharad Npz_1,2025-05,83,-18.785060240963855,-18.83,-18.73
Madhya Pradesh,RATLAM,Dharad Npz_1,2025-06,101,-18.28049504950495,-19.14,-12.13
Madhya Pradesh,RATLAM,Dharad Npz_1,2025-07,98,-8.09295918367347,-12.09,-4.17
Madhya Pradesh,RATLAM,Dharad Npz_1,2025-08,85,-4.498235294117647,-5.64,-3.14
Madhya Pradesh,RATLAM,Dharad Npz_1,2025-09,65,-3.7747692307692304,-4.81,-2.86
Madhya Pradesh,RATLAM,Dharad Npz_1,2025-10,96,-6.430104166666666,-8.66,-5.03
Madhya Pradesh,RATLAM,Dharad Npz_1,2025-11,62,-7.724838709677419,-9.34,-6.42
Madhya Pradesh,RATLAM,Dharad Npz_1,2025-12,79,-11.22518987341772,-12.69,-9.63
Madhya Pradesh,RATLAM,Dhodhar (D)_1,2023-07,97,-49.68309278350516,-50.04,-49.28
Madhya Pradesh,RATLAM,Dhodhar (D)_1,2023-08,124,-26.350161290322582,-49.32,-8.02
Madhya Pradesh,RATLAM,Dhodhar (D)_1,2023-09,109,-6.131467889908257,-14.39,-2.36
Madhya Pradesh,RATLAM,Dhodhar (D)_1,2023-10,104,-3.5913461538461537,-8.42,-2.96
Madhya Pradesh,RATLAM,Dhodhar (D)_1,2023-11,112,-5.508928571428571,-10.85,-3.49
Madhya Pradesh,RATLAM,Dhodhar (D)_1,2023-12,120,-6.957416666666666,-13.66,-4.52
Madhya Pradesh,RATLAM,Dhodhar (D)_1,2024-01,124,-14.293790322580646,-31.71,-7.79
Madhya Pradesh,RATLAM,Dhodhar (D)_1,2024-02,112,-48.356875,-50.53,-30.06
Madhya Pradesh,RATLAM,Dhodhar (D)_1,2024-03,124,-50.10733870967742,-50.15,-50.07
Madhya Pradesh,RATLAM,Dhodhar (D)_1,2024-04,112,-50.14741071428572,-50.17,-50.11
Madhya Pradesh,RATLAM,Dhodhar (D)_1,2024-05,108,-50.213888888888896,-50.36,-50.05
Madhya Pradesh,RATLAM,Dhodhar (D)_1,2024-06,116,-50.34310344827586,-50.41,-50.24
Madhya Pradesh,RATLAM,Dhodhar (D)_1,2024-07,124,-50.23935483870968,-50.45,-49.73
Madhya Pradesh,RATLAM,Dhodhar (D)_1,2024-08,112,-38.63071428571429,-49.82,-3.26
Madhya Pradesh,RATLAM,Dhodhar (D)_1,2024-09,112,-3.6690178571428573,-7.9,-3.03
Madhya Pradesh,RATLAM,Dhodhar (D)_1,2024-10,116,-3.7351724137931033,-6.85,-3.06
Madhya Pradesh,RATLAM,Dhodhar (D)_1,2024-11,112,-4.2716964285714285,-7.74,-3.35
Madhya Pradesh,RATLAM,Dhodhar (D)_1,2024-12,97,-5.864845360824742,-10.22,-3.81
Madhya Pradesh,RATLAM,Dhodhar (D)_1,2025-01,108,-17.75435185185185,-41.55,-6.59
Madhya Pradesh,RATLAM,Dhodhar (D)_1,2025-02,83,-49.76192771084337,-50.11,-49.19
Madhya Pradesh,RATLAM,Dhodhar (D)_1,2025-03,120,-49.64758333333334,-49.97,-49.53
Madhya Pradesh,RATLAM,Dhodhar (D)_1,2025-04,93,-49.597741935483874,-49.75,-49.48
Madhya Pradesh,RATLAM,Dhodhar (D)_1,2025-05,88,-49.50295454545455,-49.57,-49.42
Madhya Pradesh,RATLAM,Dhodhar (D)_1,2025-06,101,-49.49564356435644,-49.65,-49.41
Madhya Pradesh,RATLAM,Dhodhar (D)_1,2025-07,98,-49.60459183673469,-49.9,-49.2
Madhya Pradesh,RATLAM,Dhodhar (D)_1,2025-08,93,-21.343010752688173,-49.37,-2.6
Madhya Pradesh,RATLAM,Dhodhar (D)_1,2025-09,69,-3.3881159420289855,-5.23,-2.92
Madhya Pradesh,RATLAM,Dhodhar (D)_1,2025-10,107,-3.8730841121495327,-7.9,-3.01
Madhya Pradesh,RATLAM,Dhodhar (D)_1,2025-11,35,-4.258571428571429,-9.67,-3.08
Madhya Pradesh,RATLAM,Dhodhar (D)_1,2025-12,96,-4.977708333333333,-9.73,-2.17
Madhya Pradesh,RATLAM,Dhodhar(S)_1,2023-07,102,-3.3849019607843136,-10.16,-0.75
Madhya Pradesh,RATLAM,Dhodhar(S)_1,2023-08,124,-1.2506451612903227,-1.71,-0.71
Madhya Pradesh,RATLAM,Dhodhar(S)_1,2023-09,116,-1.006896551724138,-2.11,-0.48
Madhya Pradesh,RATLAM,Dhodhar(S)_1,2023-10,116,-1.4922413793103448,-2.35,-1.1
Madhya Pradesh,RATLAM,Dhodhar(S)_1,2023-11,112,-1.9663392857142856,-3.08,-1.76
Madhya Pradesh,RATLAM,Dhodhar(S)_1,2023-12,116,-2.34948275862069,-2.64,-2.02
Madhya Pradesh,RATLAM,Dhodhar(S)_1,2024-01,124,-2.985725806451613,-3.54,-2.44
Madhya Pradesh,RATLAM,Dhodhar(S)_1,2024-02,112,-4.115892857142858,-4.71,-3.54
Madhya Pradesh,RATLAM,Dhodhar(S)_1,2024-03,124,-5.210967741935484,-5.8,-4.65
Madhya Pradesh,RATLAM,Dhodhar(S)_1,2024-04,108,-7.562962962962962,-10.94,-5.72
Madhya Pradesh,RATLAM,Dhodhar(S)_1,2024-05,120,-10.924333333333333,-11.25,-9.61
Madhya Pradesh,RATLAM,Dhodhar(S)_1,2024-06,112,-11.317410714285714,-11.37,-11.23
Madhya Pradesh,RATLAM,Dhodhar(S)_1,2024-07,120,-9.42925,-11.38,-2.42
Madhya Pradesh,RATLAM,Dhodhar(S)_1,2024-08,100,-1.2647,-2.39,-0.54
Madhya Pradesh,RATLAM,Dhodhar(S)_1,2024-09,108,-0.8956481481481482,-1.67,-0.56
Madhya Pradesh,RATLAM,Dhodhar(S)_1,2024-10,116,-1.2851724137931035,-2.01,-0.75
Madhya Pradesh,RATLAM,Dhodhar(S)_1,2024-11,105,-1.8257142857142856,-2.08,-1.59
Madhya Pradesh,RATLAM,Dhodhar(S)_1,2024-12,92,-2.1913043478260867,-2.43,-2.04
Madhya Pradesh,RATLAM,Dhodhar(S)_1,2025-01,116,-2.910258620689655,-4.08,-2.5
Madhya Pradesh,RATLAM,Dhodhar(S)_1,2025-02,87,-3.879770114942529,-6.3,-3.5
Madhya Pradesh,RATLAM,Dhodhar(S)_1,2025-03,120,-5.351416666666666,-7.24,-4.48
Madhya Pradesh,RATLAM,Dhodhar(S)_1,2025-04,89,-7.230898876404494,-10.01,-5.08
Madhya Pradesh,RATLAM,Dhodhar(S)_1,2025-05,84,-6.083809523809524,-8.13,-3.1
Madhya Pradesh,RATLAM,Dhodhar(S)_1,2025-06,101,-3.314158415841584,-6.72,3.65
Madhya Pradesh,RATLAM,Dhodhar(S)_1,2025-07,98,-0.9361224489795917,-2.31,6.02
Madhya Pradesh,RATLAM,Dhodhar(S)_1,2025-08,89,-1.1513483146067416,-1.71,-0.63
Madhya Pradesh,RATLAM,Dhodhar(S)_1,2025-09,62,-0.9106451612903226,-1.37,-0.61
Madhya Pradesh,RATLAM,Dhodhar(S)_1,2025-12,96,-1.9238437499999999,-2.432,-1.623
Madhya Pradesh,REWA,Baikunthpur(S)_1,2023-10,31,-10.269677419354839,-12.92,-7.68
Madhya Pradesh,REWA,Baikunthpur(S)_1,2023-11,112,-11.719642857142857,-15.83,-8.73
Madhya Pradesh,REWA,Baikunthpur(S)_1,2023-12,120,-8.484166666666667,-13.31,-5.21
Madhya Pradesh,REWA,Baikunthpur(S)_1,2024-01,124,-11.470806451612905,-17.48,-6.44
Madhya Pradesh,REWA,Baikunthpur(S)_1,2024-02,112,-8.794732142857143,-17.92,-3.63
Madhya Pradesh,REWA,Baikunthpur(S)_1,2024-03,124,-5.48024193548387,-9.29,-3.05
Madhya Pradesh,REWA,Baikunthpur(S)_1,2024-04,112,-5.880089285714286,-8.2,-4.71
Madhya Pradesh,REWA,Baikunthpur(S)_1,2024-05,116,-7.895344827586207,-10.2,-6.49
Madhya Pradesh,REWA,Baikunthpur(S)_1,2024-06,116,-9.329137931034483,-12.28,-7.17
Madhya Pradesh,REWA,Baikunthpur(S)_1,2024-07,120,-8.383333333333333,-14.54,-4.93
Madhya Pradesh,REWA,Baikunthpur(S)_1,2024-08,108,-3.0456481481481483,-8.42,-1.85
Madhya Pradesh,REWA,Baikunthpur(S)_1,2024-09,108,-4.22675925925926,-8.04,-2.11
Madhya Pradesh,REWA,Baikunthpur(S)_1,2024-10,116,-7.0039655172413795,-10.78,-3.48
Madhya Pradesh,REWA,Baikunthpur(S)_1,2024-11,108,-9.090277777777779,-14.95,-5.16
Madhya Pradesh,REWA,Baikunthpur(S)_1,2024-12,93,-13.75268817204301,-17.68,-10.98
Madhya Pradesh,REWA,Baikunthpur(S)_1,2025-01,116,-12.562068965517241,-19.88,-5.85
Madhya Pradesh,REWA,Baikunthpur(S)_1,2025-02,87,-22.233793103448274,-24.57,-17.85
Madhya Pradesh,REWA,Baikunthpur(S)_1,2025-03,120,-20.533916666666666,-26.85,-11.32
Madhya Pradesh,REWA,Baikunthpur(S)_1,2025-04,96,-7.694791666666667,-12.7,7.58
Madhya Pradesh,REWA,Baikunthpur(S)_1,2025-05,84,-9.795595238095238,-11.16,-8.29
Madhya Pradesh,REWA,Baikunthpur(S)_1,2025-06,94,-9.536595744680852,-12.41,-5.92
Madhya Pradesh,REWA,Baikunthpur(S)_1,2025-07,95,-3.238210526315789,-6.88,-1.33
Madhya Pradesh,REWA,Baikunthpur(S)_1,2025-08,90,-1.4382222222222223,-5.6,0.24
Madhya Pradesh,REWA,Baikunthpur(S)_1,2025-09,71,-1.7563380281690142,-4.24,-0.85
Madhya Pradesh,REWA,Baikunthpur(S)_1,2025-10,90,-1.832111111111111,-4.06,-0.74
Madhya Pradesh,REWA,Baikunthpur(S)_1,2025-11,58,-2.3417241379310343,-4.63,-1.05
Madhya Pradesh,REWA,Baikunthpur(S)_1,2025-12,73,-7.76013698630137,-9.67,-4.74
Madhya Pradesh,SAGAR,Agasod_1,2024-01,100,-29.94639,-30.905,0.0
Madhya Pradesh,SAGAR,Agasod_1,2024-02,116,-30.752508620689657,-31.25,0.0
Madhya Pradesh,SAGAR,Agasod_1,2024-03,124,-31.096137096774193,-31.24,-30.88
Madhya Pradesh,SAGAR,Agasod_1,2024-04,120,-30.897975,-31.583,-1.0
Madhya Pradesh,SAGAR,Agasod_1,2024-05,124,-30.678637096774192,-32.34,0.0
Madhya Pradesh,SAGAR,Agasod_1,2024-06,120,-32.141075,-32.72,0.0
Madhya Pradesh,SAGAR,Agasod_1,2024-07,124,-31.586693548387096,-32.59,-27.37
Madhya Pradesh,SAGAR,Agasod_1,2024-08,124,-20.04064516129032,-29.9,-1.0
Madhya Pradesh,SAGAR,Agasod_1,2024-09,120,-5.25425,-7.58,-3.4
Madhya Pradesh,SAGAR,Agasod_1,2024-10,124,-4.61483870967742,-7.67,-3.46
Madhya Pradesh,SAGAR,Agasod_1,2024-11,112,-14.870267857142858,-19.27,-7.38
Madhya Pradesh,SAGAR,Agasod_1,2024-12,76,-22.60421052631579,-24.43,-19.07
Madhya Pradesh,SAGAR,Agasod_1,2025-01,101,-24.550198019801982,-25.25,-23.82
Madhya Pradesh,SAGAR,Agasod_1,2025-02,87,-23.168275862068967,-25.36,-17.43
Madhya Pradesh,SAGAR,Agasod_1,2025-03,121,38.197768595041325,-17.37,87.54
Madhya Pradesh,SAGAR,Agasod_1,2025-04,83,-1.8069879518072287,-13.76,65.27
Madhya Pradesh,SAGAR,Agasod_1,2025-05,92,-13.498152173913043,-14.28,-11.55
Madhya Pradesh,SAGAR,Agasod_1,2025-06,94,18.42723404255319,-11.19,42.65
Madhya Pradesh,SAGAR,Agasod_1,2025-07,80,79.985625,33.73,101.57
Madhya Pradesh,SAGAR,Agasod_1,2025-08,83,22.588421686746987,-7.336,101.5
Madhya Pradesh,SAGAR,Agasod_1,2025-09,66,-2.7220454545454547,-4.496,-1.484
Madhya Pradesh,SAGAR,Agasod_1,2025-10,99,-5.008,-7.795,-3.629
Madhya Pradesh,SAGAR,Agasod_1,2025-11,17,-8.672117647058823,-9.929,-7.77
Madhya Pradesh,SAGAR,Bina(Deep)_1,2023-10,38,-9.426052631578948,-10.41,-8.71
Madhya Pradesh,SAGAR,Bina(Deep)_1,2023-11,116,-12.259396551724137,-13.13,-10.49
Madhya Pradesh,SAGAR,Bina(Deep)_1,2023-12,124,-13.760887096774193,-16.33,-12.8
Madhya Pradesh,SAGAR,Bina(Deep)_1,2024-01,123,-15.681382113821138,-16.54,-15.19
Madhya Pradesh,SAGAR,Bina(Deep)_1,2024-02,112,-17.298125,-18.86,-16.55
Madhya Pradesh,SAGAR,Bina(Deep)_1,2024-03,124,-17.845645161290324,-18.54,-17.59
Madhya Pradesh,SAGAR,Bina(Deep)_1,2024-04,112,-19.466696428571428,-20.79,-18.39
Madhya Pradesh,SAGAR,Bina(Deep)_1,2024-05,120,-21.379166666666666,-23.69,-20.03
Madhya Pradesh,SAGAR,Bina(Deep)_1,2024-06,116,-22.435258620689652,-24.06,-21.36
Madhya Pradesh,SAGAR,Bina(Deep)_1,2024-07,120,-18.40325,-21.72,-10.2
Madhya Pradesh,SAGAR,Bina(Deep)_1,2024-08,100,-5.2726999999999995,-10.07,-3.69
Madhya Pradesh,SAGAR,Bina(Deep)_1,2024-09,100,-4.0282,-5.08,-3.53
Madhya Pradesh,SAGAR,Bina(Deep)_1,2024-10,116,-5.822413793103448,-8.39,-4.39
Madhya Pradesh,SAGAR,Bina(Deep)_1,2024-11,108,-11.044814814814814,-13.12,-8.44
Madhya Pradesh,SAGAR,Bina(Deep)_1,2024-12,89,-13.661910112359552,-15.69,-12.83
Madhya Pradesh,SAGAR,Bina(Deep)_1,2025-01,116,-15.160086206896551,-17.34,-14.32
Madhya Pradesh,SAGAR,Bina(Deep)_1,2025-02,83,-18.762289156626505,-20.65,-17.59
Madhya Pradesh,SAGAR,Bina(Deep)_1,2025-03,120,-20.366333333333333,-21.64,-19.93
Madhya Pradesh,SAGAR,Bina(Deep)_1,2025-04,100,-20.8723,-23.08,-20.14
Madhya Pradesh,SAGAR,Bina(Deep)_1,2025-05,84,-21.710476190476193,-23.52,-21.38
Madhya Pradesh,SAGAR,Bina(Deep)_1,2025-06,97,-21.644329896907216,-23.75,-20.11
Madhya Pradesh,SAGAR,Bina(Deep)_1,2025-07,98,-13.351020408163267,-20.07,-4.16
Madhya Pradesh,SAGAR,Bina(Deep)_1,2025-08,85,-4.200235294117647,-4.87,-3.58
Madhya Pradesh,SAGAR,Bina(Deep)_1,2025-09,80,-4.5655,-5.32,-4.0
Madhya Pradesh,SAGAR,Bina(Deep)_1,2025-10,112,-5.855982142857143,-7.12,-4.89
Madhya Pradesh,SAGAR,Bina(Deep)_1,2025-11,83,-7.236867469879518,-8.55,-6.51
Madhya Pradesh,SAGAR,Bina(Deep)_1,2025-12,96,-11.955208333333333,-13.96,-9.59
Madhya Pradesh,SAGAR,Bina(Shallow)_1,2023-10,37,-10.155135135135135,-11.23,-9.33
Madhya Pradesh,SAGAR,Bina(Shallow)_1,2023-11,85,-12.734588235294119,-13.62,-11.17
Madhya Pradesh,SAGAR,Bina(Shallow)_1,2023-12,75,-14.843866666666667,-15.94,-13.41
Madhya Pradesh,SAGAR,Bina(Shallow)_1,2024-01,107,-16.652803738317758,-17.6,-15.93
Madhya Pradesh,SAGAR,Bina(Shallow)_1,2024-02,112,-18.240178571428572,-18.53,-17.61
Madhya Pradesh,SAGAR,Bina(Shallow)_1,2024-03,124,-19.075000000000003,-20.1,-18.54
Madhya Pradesh,SAGAR,Bina(Shallow)_1,2024-04,112,-20.523482142857144,-20.84,-20.09
Madhya Pradesh,SAGAR,Bina(Shallow)_1,2024-05,120,-21.101499999999998,-21.42,-20.84
Madhya Pradesh,SAGAR,Bina(Shallow)_1,2024-06,112,-21.409017857142857,-21.53,-21.29
Madhya Pradesh,SAGAR,Bina(Shallow)_1,2024-07,120,-17.37366666666667,-21.24,-8.16
Madhya Pradesh,SAGAR,Bina(Shallow)_1,2024-08,96,-4.613854166666667,-8.09,-3.6
Madhya Pradesh,SAGAR,Bina(Shallow)_1,2024-09,112,-4.228035714285714,-4.81,-3.51
Madhya Pradesh,SAGAR,Bina(Shallow)_1,2024-10,120,-6.2245,-9.27,-4.66
Madhya Pradesh,SAGAR,Bina(Shallow)_1,2024-11,109,-10.989724770642203,-13.15,-9.2
Madhya Pradesh,SAGAR,Bina(Shallow)_1,2024-12,92,-14.063260869565216,-15.56,-13.08
Madhya Pradesh,SAGAR,Bina(Shallow)_1,2025-01,116,-15.308189655172415,-17.03,-14.38
Madhya Pradesh,SAGAR,Bina(Shallow)_1,2025-02,79,-18.216075949367088,-19.16,-17.31
Madhya Pradesh,SAGAR,Bina(Shallow)_1,2025-03,116,-19.28646551724138,-19.73,-19.08
Madhya Pradesh,SAGAR,Bina(Shallow)_1,2025-04,96,-20.31,-20.73,-19.73
Madhya Pradesh,SAGAR,Bina(Shallow)_1,2025-05,84,-20.99809523809524,-21.13,-20.75
Madhya Pradesh,SAGAR,Bina(Shallow)_1,2025-06,101,-20.763564356435644,-20.97,-19.86
Madhya Pradesh,SAGAR,Bina(Shallow)_1,2025-07,93,-12.25731182795699,-19.82,-3.64
Madhya Pradesh,SAGAR,Bina(Shallow)_1,2025-08,93,-4.161290322580645,-4.98,-3.45
Madhya Pradesh,SAGAR,Bina(Shallow)_1,2025-09,84,-4.610833333333334,-5.27,-3.9
Madhya Pradesh,SAGAR,Bina(Shallow)_1,2025-10,112,-5.930803571428571,-7.43,-4.78
Madhya Pradesh,SAGAR,Bina(Shallow)_1,2025-11,74,-7.428378378378379,-8.86,-6.58
Madhya Pradesh,SAGAR,Bina(Shallow)_1,2025-12,96,-11.7059375,-13.4,-9.36
Madhya Pradesh,SAGAR,Garhakota(Deep)_1,2023-10,32,-12.2321875,-12.55,-11.91
Madhya Pradesh,SAGAR,Garhakota(Deep)_1,2023-11,112,-13.047053571428572,-13.29,-12.58
Madhya Pradesh,SAGAR,Garhakota(Deep)_1,2023-12,120,-13.22275,-13.4,-12.98
Madhya Pradesh,SAGAR,Garhakota(Deep)_1,2024-01,124,-13.467177419354838,-13.64,-13.27
Madhya Pradesh,SAGAR,Garhakota(Deep)_1,2024-02,112,-13.666428571428572,-13.85,-13.51
Madhya Pradesh,SAGAR,Garhakota(Deep)_1,2024-03,124,-14.146209677419355,-14.39,-13.85
Madhya Pradesh,SAGAR,Garhakota(Deep)_1,2024-04,112,-14.506874999999999,-14.81,-14.14
Madhya Pradesh,SAGAR,Garhakota(Deep)_1,2024-05,116,-16.99051724137931,-34.26,-14.78
Madhya Pradesh,SAGAR,Garhakota(Deep)_1,2024-06,116,-31.85198275862069,-39.29,-14.33
Madhya Pradesh,SAGAR,Garhakota(Deep)_1,2024-07,120,-11.809416666666667,-14.21,1.0
Madhya Pradesh,SAGAR,Garhakota(Deep)_1,2024-08,104,-8.017788461538462,-9.96,-5.94
Madhya Pradesh,SAGAR,Garhakota(Deep)_1,2024-09,104,-8.541153846153845,-10.09,-6.31
Madhya Pradesh,SAGAR,Garhakota(Deep)_1,2024-10,116,-11.105775862068965,-13.37,-9.03
Madhya Pradesh,SAGAR,Garhakota(Deep)_1,2024-11,104,-14.595192307692308,-15.16,-13.33
Madhya Pradesh,SAGAR,Garhakota(Deep)_1,2024-12,93,-15.279139784946237,-15.4,-15.18
Madhya Pradesh,SAGAR,Garhakota(Deep)_1,2025-01,116,-14.859224137931035,-15.56,-14.26
Madhya Pradesh,SAGAR,Garhakota(Deep)_1,2025-02,95,-15.780526315789475,-16.03,-15.6
Madhya Pradesh,SAGAR,Garhakota(Deep)_1,2025-03,120,-16.31083333333333,-16.59,-16.03
Madhya Pradesh,SAGAR,Garhakota(Deep)_1,2025-04,89,-16.768426966292132,-16.96,-16.59
Madhya Pradesh,SAGAR,Garhakota(Deep)_1,2025-05,84,-17.208571428571428,-17.32,-16.97
Madhya Pradesh,SAGAR,Garhakota(Deep)_1,2025-06,98,-16.793469387755103,-17.53,-14.57
Madhya Pradesh,SAGAR,Garhakota(Deep)_1,2025-07,88,-9.719545454545456,-14.98,-7.23
Madhya Pradesh,SAGAR,Garhakota(Deep)_1,2025-08,89,-9.47438202247191,-10.63,-8.35
Madhya Pradesh,SAGAR,Garhakota(Deep)_1,2025-09,74,-11.741756756756757,-13.14,-10.82
Madhya Pradesh,SAGAR,Garhakota(Deep)_1,2025-10,95,-14.282736842105262,-15.6,1.0
Madhya Pradesh,SAGAR,Garhakota(Deep)_1,2025-11,56,-16.55410714285714,-17.01,-15.64
Madhya Pradesh,SAGAR,Garhakota(Deep)_1,2025-12,61,-17.462295081967213,-17.6,-17.28
Madhya Pradesh,SAGAR,Girwar_2,2024-01,100,-93.9676,-97.04,-91.21
Madhya Pradesh,SAGAR,Girwar_2,2024-02,116,-93.99905172413793,-97.04,-91.21
Madhya Pradesh,SAGAR,Girwar_2,2024-03,125,-93.95792,-97.04,-91.21
Madhya Pradesh,SAGAR,Girwar_2,2024-04,120,-93.97333333333333,-97.04,-91.21
Madhya Pradesh,SAGAR,Girwar_2,2024-05,124,-93.93975806451614,-97.04,-91.21
Madhya Pradesh,SAGAR,Girwar_2,2024-06,120,-93.97333333333333,-97.04,-91.21
Madhya Pradesh,SAGAR,Girwar_2,2024-07,124,-93.95870967741935,-97.04,-91.21
Madhya Pradesh,SAGAR,Girwar_2,2024-08,124,-93.97951612903225,-97.04,-91.21
Madhya Pradesh,SAGAR,Girwar_2,2024-09,120,-93.97333333333333,-97.04,-91.21
Madhya Pradesh,SAGAR,Girwar_2,2024-10,124,-94.02604838709676,-97.04,-91.21
Madhya Pradesh,SAGAR,Girwar_2,2024-11,112,-76.97349999999999,-86.633,-60.994
Madhya Pradesh,SAGAR,Girwar_2,2024-12,76,-79.49356578947369,-89.94,-64.631
Madhya Pradesh,SAGAR,Girwar_2,2025-01,105,-76.34151428571428,-91.239,1.0
Madhya Pradesh,SAGAR,Girwar_2,2025-02,31,-81.82725806451613,-93.541,1.0
Madhya Pradesh,SAGAR,Girwar_2,2025-03,124,-90.984,-98.518,-79.401
Madhya Pradesh,SAGAR,Girwar_2,2025-04,88,-97.1903409090909,-102.225,-83.063
Madhya Pradesh,SAGAR,Girwar_2,2025-05,101,-96.02230693069308,-102.342,1.0
Madhya Pradesh,SAGAR,Girwar_2,2025-06,66,-94.7779696969697,-101.659,-85.329
Madhya Pradesh,SAGAR,Girwar_2,2025-07,32,-83.18453125,-87.509,-71.946
Madhya Pradesh,SAGAR,Girwar_2,2025-08,82,-82.48151219512195,-87.981,1.0
Madhya Pradesh,SAGAR,Girwar_2,2025-09,83,-81.23695180722892,-86.1,-68.401
Madhya Pradesh,SAGAR,Girwar_2,2025-10,106,-82.50966981132075,-87.261,-68.338
Madhya Pradesh,SAGAR,Girwar_2,2025-11,29,-83.08686206896553,-85.741,-78.83
Madhya Pradesh,SATNA,Aira_2,2024-01,1,-32.34,-32.34,-32.34
Madhya Pradesh,SATNA,Aira_2,2024-02,116,-40.97551724137931,-45.23,-33.28
Madhya Pradesh,SATNA,Aira_2,2024-03,124,-38.225967741935484,-45.03,-33.28
Madhya Pradesh,SATNA,Aira_2,2024-04,120,-44.86679166666667,-45.886,-42.18
Madhya Pradesh,SATNA,Aira_2,2024-05,124,-44.573048387096776,-47.33,0.0
Madhya Pradesh,SATNA,Aira_2,2024-06,120,-47.273175,-47.86,0.0
Madhya Pradesh,SATNA,Aira_2,2024-07,124,-33.52895161290323,-46.93,-1.0
Madhya Pradesh,SATNA,Aira_2,2024-08,124,-23.664516129032258,-25.17,-1.0
Madhya Pradesh,SATNA,Aira_2,2024-09,120,-26.222416666666668,-27.12,-25.21
Madhya Pradesh,SATNA,Aira_2,2024-10,124,-29.356209677419354,-31.84,-26.74
Madhya Pradesh,SATNA,Aira_2,2024-11,107,-33.05056074766355,-33.68,-31.89
Madhya Pradesh,SATNA,Aira_2,2024-12,76,-34.304210526315785,-34.81,-33.49
Madhya Pradesh,SATNA,Aira_2,2025-01,105,-34.58057142857143,-34.77,-34.45
Madhya Pradesh,SATNA,Aira_2,2025-02,87,-35.37183908045977,-35.57,-35.02
Madhya Pradesh,SATNA,Aira_2,2025-03,124,-35.44959677419355,-35.67,-35.22
Madhya Pradesh,SATNA,Aira_2,2025-04,96,-35.67760416666667,-39.07,-34.77
Madhya Pradesh,SATNA,Aira_2,2025-05,92,-38.73923913043478,-39.67,-36.99
Madhya Pradesh,SATNA,Aira_2,2025-06,94,-36.532659574468084,-37.6,-34.82
Madhya Pradesh,SATNA,Aira_2,2025-07,64,-32.71296875,-34.77,-30.42
Madhya Pradesh,SATNA,Aira_2,2025-08,20,-27.9104,-28.451,-27.568
Madhya Pradesh,SATNA,Aira_2,2025-10,60,-33.20668333333334,-33.781,-32.169
Madhya Pradesh,SATNA,Aira_2,2025-11,25,-33.38304,-33.711,-33.087
Madhya Pradesh,SATNA,Amarpatan(S)_1,2023-10,33,-11.884848484848485,-14.02,-9.54
Madhya Pradesh,SATNA,Amarpatan(S)_1,2023-11,120,-17.428166666666666,-21.36,-11.75
Madhya Pradesh,SATNA,Amarpatan(S)_1,2023-12,124,-15.85475806451613,-21.3,-1.0
Madhya Pradesh,SATNA,Amarpatan(S)_1,2024-01,124,-21.89701612903226,-31.82,-1.0
Madhya Pradesh,SATNA,Amarpatan(S)_1,2024-02,117,-31.315213675213677,-31.46,-31.18
Madhya Pradesh,SATNA,Amarpatan(S)_1,2024-03,125,-31.4512,-31.55,-31.32
Madhya Pradesh,SATNA,Amarpatan(S)_1,2024-04,120,-31.52058333333333,-31.75,-31.38
Madhya Pradesh,SATNA,Amarpatan(S)_1,2024-05,124,-31.461451612903225,-31.56,-31.38
Madhya Pradesh,SATNA,Amarpatan(S)_1,2024-06,120,-31.983166666666666,-32.75,-31.49
Madhya Pradesh,SATNA,Amarpatan(S)_1,2024-07,124,-27.116854838709674,-32.31,-12.73
Madhya Pradesh,SATNA,Amarpatan(S)_1,2024-08,124,-4.429838709677419,-15.07,-2.04
Madhya Pradesh,SATNA,Amarpatan(S)_1,2024-09,120,-4.170583333333334,-5.23,-2.8
Madhya Pradesh,SATNA,Amarpatan(S)_1,2024-10,17,-5.0717647058823525,-5.89,-4.1
Madhya Pradesh,SATNA,Amarpatan(S)_1,2025-04,24,-26.511916666666668,-26.548,-26.452
Madhya Pradesh,SATNA,Amarpatan(S)_1,2025-05,92,5.761152173913043,-26.543,26.547
Madhya Pradesh,SATNA,Amarpatan(S)_1,2025-06,12,26.506583333333335,26.453,26.539
Madhya Pradesh,SATNA,Amarpatan(S)_1,2025-08,8,-1.587125,-1.777,-1.482
Madhya Pradesh,SATNA,Amarpatan(S)_1,2025-09,81,-1.930320987654321,-2.661,-1.267
Madhya Pradesh,SATNA,Amarpatan(S)_1,2025-10,11,-2.8058181818181818,-2.955,-2.696
Madhya Pradesh,SATNA,Amarpatan(S)_1,2025-11,67,-3.4047611940298506,-5.991,-2.64
Madhya Pradesh,SATNA,Amarpatan(S)_1,2025-12,2,-4.528499999999999,-5.1,-3.957
Madhya Pradesh,SATNA,Ichoul,2024-03,41,-56.09585365853658,-65.08,-44.52
Madhya Pradesh,SATNA,Ichoul,2024-04,65,-43.03861538461538,-52.71,-34.66
Madhya Pradesh,SATNA,Ichoul,2024-06,47,-38.840212765957446,-49.23,-26.83
Madhya Pradesh,SATNA,Ichoul,2024-07,100,-17.2898,-27.39,-12.6
Madhya Pradesh,SATNA,Ichoul,2024-08,88,-9.351818181818182,-13.46,-7.18
Madhya Pradesh,SATNA,Ichoul,2024-09,104,-7.589846153846154,-8.425,-6.863
Madhya Pradesh,SATNA,Ichoul,2024-10,124,-7.455306451612903,-10.188,1.0
Madhya Pradesh,SATNA,Ichoul,2024-11,112,1.0,1.0,1.0
Madhya Pradesh,SATNA,Ichoul,2024-12,77,1.0,1.0,1.0
Madhya Pradesh,SATNA,Ichoul,2025-01,105,1.0,1.0,1.0
Madhya Pradesh,SATNA,Ichoul,2025-02,30,-13.067266666666667,-19.443,1.0
Madhya Pradesh,SATNA,Ichoul,2025-03,120,-10.5105,-23.855,1.0
Madhya Pradesh,SATNA,Ichoul,2025-04,88,-15.832488636363637,-22.466,1.0
Madhya Pradesh,SATNA,Ichoul,2025-05,92,-19.79813043478261,-23.346,1.0
Madhya Pradesh,SATNA,Ichoul,2025-06,62,-20.288145161290323,-21.532,1.0
Madhya Pradesh,SATNA,Ichoul,2025-07,25,-7.4351199999999995,-8.179,-6.84
Madhya Pradesh,SATNA,Ichoul,2025-08,84,-7.381511904761905,-9.543,-5.237
Madhya Pradesh,SATNA,Ichoul,2025-09,79,-7.943949367088607,-176.552,1.0
Madhya Pradesh,SATNA,Ichoul,2025-10,105,-1.8203619047619048,-8.737,90.082
Madhya Pradesh,SATNA,Ichoul,2025-11,26,-5.108192307692308,-70.394,1.0
Madhya Pradesh,SEHORE,Ashta(Deep)_1,2023-05,23,-25.098260869565216,-25.23,-25.03
Madhya Pradesh,SEHORE,Ashta(Deep)_1,2023-06,80,-25.920749999999998,-27.06,-24.41
Madhya Pradesh,SEHORE,Ashta(Deep)_1,2023-07,120,-18.55708333333333,-24.24,-15.99
Madhya Pradesh,SEHORE,Ashta(Deep)_1,2023-08,124,-15.461290322580645,-15.97,-15.17
Madhya Pradesh,SEHORE,Ashta(Deep)_1,2023-09,112,-14.793928571428571,-15.19,-13.69
Madhya Pradesh,SEHORE,Ashta(Deep)_1,2023-10,117,-13.259145299145299,-13.66,-13.05
Madhya Pradesh,SEHORE,Ashta(Deep)_1,2023-11,112,-15.809732142857143,-18.24,-13.54
Madhya Pradesh,SEHORE,Ashta(Deep)_1,2023-12,120,-19.66475,-21.03,-18.26
Madhya Pradesh,SEHORE,Ashta(Deep)_1,2024-01,124,-24.06217741935484,-28.94,-21.05
Madhya Pradesh,SEHORE,Ashta(Deep)_1,2024-02,112,-34.76553571428572,-36.88,-29.1
Madhya Pradesh,SEHORE,Ashta(Deep)_1,2024-03,124,-33.777096774193545,-35.99,-32.0
Madhya Pradesh,SEHORE,Ashta(Deep)_1,2024-04,112,-34.43866071428572,-36.19,-33.41
Madhya Pradesh,SEHORE,Ashta(Deep)_1,2024-05,112,-35.276428571428575,-37.04,-33.65
Madhya Pradesh,SEHORE,Ashta(Deep)_1,2024-06,116,-36.06853448275862,-37.91,-34.99
Madhya Pradesh,SEHORE,Ashta(Deep)_1,2024-07,124,-23.72266129032258,-37.79,-12.58
Madhya Pradesh,SEHORE,Ashta(Deep)_1,2024-08,104,-11.419230769230769,-12.52,-11.05
Madhya Pradesh,SEHORE,Ashta(Deep)_1,2024-09,108,-10.511481481481482,-11.11,-9.85
Madhya Pradesh,SEHORE,Ashta(Deep)_1,2024-10,116,-9.315689655172413,-9.84,-9.07
Madhya Pradesh,SEHORE,Ashta(Deep)_1,2024-11,108,-11.03037037037037,-13.19,-9.46
Madhya Pradesh,SEHORE,Ashta(Deep)_1,2024-12,93,-13.965806451612902,-17.09,-12.56
Madhya Pradesh,SEHORE,Ashta(Deep)_1,2025-01,116,-16.374310344827588,-16.99,-15.87
Madhya Pradesh,SEHORE,Ashta(Deep)_1,2025-02,87,-19.326781609195404,-23.24,-17.26
Madhya Pradesh,SEHORE,Ashta(Deep)_1,2025-03,120,-21.422833333333333,-23.25,-20.73
Madhya Pradesh,SEHORE,Ashta(Deep)_1,2025-04,81,-24.401604938271603,-35.04,-20.63
Madhya Pradesh,SEHORE,Ashta(Deep)_1,2025-05,73,-26.662602739726026,-35.74,-20.88
Madhya Pradesh,SEHORE,Ashta(Deep)_1,2025-08,31,-9.193580645161289,-10.357,-7.948
Madhya Pradesh,SEHORE,Ashta(Deep)_1,2025-09,81,-7.891827160493828,-8.563,-6.686
Madhya Pradesh,SEHORE,Ashta(Deep)_1,2025-10,115,-7.297591304347826,-9.701,-6.431
Madhya Pradesh,SEHORE,Ashta(Deep)_1,2025-11,53,-6.618018867924528,-8.17,-6.265
Madhya Pradesh,SEHORE,Ashta(Deep)_1,2025-12,97,-9.207886597938144,-10.252,-7.727
Madhya Pradesh,SEHORE,Budhni(Shallow)_1,2023-05,31,-10.175806451612903,-10.24,-10.11
Madhya Pradesh,SEHORE,Budhni(Shallow)_1,2023-06,80,-10.541374999999999,-10.76,-10.24
Madhya Pradesh,SEHORE,Budhni(Shallow)_1,2023-07,120,-10.077166666666667,-10.98,-8.55
Madhya Pradesh,SEHORE,Budhni(Shallow)_1,2023-08,124,-8.077096774193548,-8.54,-7.8
Madhya Pradesh,SEHORE,Budhni(Shallow)_1,2023-09,108,-7.647592592592593,-8.18,-6.89
Madhya Pradesh,SEHORE,Budhni(Shallow)_1,2023-10,104,-7.148365384615384,-7.37,-7.0
Madhya Pradesh,SEHORE,Budhni(Shallow)_1,2023-11,112,-7.683839285714286,-8.0,-7.22
Madhya Pradesh,SEHORE,Budhni(Shallow)_1,2023-12,116,-8.279913793103448,-8.54,-7.97
Madhya Pradesh,SEHORE,Budhni(Shallow)_1,2024-01,81,-8.717037037037038,-8.97,-8.53
Madhya Pradesh,SEHORE,Budhni(Shallow)_1,2024-02,87,-9.30471264367816,-9.54,-9.18
Madhya Pradesh,SEHORE,Budhni(Shallow)_1,2024-03,101,-9.64029702970297,-9.84,-9.44
Madhya Pradesh,SEHORE,Budhni(Shallow)_1,2024-04,24,-10.038333333333332,-10.09,-9.99
Madhya Pradesh,SEHORE,Budhni(Shallow)_1,2024-05,102,-10.7728431372549,-10.96,-10.49
Madhya Pradesh,SEHORE,Budhni(Shallow)_1,2024-06,116,-11.193189655172414,-11.36,-10.97
Madhya Pradesh,SEHORE,Budhni(Shallow)_1,2024-07,116,-10.680948275862068,-11.36,-8.72
Madhya Pradesh,SEHORE,Budhni(Shallow)_1,2024-08,100,-7.2905,-8.7,-6.09
Madhya Pradesh,SEHORE,Budhni(Shallow)_1,2024-09,104,-6.144326923076923,-6.43,-5.87
Madhya Pradesh,SEHORE,Budhni(Shallow)_1,2024-10,116,-6.479224137931035,-6.93,-6.15
Madhya Pradesh,SEHORE,Budhni(Shallow)_1,2024-11,100,-7.3788,-7.82,-6.94
Madhya Pradesh,SEHORE,Budhni(Shallow)_1,2024-12,97,-8.031443298969071,-8.35,-7.8
Madhya Pradesh,SEHORE,Budhni(Shallow)_1,2025-01,116,-8.642068965517241,-8.91,-8.35
Madhya Pradesh,SEHORE,Budhni(Shallow)_1,2025-02,87,-9.162183908045977,-9.41,-8.92
Madhya Pradesh,SEHORE,Budhni(Shallow)_1,2025-03,120,-9.689583333333333,-9.94,-9.34
Madhya Pradesh,SEHORE,Budhni(Shallow)_1,2025-04,105,-10.333619047619047,-10.76,-9.94
Madhya Pradesh,SEHORE,Budhni(Shallow)_1,2025-05,88,-11.021022727272728,-11.2,-10.77
Madhya Pradesh,SEHORE,Budhni(Shallow)_1,2025-06,101,-11.391485148514851,-11.57,-11.2
Madhya Pradesh,SEHORE,Budhni(Shallow)_1,2025-07,98,-10.227244897959183,-11.62,-8.14
Madhya Pradesh,SEHORE,Budhni(Shallow)_1,2025-08,92,-7.702282608695652,-8.11,-7.19
Madhya Pradesh,SEHORE,Budhni(Shallow)_1,2025-09,81,-5.7713580246913585,-7.03,-4.16
Madhya Pradesh,SEHORE,Budhni(Shallow)_1,2025-10,102,-5.176274509803922,-5.94,-4.42
Madhya Pradesh,SEHORE,Budhni(Shallow)_1,2025-11,56,-6.344285714285713,-6.78,-5.91
Madhya Pradesh,SEHORE,Budhni(Shallow)_1,2025-12,78,-7.478333333333333,-7.87,-6.99
Madhya Pradesh,SEONI,Barghat(S)_1,2023-10,9,-2.7444444444444445,-2.92,-2.62
Madhya Pradesh,SEONI,Barghat(S)_1,2023-11,116,-3.2417241379310346,-3.79,-2.72
Madhya Pradesh,SEONI,Barghat(S)_1,2023-12,116,-3.172844827586207,-3.67,-2.9
Madhya Pradesh,SEONI,Barghat(S)_1,2024-01,124,-3.678790322580645,-3.99,-3.4
Madhya Pradesh,SEONI,Barghat(S)_1,2024-02,112,-3.838214285714286,-4.19,-3.55
Madhya Pradesh,SEONI,Barghat(S)_1,2024-03,124,-4.080887096774194,-4.43,-3.72
Madhya Pradesh,SEONI,Barghat(S)_1,2024-04,112,-4.378303571428572,-4.81,-4.04
Madhya Pradesh,SEONI,Barghat(S)_1,2024-05,120,-4.750166666666667,-5.45,-4.34
Madhya Pradesh,SEONI,Barghat(S)_1,2024-06,116,-4.805172413793104,-5.5,-3.81
Madhya Pradesh,SEONI,Barghat(S)_1,2024-07,120,-2.3561666666666667,-4.02,-1.34
Madhya Pradesh,SEONI,Barghat(S)_1,2024-08,112,-1.600982142857143,-1.96,-1.42
Madhya Pradesh,SEONI,Barghat(S)_1,2024-09,108,-1.7203703703703705,-2.02,-1.35
Madhya Pradesh,SEONI,Barghat(S)_1,2024-10,116,-2.1037068965517243,-2.86,-1.59
Madhya Pradesh,SEONI,Barghat(S)_1,2024-11,108,-2.9873148148148148,-3.48,-2.53
Madhya Pradesh,SEONI,Barghat(S)_1,2024-12,97,-3.652783505154639,-4.04,-3.28
Madhya Pradesh,SEONI,Barghat(S)_1,2025-01,116,-4.107327586206896,-4.46,-3.75
Madhya Pradesh,SEONI,Barghat(S)_1,2025-02,87,-4.503103448275862,-4.85,-4.24
Madhya Pradesh,SEONI,Barghat(S)_1,2025-03,120,-5.08125,-5.56,-4.65
Madhya Pradesh,SEONI,Barghat(S)_1,2025-04,100,-5.4575,-5.77,-5.12
Madhya Pradesh,SEONI,Barghat(S)_1,2025-05,88,-5.77625,-6.18,-5.46
Madhya Pradesh,SEONI,Barghat(S)_1,2025-06,101,-5.913960396039603,-6.8,-5.36
Madhya Pradesh,SEONI,Barghat(S)_1,2025-07,98,-3.449081632653061,-5.47,-2.16
Madhya Pradesh,SEONI,Barghat(S)_1,2025-08,86,-2.2103488372093025,-2.74,-1.82
Madhya Pradesh,SEONI,Barghat(S)_1,2025-09,80,-1.783375,-2.91,-1.45
Madhya Pradesh,SEONI,Barghat(S)_1,2025-10,110,-1.9793636363636362,-2.46,-1.64
Madhya Pradesh,SEONI,Barghat(S)_1,2025-11,71,-2.544788732394366,-3.08,-2.09
Madhya Pradesh,SEONI,Barghat(S)_1,2025-12,99,-3.4175757575757575,-3.91,-2.86
Madhya Pradesh,SHAHDOL,Burhar-D_1,2023-10,31,-11.299354838709677,-11.32,-11.27
Madhya Pradesh,SHAHDOL,Burhar-D_1,2023-11,112,-11.366249999999999,-11.43,-11.25
Madhya Pradesh,SHAHDOL,Burhar-D_1,2023-12,120,-11.508333333333333,-11.63,-11.42
Madhya Pradesh,SHAHDOL,Burhar-D_1,2024-01,124,-11.746612903225806,-11.96,-11.62
Madhya Pradesh,SHAHDOL,Burhar-D_1,2024-02,112,-12.157232142857142,-12.31,-11.96
Madhya Pradesh,SHAHDOL,Burhar-D_1,2024-03,120,-12.415166666666666,-12.57,-12.31
Madhya Pradesh,SHAHDOL,Burhar-D_1,2024-04,116,-12.86698275862069,-13.1,-12.58
Madhya Pradesh,SHAHDOL,Burhar-D_1,2024-05,120,-13.3235,-13.52,-13.1
Madhya Pradesh,SHAHDOL,Burhar-D_1,2024-06,116,-13.722241379310345,-13.84,-13.53
Madhya Pradesh,SHAHDOL,Burhar-D_1,2024-07,120,-13.908416666666666,-13.97,-13.84
Madhya Pradesh,SHAHDOL,Burhar-D_1,2024-08,112,-12.450446428571428,-13.99,-9.02
Madhya Pradesh,SHAHDOL,Burhar-D_1,2024-09,108,-12.007037037037037,-12.65,-9.39
Madhya Pradesh,SHAHDOL,Burhar-D_1,2024-10,116,-11.622586206896552,-11.96,-11.38
Madhya Pradesh,SHAHDOL,Burhar-D_1,2024-11,104,-11.489134615384616,-11.68,-11.4
Madhya Pradesh,SHAHDOL,Burhar-D_1,2024-12,92,-11.837717391304347,-12.11,-11.68
Madhya Pradesh,SHAHDOL,Burhar-D_1,2025-01,93,-12.063440860215055,-12.34,-11.94
Madhya Pradesh,SHAHDOL,Burhar-D_1,2025-02,69,-12.56391304347826,-12.72,-12.41
Madhya Pradesh,SHAHDOL,Burhar-D_1,2025-03,124,-12.844354838709679,-12.96,-12.65
Madhya Pradesh,SHAHDOL,Burhar-D_1,2025-04,79,-13.161012658227849,-13.58,-12.97
Madhya Pradesh,SHAHDOL,Burhar-D_1,2025-05,83,-13.61289156626506,-13.77,-13.48
Madhya Pradesh,SHAHDOL,Burhar-D_1,2025-06,88,-14.114431818181817,-14.32,-13.77
Madhya Pradesh,SHAHDOL,Burhar-D_1,2025-07,89,-13.90011235955056,-14.21,-13.3
Madhya Pradesh,SHAHDOL,Burhar-D_1,2025-08,90,-13.435555555555556,-13.71,-12.02
Madhya Pradesh,SHAHDOL,Burhar-D_1,2025-09,84,-12.811309523809525,-13.02,-12.06
Madhya Pradesh,SHAHDOL,Burhar-D_1,2025-10,103,-11.334174757281554,-12.04,-10.64
Madhya Pradesh,SHAHDOL,Burhar-D_1,2025-11,63,-10.342698412698413,-10.63,-10.27
Madhya Pradesh,SHAHDOL,Burhar-D_1,2025-12,78,-10.387948717948717,-10.56,-10.27
Madhya Pradesh,SHAJAPUR,Dudhana_1,2023-10,29,-7.888965517241379,-8.12,-7.72
Madhya Pradesh,SHAJAPUR,Dudhana_1,2023-11,112,-13.964107142857143,-18.94,-8.13
Madhya Pradesh,SHAJAPUR,Dudhana_1,2023-12,120,-21.337,-23.85,-18.81
Madhya Pradesh,SHAJAPUR,Dudhana_1,2024-01,124,-23.303467741935485,-25.51,-21.51
Madhya Pradesh,SHAJAPUR,Dudhana_1,2024-02,112,-26.34035714285714,-26.91,-25.57
Madhya Pradesh,SHAJAPUR,Dudhana_1,2024-03,124,-24.218064516129033,-26.52,-22.22
Madhya Pradesh,SHAJAPUR,Dudhana_1,2024-04,112,-20.83205357142857,-22.2,-19.69
Madhya Pradesh,SHAJAPUR,Dudhana_1,2024-05,116,-18.80784482758621,-19.68,-18.14
Madhya Pradesh,SHAJAPUR,Dudhana_1,2024-06,116,-17.682672413793103,-18.14,-17.18
Madhya Pradesh,SHAJAPUR,Dudhana_1,2024-07,124,-13.577822580645162,-17.19,0.35
Madhya Pradesh,SHAJAPUR,Dudhana_1,2024-08,96,-0.29052083333333334,-8.29,0.28
Madhya Pradesh,SHAJAPUR,Dudhana_1,2024-09,112,-0.8480357142857143,-6.87,0.45
Madhya Pradesh,SHAJAPUR,Dudhana_1,2024-10,116,-2.3019827586206896,-6.58,1.0
Madhya Pradesh,SHAJAPUR,Dudhana_1,2024-11,112,-13.610714285714286,-22.47,-6.23
Madhya Pradesh,SHAJAPUR,Dudhana_1,2024-12,85,-25.55023529411765,-27.45,-22.57
Madhya Pradesh,SHAJAPUR,Dudhana_1,2025-01,115,-28.516373913043477,-29.091,-27.96
Madhya Pradesh,SHAJAPUR,Dudhana_1,2025-02,79,-29.399240506329114,-29.627,-29.179
Madhya Pradesh,SHAJAPUR,Dudhana_1,2025-03,116,-29.69798275862069,-29.832,-29.573
Madhya Pradesh,SHAJAPUR,Dudhana_1,2025-04,104,-29.846711538461538,-29.931,-29.752
Madhya Pradesh,SHAJAPUR,Dudhana_1,2025-05,88,-29.105579545454546,-29.775,-28.337
Madhya Pradesh,SHAJAPUR,Dudhana_1,2025-06,97,-27.19481443298969,-28.341,-26.066
Madhya Pradesh,SHAJAPUR,Dudhana_1,2025-07,94,-25.00576595744681,-26.08,-23.556
Madhya Pradesh,SHAJAPUR,Dudhana_1,2025-08,89,-21.71287640449438,-23.551,-19.246
Madhya Pradesh,SHAJAPUR,Dudhana_1,2025-09,80,-9.1582375,-18.602,0.179
Madhya Pradesh,SHAJAPUR,Dudhana_1,2025-10,104,-4.930346153846154,-9.547,-0.082
Madhya Pradesh,SHAJAPUR,Dudhana_1,2025-11,67,-16.152626865671643,-23.155,-9.044
Madhya Pradesh,SHAJAPUR,Dudhana_1,2025-12,96,-26.485885416666665,-28.1,-24.119
Madhya Pradesh,SHIVPURI,Amhara_1,2023-10,10,-10.318999999999999,-10.35,-10.29
Madhya Pradesh,SHIVPURI,Amhara_1,2023-11,112,-10.699732142857142,-11.1,-10.36
Madhya Pradesh,SHIVPURI,Amhara_1,2023-12,120,-11.555583333333335,-11.95,-11.1
Madhya Pradesh,SHIVPURI,Amhara_1,2024-01,124,-12.491048387096775,-13.13,-11.96
Madhya Pradesh,SHIVPURI,Amhara_1,2024-02,112,-13.737053571428572,-14.26,-13.14
Madhya Pradesh,SHIVPURI,Amhara_1,2024-03,124,-15.048306451612904,-15.8,-14.27
Madhya Pradesh,SHIVPURI,Amhara_1,2024-04,112,-16.44169642857143,-16.98,-15.81
Madhya Pradesh,SHIVPURI,Amhara_1,2024-05,116,-17.459137931034483,-17.85,-16.99
Madhya Pradesh,SHIVPURI,Amhara_1,2024-06,116,-18.309741379310342,-18.98,-16.77
Madhya Pradesh,SHIVPURI,Amhara_1,2024-07,116,-11.743620689655172,-16.63,-9.7
Madhya Pradesh,SHIVPURI,Amhara_1,2024-08,100,-8.0467,-9.72,-7.3
Madhya Pradesh,SHIVPURI,Amhara_1,2024-09,112,-7.28,-8.33,-6.49
Madhya Pradesh,SHIVPURI,Amhara_1,2024-10,116,-7.962155172413794,-8.73,-6.98
Madhya Pradesh,SHIVPURI,Amhara_1,2024-11,100,-9.2412,-9.92,1.0
Madhya Pradesh,SHIVPURI,Amhara_1,2024-12,97,-10.343711340206186,-10.9,-9.92
Madhya Pradesh,SHIVPURI,Amhara_1,2025-01,116,-11.775172413793104,-12.44,-11.18
Madhya Pradesh,SHIVPURI,Amhara_1,2025-02,87,-13.063793103448276,-13.51,-12.59
Madhya Pradesh,SHIVPURI,Amhara_1,2025-03,120,-13.9965,-14.56,-13.52
Madhya Pradesh,SHIVPURI,Amhara_1,2025-04,100,-15.1843,-15.98,-14.57
Madhya Pradesh,SHIVPURI,Amhara_1,2025-05,84,-16.591309523809525,-16.83,-15.99
Madhya Pradesh,SHIVPURI,Amhara_1,2025-06,101,-14.762277227722773,-16.83,-6.55
Madhya Pradesh,SHIVPURI,Amhara_1,2025-07,70,-6.553571428571429,-7.41,-5.58
Madhya Pradesh,SHIVPURI,Atalpur_1,2024-01,72,-15.227916666666667,-15.79,-14.68
Madhya Pradesh,SHIVPURI,Atalpur_1,2024-02,116,-15.271896551724138,-15.79,-14.68
Madhya Pradesh,SHIVPURI,Atalpur_1,2024-03,125,-15.187280000000001,-15.83,-1.0
Madhya Pradesh,SHIVPURI,Atalpur_1,2024-04,120,-15.457508333333333,-16.4,0.0
Madhya Pradesh,SHIVPURI,Atalpur_1,2024-05,124,-14.73441129032258,-16.308,0.0
Madhya Pradesh,SHIVPURI,Atalpur_1,2024-06,120,-14.908391666666667,-16.308,-13.737
Madhya Pradesh,SHIVPURI,Atalpur_1,2024-07,124,-11.721612903225807,-14.47,-1.0
Madhya Pradesh,SHIVPURI,Atalpur_1,2024-08,124,-9.52774193548387,-11.17,-8.58
Madhya Pradesh,SHIVPURI,Atalpur_1,2024-09,120,-9.226583333333334,-10.82,-7.58
Madhya Pradesh,SHIVPURI,Atalpur_1,2024-10,124,-11.09290322580645,-12.47,-9.68
Madhya Pradesh,SHIVPURI,Atalpur_1,2024-11,108,-12.02824074074074,-13.09,1.0
Madhya Pradesh,SHIVPURI,Atalpur_1,2024-12,72,-12.590694444444445,-12.92,-12.29
Madhya Pradesh,SHIVPURI,Atalpur_1,2025-01,101,-12.56881188118812,-13.25,-12.16
Madhya Pradesh,SHIVPURI,Atalpur_1,2025-02,31,-12.977741935483872,-13.69,-12.48
Madhya Pradesh,SHIVPURI,Atalpur_1,2025-03,124,-13.74241935483871,-14.42,-13.11
Madhya Pradesh,SHIVPURI,Atalpur_1,2025-04,92,-13.518152173913045,-14.29,1.0
Madhya Pradesh,SHIVPURI,Atalpur_1,2025-05,84,-13.850833333333334,-14.36,-13.42
Madhya Pradesh,SHIVPURI,Atalpur_1,2025-06,70,-13.921142857142858,-14.41,-13.63
Madhya Pradesh,SHIVPURI,Atalpur_1,2025-07,39,-9.465641025641025,-10.1,-8.91
Madhya Pradesh,SHIVPURI,Atalpur_1,2025-08,86,-9.713953488372093,-10.2,-8.97
Madhya Pradesh,SHIVPURI,Atalpur_1,2025-09,83,-9.011445783132531,-10.86,-8.28
Madhya Pradesh,SHIVPURI,Atalpur_1,2025-10,85,-12.265764705882352,-13.5,-10.92
Madhya Pradesh,SHIVPURI,Badarwas(Shallow)_1,2023-04,16,-10.19875,-10.25,-10.15
Madhya Pradesh,SHIVPURI,Badarwas(Shallow)_1,2023-05,115,-9.872434782608694,-10.43,-9.24
Madhya Pradesh,SHIVPURI,Badarwas(Shallow)_1,2023-06,80,-9.882,-14.18,-4.99
Madhya Pradesh,SHIVPURI,Badarwas(Shallow)_1,2023-07,124,-3.3356451612903224,-4.91,-1.43
Madhya Pradesh,SHIVPURI,Badarwas(Shallow)_1,2023-08,124,-1.1450806451612905,-1.37,-0.93
Madhya Pradesh,SHIVPURI,Badarwas(Shallow)_1,2023-09,108,-1.1750925925925926,-1.8,-0.52
Madhya Pradesh,SHIVPURI,Badarwas(Shallow)_1,2023-10,108,-1.6024074074074075,-2.27,-0.75
Madhya Pradesh,SHIVPURI,Badarwas(Shallow)_1,2023-11,112,-3.6825,-5.34,-2.26
Madhya Pradesh,SHIVPURI,Badarwas(Shallow)_1,2023-12,120,-6.217250000000001,-7.3,-5.24
Madhya Pradesh,SHIVPURI,Badarwas(Shallow)_1,2024-01,124,-7.623870967741936,-8.03,-7.23
Madhya Pradesh,SHIVPURI,Badarwas(Shallow)_1,2024-02,112,-8.058928571428572,-8.44,-7.73
Madhya Pradesh,SHIVPURI,Badarwas(Shallow)_1,2024-03,124,-9.528145161290322,-10.21,-8.37
Madhya Pradesh,SHIVPURI,Badarwas(Shallow)_1,2024-04,112,-10.541785714285714,-11.67,-10.18
Madhya Pradesh,SHIVPURI,Badarwas(Shallow)_1,2024-05,120,-14.047083333333335,-18.6,-10.4
Madhya Pradesh,SHIVPURI,Badarwas(Shallow)_1,2024-06,116,-14.369741379310344,-18.88,-8.36
Madhya Pradesh,SHIVPURI,Badarwas(Shallow)_1,2024-07,116,-6.144741379310345,-8.34,-5.13
Madhya Pradesh,SHIVPURI,Badarwas(Shallow)_1,2024-08,108,-2.0300000000000002,-5.35,-0.29
Madhya Pradesh,SHIVPURI,Badarwas(Shallow)_1,2024-09,110,-0.20218181818181816,-0.63,0.32
Madhya Pradesh,SHIVPURI,Badarwas(Shallow)_1,2024-10,114,-0.9598245614035088,-2.3,0.0
Madhya Pradesh,SHIVPURI,Badarwas(Shallow)_1,2024-11,108,-3.250833333333333,-4.55,-2.31
Madhya Pradesh,SHIVPURI,Badarwas(Shallow)_1,2024-12,97,-5.8194845360824745,-7.15,-4.54
Madhya Pradesh,SHIVPURI,Badarwas(Shallow)_1,2025-01,116,-7.9607758620689655,-9.09,-7.14
Madhya Pradesh,SHIVPURI,Badarwas(Shallow)_1,2025-02,83,-9.705421686746988,-10.35,-9.22
Madhya Pradesh,SHIVPURI,Badarwas(Shallow)_1,2025-03,116,-12.978793103448275,-17.78,-10.38
Madhya Pradesh,SHIVPURI,Badarwas(Shallow)_1,2025-04,100,-18.5906,-19.4,-17.37
Madhya Pradesh,SHIVPURI,Badarwas(Shallow)_1,2025-05,88,-18.904886363636365,-19.43,-18.2
Madhya Pradesh,SHIVPURI,Badarwas(Shallow)_1,2025-06,101,-15.718019801980198,-19.61,-5.15
Madhya Pradesh,SHIVPURI,Badarwas(Shallow)_1,2025-07,95,-2.6380000000000003,-5.16,0.2
Madhya Pradesh,SHIVPURI,Badarwas(Shallow)_1,2025-08,91,-1.0189230769230768,-1.777,0.25
Madhya Pradesh,SHIVPURI,Badarwas(Shallow)_1,2025-09,81,-1.5921851851851854,-2.677,-1.151
Madhya Pradesh,SHIVPURI,Badarwas(Shallow)_1,2025-10,86,-2.8436976744186047,-3.464,-2.421
Madhya Pradesh,SHIVPURI,Baglon,2024-01,80,-17.330375,-18.57,-1.0
Madhya Pradesh,SHIVPURI,Baglon,2024-02,116,-18.610775862068966,-19.18,-1.0
Madhya Pradesh,SHIVPURI,Baglon,2024-03,124,-19.208629032258063,-19.29,-19.12
Madhya Pradesh,SHIVPURI,Baglon,2024-04,120,-19.61433333333333,-20.3,-19.26
Madhya Pradesh,SHIVPURI,Baglon,2024-05,124,-19.209435483870966,-20.41,-17.96
Madhya Pradesh,SHIVPURI,Baglon,2024-06,120,-16.21816666666667,-17.95,-14.73
Madhya Pradesh,SHIVPURI,Baglon,2024-07,124,-14.266612903225806,-14.88,-13.46
Madhya Pradesh,SHIVPURI,Baglon,2024-08,124,-15.14175,-15.31,-14.9
Madhya Pradesh,SHIVPURI,Baglon,2024-09,120,-15.164508333333334,-15.31,-15.001
Madhya Pradesh,SHIVPURI,Baglon,2024-10,124,-15.167508064516129,-15.31,-15.001
Madhya Pradesh,SHIVPURI,Baglon,2024-11,36,-15.591305555555557,-16.033,-15.363
Madhya Pradesh,SHIVPURI,Baglon,2024-12,31,-15.721290322580646,-16.422,1.0
Madhya Pradesh,SHIVPURI,Baglon,2025-01,42,-16.305261904761906,-16.698,-15.899
Madhya Pradesh,SHIVPURI,Baglon,2025-02,43,-16.465976744186047,-17.265,1.0
Madhya Pradesh,SHIVPURI,Baglon,2025-03,66,-18.023954545454544,-18.767,-17.231
Madhya Pradesh,SHIVPURI,Baglon,2025-04,50,-18.85512,-18.946,-18.766
Madhya Pradesh,SHIVPURI,Baglon,2025-05,60,-18.5347,-18.948,-18.338
Madhya Pradesh,SHIVPURI,Baglon,2025-06,44,-10.205431818181818,-18.816,1.0
Madhya Pradesh,SHIVPURI,Baglon,2025-07,49,1.0,1.0,1.0
Madhya Pradesh,SHIVPURI,Baglon,2025-08,54,-11.657055555555555,-13.837,1.0
Madhya Pradesh,SHIVPURI,Baglon,2025-09,43,-12.744813953488373,-12.898,-12.631
Madhya Pradesh,SHIVPURI,Baglon,2025-10,63,-13.030936507936508,-13.328,-12.782
Madhya Pradesh,SHIVPURI,Baglon,2025-11,9,-13.163444444444444,-13.245,-13.103
Madhya Pradesh,SHIVPURI,Banhori Kalan,2024-01,68,-10.688235294117646,-19.1,-8.1
Madhya Pradesh,SHIVPURI,Banhori Kalan,2024-02,116,-10.651724137931033,-19.1,-8.1
Madhya Pradesh,SHIVPURI,Banhori Kalan,2024-03,124,-10.745161290322581,-19.1,-8.1
Madhya Pradesh,SHIVPURI,Banhori Kalan,2024-04,120,-10.7,-19.1,-8.1
Madhya Pradesh,SHIVPURI,Banhori Kalan,2024-05,124,-10.688709677419356,-19.1,-8.1
Madhya Pradesh,SHIVPURI,Banhori Kalan,2024-06,120,-10.7,-19.1,-8.1
Madhya Pradesh,SHIVPURI,Banhori Kalan,2024-07,112,-10.6625,-19.1,-8.1
Madhya Pradesh,SHIVPURI,Berad_1,2024-01,84,-4.06672619047619,-8.85,0.0
Madhya Pradesh,SHIVPURI,Berad_1,2024-02,116,-4.0765,-9.215,-3.746
Madhya Pradesh,SHIVPURI,Berad_1,2024-03,124,-7.193935483870968,-9.198,-4.118
Madhya Pradesh,SHIVPURI,Berad_1,2024-04,120,-8.695675,-9.245,-4.84
Madhya Pradesh,SHIVPURI,Berad_1,2024-05,124,-9.093443548387096,-9.999,0.0
Madhya Pradesh,SHIVPURI,Berad_1,2024-06,120,-9.325133333333333,-9.816,-9.083
Madhya Pradesh,SHIVPURI,Berad_1,2024-07,124,-5.421895161290322,-9.903,-3.843
Madhya Pradesh,SHIVPURI,Berad_1,2024-08,124,-3.756959677419355,-4.118,-3.453
Madhya Pradesh,SHIVPURI,Berad_1,2024-09,120,-4.46635,-9.999,0.0
Madhya Pradesh,SHIVPURI,Berad_1,2024-10,124,-4.0588870967741935,-4.677,-3.764
Madhya Pradesh,SHIVPURI,Berad_1,2025-01,16,-4.6750625,-4.715,-4.632
Madhya Pradesh,SHIVPURI,Berad_1,2025-03,60,-4.677533333333333,-4.726,-4.628
Madhya Pradesh,SHIVPURI,Berad_1,2025-04,64,-4.67646875,-4.727,-4.627
Madhya Pradesh,SHIVPURI,Berad_1,2025-05,52,-4.682576923076923,-4.726,-4.628
Madhya Pradesh,SHIVPURI,Berad_1,2025-06,8,-4.65975,-4.705,-4.63
Madhya Pradesh,SHIVPURI,Berad_1,2025-07,17,-0.9734705882352941,-1.081,-0.814
Madhya Pradesh,SHIVPURI,Berad_1,2025-08,86,-1.3353139534883722,-1.708,-1.031
Madhya Pradesh,SHIVPURI,Berad_1,2025-09,83,-1.4713734939759036,-2.415,1.0
Madhya Pradesh,SHIVPURI,Berad_1,2025-10,109,-2.8462110091743122,-3.436,-1.837
Madhya Pradesh,SHIVPURI,Berad_1,2025-11,25,-2.1468000000000003,-2.611,-1.916
Madhya Pradesh,SHIVPURI,Bhagawan_1,2023-10,25,-6.0696,-6.17,-5.95
Madhya Pradesh,SHIVPURI,Bhagawan_1,2023-11,112,-6.665357142857142,-7.34,-6.05
Madhya Pradesh,SHIVPURI,Bhagawan_1,2023-12,116,-8.017327586206896,-8.55,-7.36
Madhya Pradesh,SHIVPURI,Bhagawan_1,2024-01,124,-8.688306451612902,-8.88,-8.51
Madhya Pradesh,SHIVPURI,Bhagawan_1,2024-02,108,-8.842685185185186,-8.93,-8.66
Madhya Pradesh,SHIVPURI,Bhagawan_1,2024-03,124,-8.793709677419356,-8.89,-8.63
Madhya Pradesh,SHIVPURI,Bhagawan_1,2024-04,112,-9.088125,-9.22,-8.87
Madhya Pradesh,SHIVPURI,Bhagawan_1,2024-05,104,-9.125096153846155,-9.24,-8.91
Madhya Pradesh,SHIVPURI,Bhagawan_1,2024-06,116,-9.016293103448277,-9.28,-8.79
Madhya Pradesh,SHIVPURI,Bhagawan_1,2024-07,120,-5.277833333333334,-9.16,-3.5
Madhya Pradesh,SHIVPURI,Bhagawan_1,2024-08,104,-2.187307692307692,-5.46,-1.05
Madhya Pradesh,SHIVPURI,Bhagawan_1,2024-09,108,-1.1989814814814816,-1.65,-0.51
Madhya Pradesh,SHIVPURI,Bhagawan_1,2024-10,68,-2.175676470588235,-3.029,-1.5
Madhya Pradesh,SHIVPURI,Bhagawan_1,2024-11,53,-4.154245283018868,-5.546,-3.049
Madhya Pradesh,SHIVPURI,Bhagawan_1,2025-02,4,-8.378,-8.379,-8.376
Madhya Pradesh,SHIVPURI,Bhagawan_1,2025-03,109,-8.666330275229358,-8.783,-8.502
Madhya Pradesh,SHIVPURI,Bhagawan_1,2025-04,109,-8.79751376146789,-8.931,-8.675
Madhya Pradesh,SHIVPURI,Bhagawan_1,2025-05,87,-8.792781609195401,-8.886,-8.652
Madhya Pradesh,SHIVPURI,Bhagawan_1,2025-06,101,-8.092752475247524,-8.927,-4.666
Madhya Pradesh,SHIVPURI,Bhagawan_1,2025-07,98,-1.5325408163265306,-4.628,-0.505
Madhya Pradesh,SHIVPURI,Bhagawan_1,2025-08,86,-1.237906976744186,-1.623,-0.789
Madhya Pradesh,SHIVPURI,Bhagawan_1,2025-09,84,-1.5539642857142855,-2.753,-0.855
Madhya Pradesh,SHIVPURI,Bhagawan_1,2025-10,110,-3.4602,-4.242,-2.691
Madhya Pradesh,SHIVPURI,Bhagawan_1,2025-11,75,-4.231906666666667,-5.021,-3.62
Madhya Pradesh,SHIVPURI,Bhagawan_1,2025-12,96,-6.579427083333333,-7.481,-5.816
Madhya Pradesh,SHIVPURI,Bhimpur_3,2024-01,84,-1.0,-1.0,-1.0
Madhya Pradesh,SHIVPURI,Bhimpur_3,2024-02,116,-1.0,-1.0,-1.0
Madhya Pradesh,SHIVPURI,Bhimpur_3,2024-03,124,-1.0,-1.0,-1.0
Madhya Pradesh,SHIVPURI,Bhimpur_3,2024-04,121,-2.654421487603306,-6.883,-1.0
Madhya Pradesh,SHIVPURI,Bhimpur_3,2024-05,124,-1.0351854838709678,-7.363,0.0
Madhya Pradesh,SHIVPURI,Bhimpur_3,2024-06,120,-1.0,-1.0,-1.0
Madhya Pradesh,SHIVPURI,Bhimpur_3,2024-07,124,-1.0,-1.0,-1.0
Madhya Pradesh,SHIVPURI,Bhimpur_3,2024-08,124,-1.0,-1.0,-1.0
Madhya Pradesh,SHIVPURI,Bhimpur_3,2024-09,120,-1.0,-1.0,-1.0
Madhya Pradesh,SHIVPURI,Bhimpur_3,2024-10,124,-1.0,-1.0,-1.0
Madhya Pradesh,SHIVPURI,Bhimpur_3,2024-11,24,1.0,1.0,1.0
Madhya Pradesh,SHIVPURI,Bhimpur_3,2024-12,14,1.0,1.0,1.0
Madhya Pradesh,SHIVPURI,Bhimpur_3,2025-01,20,1.0,1.0,1.0
Madhya Pradesh,SHIVPURI,Bhimpur_3,2025-02,8,1.0,1.0,1.0
Madhya Pradesh,SHIVPURI,Bhimpur_3,2025-03,24,1.0,1.0,1.0
Madhya Pradesh,SHIVPURI,Bhimpur_3,2025-04,14,1.0,1.0,1.0
Madhya Pradesh,SHIVPURI,Bhimpur_3,2025-05,24,-7.359750000000001,-7.409,-7.31
Madhya Pradesh,SHIVPURI,Bhimpur_3,2025-06,8,-7.353,-7.403,-7.32
Madhya Pradesh,SHIVPURI,Bhimpur_3,2025-08,16,-9.5275625,-10.695,-7.011
Madhya Pradesh,SHIVPURI,Bhimpur_3,2025-09,18,-5.838777777777778,-7.089,1.0
Madhya Pradesh,SHIVPURI,Bhimpur_3,2025-10,29,-9.128724137931034,-9.546,-8.267
Madhya Pradesh,SHIVPURI,Bhimpur_3,2025-11,9,-8.915555555555555,-9.311,-8.645
Madhya Pradesh,SHIVPURI,Bira_2,2023-10,10,-7.808,-8.18,-7.65
Madhya Pradesh,SHIVPURI,Bira_2,2023-11,112,-10.379999999999999,-11.33,-8.21
Madhya Pradesh,SHIVPURI,Bira_2,2023-12,120,-10.6005,-10.78,-10.55
Madhya Pradesh,SHIVPURI,Bira_2,2024-01,124,-10.550241935483871,-10.56,-10.54
Madhya Pradesh,SHIVPURI,Bira_2,2024-02,112,-10.540446428571428,-10.55,-10.54
Madhya Pradesh,SHIVPURI,Bira_2,2024-03,124,-10.534193548387098,-10.54,-10.53
Madhya Pradesh,SHIVPURI,Bira_2,2024-04,112,-10.529910714285714,-10.53,-10.52
Madhya Pradesh,SHIVPURI,Bira_2,2024-05,100,-10.529099999999998,-10.53,-10.52
Madhya Pradesh,SHIVPURI,Bira_2,2024-06,116,-10.521810344827585,-10.53,-10.52
Madhya Pradesh,SHIVPURI,Bira_2,2024-07,120,-10.246333333333332,-10.53,-8.05
Madhya Pradesh,SHIVPURI,Bira_2,2024-08,96,-9.589479166666667,-10.33,-6.69
Madhya Pradesh,SHIVPURI,Bira_2,2024-09,110,-10.246636363636362,-10.303,-9.783
Madhya Pradesh,SHIVPURI,Bira_2,2024-10,116,-10.292508620689656,-10.356,-10.198
Madhya Pradesh,SHIVPURI,Bira_2,2024-11,104,-10.320298076923077,-10.432,-10.253
Madhya Pradesh,SHIVPURI,Bira_2,2024-12,93,-10.373408602150537,-10.597,-10.261
Madhya Pradesh,SHIVPURI,Bira_2,2025-01,116,-10.601862068965518,-10.955,-10.183
Madhya Pradesh,SHIVPURI,Bira_2,2025-02,83,-10.580361445783131,-10.696,-10.484
Madhya Pradesh,SHIVPURI,Bira_2,2025-03,120,-10.442033333333335,-10.485,-10.411
Madhya Pradesh,SHIVPURI,Bira_2,2025-04,108,-10.399092592592593,-10.415,-10.387
Madhya Pradesh,SHIVPURI,Bira_2,2025-05,88,-10.389375,-10.394,-10.386
Madhya Pradesh,SHIVPURI,Bira_2,2025-06,101,-10.102237623762376,-10.395,-6.856
Madhya Pradesh,SHIVPURI,Bira_2,2025-07,91,-10.040802197802197,-10.391,-8.362
Madhya Pradesh,SHIVPURI,Bira_2,2025-08,93,-10.360387096774193,-10.402,-10.151
Madhya Pradesh,SHIVPURI,Bira_2,2025-09,80,-10.3736625,-10.444,-10.241
Madhya Pradesh,SHIVPURI,Bira_2,2025-10,108,-10.392092592592592,-10.687,-10.071
Madhya Pradesh,SHIVPURI,Bira_2,2025-11,60,-10.429683333333333,-10.617,-10.328
Madhya Pradesh,SHIVPURI,Bira_2,2025-12,72,-10.60725,-10.896,-10.393
Madhya Pradesh,SHIVPURI,Deharwara,2023-10,25,-3.8796,-4.03,-3.74
Madhya Pradesh,SHIVPURI,Deharwara,2023-11,109,-4.278165137614679,-4.42,-4.04
Madhya Pradesh,SHIVPURI,Deharwara,2023-12,99,-4.318383838383838,-4.43,-4.21
Madhya Pradesh,SHIVPURI,Deharwara,2024-01,124,-4.426129032258065,-4.5,-4.36
Madhya Pradesh,SHIVPURI,Deharwara,2024-02,112,-4.608928571428572,-4.7,-4.5
Madhya Pradesh,SHIVPURI,Deharwara,2024-03,124,-4.265403225806451,-4.51,-4.14
Madhya Pradesh,SHIVPURI,Deharwara,2024-04,75,-4.371066666666667,-4.62,-4.3
Madhya Pradesh,SHIVPURI,Deharwara,2024-05,116,-5.357241379310345,-5.84,-4.63
Madhya Pradesh,SHIVPURI,Deharwara,2024-06,116,-6.2123275862068965,-6.5,-5.85
Madhya Pradesh,SHIVPURI,Deharwara,2024-07,124,-4.840403225806452,-6.5,-3.93
Madhya Pradesh,SHIVPURI,Deharwara,2024-08,108,-2.9630555555555556,-3.99,-2.65
Madhya Pradesh,SHIVPURI,Deharwara,2024-09,81,-2.1228395061728396,-2.91,-1.22
Madhya Pradesh,SHIVPURI,Dhamora(Shallow)_1,2023-04,14,-15.565714285714284,-15.68,-15.44
Madhya Pradesh,SHIVPURI,Dhamora(Shallow)_1,2023-05,119,-16.04344537815126,-16.34,-15.71
Madhya Pradesh,SHIVPURI,Dhamora(Shallow)_1,2023-06,80,-16.57825,-16.71,-16.33
Madhya Pradesh,SHIVPURI,Dhamora(Shallow)_1,2023-07,120,-12.753333333333334,-16.6,-9.75
Madhya Pradesh,SHIVPURI,Dhamora(Shallow)_1,2023-08,124,-8.093387096774194,-9.75,-5.46
Madhya Pradesh,SHIVPURI,Dhamora(Shallow)_1,2023-09,112,-5.3481250000000005,-6.73,-4.09
Madhya Pradesh,SHIVPURI,Dhamora(Shallow)_1,2023-10,108,-5.779074074074074,-6.63,-5.23
Madhya Pradesh,SHIVPURI,Dhamora(Shallow)_1,2023-11,112,-7.814910714285714,-9.07,-6.67
Madhya Pradesh,SHIVPURI,Dhamora(Shallow)_1,2023-12,120,-10.274000000000001,-11.39,-9.1
Madhya Pradesh,SHIVPURI,Dhamora(Shallow)_1,2024-01,124,-12.464435483870966,-13.5,-11.42
Madhya Pradesh,SHIVPURI,Dhamora(Shallow)_1,2024-02,108,-14.21,-14.84,-13.53
Madhya Pradesh,SHIVPURI,Dhamora(Shallow)_1,2024-03,124,-15.359193548387097,-15.9,-14.84
Madhya Pradesh,SHIVPURI,Dhamora(Shallow)_1,2024-04,112,-16.302321428571428,-16.62,-15.87
Madhya Pradesh,SHIVPURI,Dhamora(Shallow)_1,2024-05,100,-16.8966,-17.13,-16.61
Madhya Pradesh,SHIVPURI,Dhamora(Shallow)_1,2024-06,116,-17.28853448275862,-17.39,-17.13
Madhya Pradesh,SHIVPURI,Dhamora(Shallow)_1,2024-07,124,-15.984274193548387,-17.45,-14.53
Madhya Pradesh,SHIVPURI,Dhamora(Shallow)_1,2024-08,112,-6.1414285714285715,-14.56,-3.29
Madhya Pradesh,SHIVPURI,Dhamora(Shallow)_1,2024-09,112,-3.2202678571428573,-4.05,-2.33
Madhya Pradesh,SHIVPURI,Dhamora(Shallow)_1,2024-10,116,-4.223103448275862,-4.82,-3.6
Madhya Pradesh,SHIVPURI,Dhamora(Shallow)_1,2024-11,108,-5.607962962962962,-6.45,-4.81
Madhya Pradesh,SHIVPURI,Dhamora(Shallow)_1,2024-12,97,-7.424226804123711,-8.49,-6.49
Madhya Pradesh,SHIVPURI,Dhamora(Shallow)_1,2025-01,116,-9.797586206896552,-10.94,-8.73
Madhya Pradesh,SHIVPURI,Dhamora(Shallow)_1,2025-02,87,-12.216321839080459,-13.33,-11.24
Madhya Pradesh,SHIVPURI,Dhamora(Shallow)_1,2025-03,120,-14.345083333333333,-15.27,-13.32
Madhya Pradesh,SHIVPURI,Dhamora(Shallow)_1,2025-04,81,-15.728024691358025,-16.15,-15.24
Madhya Pradesh,SHIVPURI,Dhamora(Shallow)_1,2025-05,85,-13.731411764705884,-16.72,-9.102
Madhya Pradesh,SHIVPURI,Dhamora(Shallow)_1,2025-06,98,-16.776326530612245,-17.06,-15.64
Madhya Pradesh,SHIVPURI,Dhamora(Shallow)_1,2025-07,98,-6.93530612244898,-15.62,-2.37
Madhya Pradesh,SHIVPURI,Dhamora(Shallow)_1,2025-08,83,-2.827590361445783,-3.45,-1.64
Madhya Pradesh,SHIVPURI,Dhamora(Shallow)_1,2025-09,80,-1.754375,-2.8,-1.25
Madhya Pradesh,SHIVPURI,Dhamora(Shallow)_1,2025-10,99,-3.335252525252525,-3.95,-2.78
Madhya Pradesh,SHIVPURI,Dhamora(Shallow)_1,2025-11,46,-3.675652173913044,-3.92,-3.5
Madhya Pradesh,SHIVPURI,Dhamora(Shallow)_1,2025-12,29,-4.63448275862069,-5.39,-4.05
Madhya Pradesh,SHIVPURI,Gadola_1,2024-01,84,-1.6060595238095237,-1.69,-1.5
Madhya Pradesh,SHIVPURI,Gadola_1,2024-02,116,-1.792146551724138,-1.899,-1.685
Madhya Pradesh,SHIVPURI,Gadola_1,2024-03,124,-1.7570161290322581,-1.992,-1.5
Madhya Pradesh,SHIVPURI,Gadola_1,2024-04,120,-1.888725,-2.029,-1.79
Madhya Pradesh,SHIVPURI,Gadola_1,2024-05,124,-2.1081612903225806,-2.369,0.0
Madhya Pradesh,SHIVPURI,Gadola_1,2024-06,120,-2.4170833333333333,-2.54,0.0
Madhya Pradesh,SHIVPURI,Gadola_1,2024-07,124,-1.743548387096774,-2.49,-1.2
Madhya Pradesh,SHIVPURI,Gadola_1,2024-08,124,-1.2596774193548386,-1.81,-0.97
Madhya Pradesh,SHIVPURI,Gadola_1,2024-09,120,-1.2653333333333334,-1.48,-0.98
Madhya Pradesh,SHIVPURI,Gadola_1,2024-10,124,-1.7001612903225807,-1.89,-1.42
Madhya Pradesh,SHIVPURI,Gadola_1,2024-11,107,-2.144766355140187,-2.36,-1.83
Madhya Pradesh,SHIVPURI,Gadola_1,2024-12,76,-2.3017105263157895,-2.42,-2.21
Madhya Pradesh,SHIVPURI,Gadola_1,2025-01,101,-2.3956435643564356,-2.6,-2.3
Madhya Pradesh,SHIVPURI,Gadola_1,2025-02,83,-2.5466265060240962,-2.72,-2.44
Madhya Pradesh,SHIVPURI,Gadola_1,2025-03,117,-2.697264957264957,-2.94,-2.51
Madhya Pradesh,SHIVPURI,Gadola_1,2025-04,87,-3.109080459770115,-3.33,-2.94
Madhya Pradesh,SHIVPURI,Gadola_1,2025-05,96,-3.48375,-3.63,-3.3
Madhya Pradesh,SHIVPURI,Gadola_1,2025-06,94,-3.3111702127659575,-3.8,1.0
Madhya Pradesh,SHIVPURI,Gadola_1,2025-07,76,-2.3786842105263157,-2.65,-2.2
Madhya Pradesh,SHIVPURI,Gadola_1,2025-08,78,-2.633205128205128,-2.8,-2.4
Madhya Pradesh,SHIVPURI,Gadola_1,2025-09,77,-2.8085714285714283,-2.94,-2.58
Madhya Pradesh,SHIVPURI,Gadola_1,2025-10,100,-3.0732,-3.25,-2.89
Madhya Pradesh,SHIVPURI,Gadola_1,2025-11,13,-3.2576923076923077,-3.33,-3.18
Madhya Pradesh,SHIVPURI,Gata Thalkui,2024-03,56,-10.347142857142856,-10.55,-10.17
Madhya Pradesh,SHIVPURI,Gata Thalkui,2024-04,64,-10.44859375,-11.2,-9.67
Madhya Pradesh,SHIVPURI,Ghutari_1,2024-01,76,-4.4239999999999995,-5.538,-2.687
Madhya Pradesh,SHIVPURI,Ghutari_1,2024-02,116,-6.969293103448276,-7.939,-5.543
Madhya Pradesh,SHIVPURI,Ghutari_1,2024-03,125,-10.097752,-44.93,0.0
Madhya Pradesh,SHIVPURI,Ghutari_1,2024-04,120,-28.622341666666667,-46.92,-6.272
Madhya Pradesh,SHIVPURI,Ghutari_1,2024-05,124,-7.36141935483871,-7.827,-6.739
Madhya Pradesh,SHIVPURI,Ghutari_1,2024-06,120,-21.126691666666666,-52.16,-7.827
Madhya Pradesh,SHIVPURI,Ghutari_1,2024-07,124,-18.160411290322582,-46.48,-8.21
Madhya Pradesh,SHIVPURI,Ghutari_1,2024-08,124,-31.310879032258065,-52.16,-2.687
Madhya Pradesh,SHIVPURI,Ghutari_1,2024-09,120,-4.920408333333333,-6.949,-2.687
Madhya Pradesh,SHIVPURI,Ghutari_1,2024-10,124,-7.000096774193548,-9.818,-4.25
Madhya Pradesh,SHIVPURI,Ghutari_1,2024-11,44,-8.418977272727274,-12.477,-5.877
Madhya Pradesh,SHIVPURI,Ghutari_1,2024-12,31,-11.149354838709677,-15.088,-7.527
Madhya Pradesh,SHIVPURI,Ghutari_1,2025-01,38,-14.135394736842105,-23.025,-8.965
Madhya Pradesh,SHIVPURI,Ghutari_1,2025-02,39,-33.311461538461536,-37.525,-24.086
Madhya Pradesh,SHIVPURI,Ghutari_1,2025-03,120,-40.82836666666667,-43.108,-36.958
Madhya Pradesh,SHIVPURI,Ghutari_1,2025-04,100,-42.40992,-43.569,-41.681
Madhya Pradesh,SHIVPURI,Ghutari_1,2025-05,92,-41.22684782608695,-42.918,-39.971
Madhya Pradesh,SHIVPURI,Ghutari_1,2025-06,94,-36.601361702127654,-42.732,-12.069
Madhya Pradesh,SHIVPURI,Ghutari_1,2025-07,77,-5.914077922077922,-11.279,-3.074
Madhya Pradesh,SHIVPURI,Ghutari_1,2025-08,82,-5.7029146341463415,-9.095,-3.134
Madhya Pradesh,SHIVPURI,Ghutari_1,2025-09,48,-4.0104999999999995,-6.635,-2.78
Madhya Pradesh,SHIVPURI,Ghutari_1,2025-11,16,-7.7105625,-9.244,-7.11
Madhya Pradesh,SHIVPURI,Gora_6,2024-01,80,-20.55475,-20.91,-20.06
Madhya Pradesh,SHIVPURI,Gora_6,2024-02,116,-20.55801724137931,-20.91,-20.06
Madhya Pradesh,SHIVPURI,Gora_6,2024-03,124,-20.548951612903224,-20.91,-20.06
Madhya Pradesh,SHIVPURI,Gora_6,2024-04,120,-20.553333333333335,-20.91,-20.06
Madhya Pradesh,SHIVPURI,Gora_6,2024-05,124,-20.55870967741935,-20.91,-20.06
Madhya Pradesh,SHIVPURI,Gora_6,2024-06,120,-20.553333333333335,-20.91,-20.06
Madhya Pradesh,SHIVPURI,Gora_6,2024-07,124,-20.554999999999996,-20.91,-20.06
Madhya Pradesh,SHIVPURI,Gora_6,2024-08,124,-20.551774193548386,-20.91,-20.06
Madhya Pradesh,SHIVPURI,Gora_6,2024-09,120,-20.553333333333335,-20.91,-20.06
Madhya Pradesh,SHIVPURI,Gora_6,2024-10,124,-20.55322580645161,-20.91,-20.06
Madhya Pradesh,SHIVPURI,Gora_6,2024-11,93,-12.889204301075267,-15.393,-11.291
Madhya Pradesh,SHIVPURI,Gora_6,2024-12,71,-17.38988732394366,-21.376,-11.336
Madhya Pradesh,SHIVPURI,Gora_6,2025-01,96,-17.61254166666667,-25.389,-12.669
Madhya Pradesh,SHIVPURI,Gora_6,2025-02,83,-23.154277108433735,-29.165,-18.116
Madhya Pradesh,SHIVPURI,Gora_6,2025-03,124,-24.833798387096774,-31.41,-19.923
Madhya Pradesh,SHIVPURI,Gora_6,2025-04,92,-27.18209782608696,-32.276,-21.21
Madhya Pradesh,SHIVPURI,Gora_6,2025-05,92,-31.032391304347826,-34.367,-28.366
Madhya Pradesh,SHIVPURI,Gora_6,2025-06,98,-28.412908163265307,-33.778,-17.724
Madhya Pradesh,SHIVPURI,Gora_6,2025-07,76,-13.64903947368421,-17.565,-12.089
Madhya Pradesh,SHIVPURI,Gora_6,2025-08,86,-11.77482558139535,-14.37,-10.065
Madhya Pradesh,SHIVPURI,Gora_6,2025-09,76,-9.701184210526316,-11.005,-9.152
Madhya Pradesh,SHIVPURI,Gora_6,2025-10,109,-11.441633027522935,-13.835,-9.606
Madhya Pradesh,SHIVPURI,Gora_6,2025-11,21,-11.616428571428571,-12.242,-11.135
Madhya Pradesh,SHIVPURI,Himmatpur_1,2024-01,88,-17.121704545454545,-17.15,-17.12
Madhya Pradesh,SHIVPURI,Himmatpur_1,2024-02,116,-16.309224137931032,-17.13,-15.36
Madhya Pradesh,SHIVPURI,Himmatpur_1,2024-03,124,-13.53516129032258,-15.33,-1.0
Madhya Pradesh,SHIVPURI,Himmatpur_1,2024-04,120,-10.062833333333334,-12.28,-8.32
Madhya Pradesh,SHIVPURI,Himmatpur_1,2024-05,124,-8.523951612903225,-8.94,-8.3
Madhya Pradesh,SHIVPURI,Himmatpur_1,2024-06,120,-8.601583333333334,-8.94,-8.3
Madhya Pradesh,SHIVPURI,Himmatpur_1,2024-07,124,-8.646370967741936,-8.94,-8.3
Madhya Pradesh,SHIVPURI,Himmatpur_1,2024-08,124,-8.544354838709678,-8.94,-8.3
Madhya Pradesh,SHIVPURI,Himmatpur_1,2024-09,120,-8.623333333333333,-8.94,-8.3
Madhya Pradesh,SHIVPURI,Himmatpur_1,2024-10,124,-8.602903225806452,-8.94,-8.3
Madhya Pradesh,SHIVPURI,Himmatpur_1,2024-11,41,-10.006536585365852,-10.564,-9.3
Madhya Pradesh,SHIVPURI,Himmatpur_1,2024-12,31,-10.992161290322581,-11.609,-10.498
Madhya Pradesh,SHIVPURI,Himmatpur_1,2025-01,38,-12.041578947368421,-12.597,-11.733
Madhya Pradesh,SHIVPURI,Himmatpur_1,2025-02,45,-13.382777777777779,-14.303,-12.81
Madhya Pradesh,SHIVPURI,Himmatpur_1,2025-03,62,-15.129548387096774,-15.606,-14.301
Madhya Pradesh,SHIVPURI,Himmatpur_1,2025-04,43,-14.989813953488373,-15.465,1.0
Madhya Pradesh,SHIVPURI,Himmatpur_1,2025-05,59,-15.36635593220339,-16.197,-15.255
Madhya Pradesh,SHIVPURI,Himmatpur_1,2025-06,48,-15.109145833333335,-15.384,-13.623
Madhya Pradesh,SHIVPURI,Himmatpur_1,2025-07,50,-8.89966,-13.58,-6.062
Madhya Pradesh,SHIVPURI,Himmatpur_1,2025-08,52,-6.070942307692308,-6.233,-5.116
Madhya Pradesh,SHIVPURI,Himmatpur_1,2025-09,45,-4.67,-5.707,-4.326
Madhya Pradesh,SHIVPURI,Himmatpur_1,2025-10,59,-6.358559322033898,-6.96,-5.713
Madhya Pradesh,SHIVPURI,Himmatpur_1,2025-11,9,-6.9030000000000005,-6.99,-6.862
Madhya Pradesh,SIDHI,Amiliya(S)_1,2023-10,31,-13.935483870967742,-14.16,-13.71
Madhya Pradesh,SIDHI,Amiliya(S)_1,2023-11,112,-13.467946428571429,-14.45,-13.03
Madhya Pradesh,SIDHI,Amiliya(S)_1,2023-12,120,-15.183416666666666,-16.02,-14.47
Madhya Pradesh,SIDHI,Amiliya(S)_1,2024-01,124,-16.95975806451613,-17.48,-16.05
Madhya Pradesh,SIDHI,Amiliya(S)_1,2024-02,112,-17.370625,-17.63,-17.08
Madhya Pradesh,SIDHI,Amiliya(S)_1,2024-03,124,-17.378790322580645,-17.79,-16.98
Madhya Pradesh,SIDHI,Amiliya(S)_1,2024-04,112,-17.71517857142857,-17.89,-17.62
Madhya Pradesh,SIDHI,Amiliya(S)_1,2024-05,108,-18.17648148148148,-18.5,-17.9
Madhya Pradesh,SIDHI,Amiliya(S)_1,2024-06,116,-18.776379310344826,-19.09,-18.5
Madhya Pradesh,SIDHI,Amiliya(S)_1,2024-07,124,-18.85967741935484,-19.25,-17.98
Madhya Pradesh,SIDHI,Amiliya(S)_1,2024-08,116,-13.596034482758622,-17.94,-9.23
Madhya Pradesh,SIDHI,Amiliya(S)_1,2024-09,112,-8.571517857142856,-9.18,-7.88
Madhya Pradesh,SIDHI,Amiliya(S)_1,2024-10,116,-8.612068965517242,-9.14,-7.82
Madhya Pradesh,SIDHI,Amiliya(S)_1,2024-11,108,-10.04675925925926,-12.67,-8.9
Madhya Pradesh,SIDHI,Amiliya(S)_1,2024-12,93,-14.428064516129032,-15.19,-12.73
Madhya Pradesh,SIDHI,Amiliya(S)_1,2025-01,116,-16.07862068965517,-16.52,-15.22
Madhya Pradesh,SIDHI,Amiliya(S)_1,2025-02,83,-17.16132530120482,-17.57,-16.62
Madhya Pradesh,SIDHI,Amiliya(S)_1,2025-03,120,-17.885916666666667,-18.09,-17.57
Madhya Pradesh,SIDHI,Amiliya(S)_1,2025-04,81,-17.68111111111111,-17.79,-17.63
Madhya Pradesh,SIDHI,Amiliya(S)_1,2025-05,76,-18.023026315789473,-18.17,-17.77
Madhya Pradesh,SIDHI,Amiliya(S)_1,2025-06,102,-18.35450980392157,-18.6,-18.17
Madhya Pradesh,SIDHI,Amiliya(S)_1,2025-07,94,-14.600531914893617,-18.48,-10.64
Madhya Pradesh,SIDHI,Amiliya(S)_1,2025-08,85,-9.697294117647058,-10.71,-8.99
Madhya Pradesh,SIDHI,Amiliya(S)_1,2025-09,86,-10.047558139534884,-10.91,-7.89
Madhya Pradesh,SIDHI,Amiliya(S)_1,2025-10,104,-7.4586538461538465,-8.19,-6.93
Madhya Pradesh,SIDHI,Amiliya(S)_1,2025-11,48,-7.987291666666667,-8.62,-7.49
Madhya Pradesh,SIDHI,Amiliya(S)_1,2025-12,64,-11.0296875,-12.09,-9.05
Madhya Pradesh,SINGRAULI,Baragawan(S)_1,2023-10,31,-8.826129032258065,-8.91,-8.77
Madhya Pradesh,SINGRAULI,Baragawan(S)_1,2023-11,112,-8.835357142857143,-8.95,-8.77
Madhya Pradesh,SINGRAULI,Baragawan(S)_1,2023-12,120,-9.065249999999999,-9.19,-8.94
Madhya Pradesh,SINGRAULI,Baragawan(S)_1,2024-01,124,-9.351451612903226,-9.52,-9.18
Madhya Pradesh,SINGRAULI,Baragawan(S)_1,2024-02,112,-9.686428571428573,-9.84,-9.53
Madhya Pradesh,SINGRAULI,Baragawan(S)_1,2024-03,120,-10.022333333333334,-10.23,-9.84
Madhya Pradesh,SINGRAULI,Baragawan(S)_1,2024-04,108,-10.46675925925926,-10.66,-10.24
Madhya Pradesh,SINGRAULI,Baragawan(S)_1,2024-05,120,-10.891916666666667,-11.12,-10.67
Madhya Pradesh,SINGRAULI,Baragawan(S)_1,2024-06,112,-11.292232142857143,-11.43,-11.13
Madhya Pradesh,SINGRAULI,Baragawan(S)_1,2024-07,120,-11.328833333333334,-11.46,-11.13
Madhya Pradesh,SINGRAULI,Baragawan(S)_1,2024-08,108,-9.781944444444445,-11.13,-8.41
Madhya Pradesh,SINGRAULI,Baragawan(S)_1,2024-09,112,-7.218125,-8.4,-5.91
Madhya Pradesh,SINGRAULI,Baragawan(S)_1,2024-10,120,-5.85925,-6.15,-5.72
Madhya Pradesh,SINGRAULI,Baragawan(S)_1,2024-11,108,-6.580092592592592,-7.0,-6.16
Madhya Pradesh,SINGRAULI,Baragawan(S)_1,2024-12,97,-7.306907216494845,-7.63,-6.99
Madhya Pradesh,SINGRAULI,Baragawan(S)_1,2025-01,116,-8.00448275862069,-8.3,-7.74
Madhya Pradesh,SINGRAULI,Baragawan(S)_1,2025-02,87,-8.567701149425288,-8.84,-8.35
Madhya Pradesh,SINGRAULI,Baragawan(S)_1,2025-03,120,-9.128250000000001,-9.39,-8.83
Madhya Pradesh,SINGRAULI,Baragawan(S)_1,2025-04,97,-9.623092783505156,-9.86,-9.39
Madhya Pradesh,SINGRAULI,Baragawan(S)_1,2025-05,83,-10.170843373493977,-10.46,-9.88
Madhya Pradesh,SINGRAULI,Baragawan(S)_1,2025-06,90,-10.574666666666667,-10.63,-10.41
Madhya Pradesh,SINGRAULI,Baragawan(S)_1,2025-07,91,-10.133736263736264,-10.57,-9.17
Madhya Pradesh,SINGRAULI,Baragawan(S)_1,2025-08,90,-8.224777777777778,-9.16,-7.09
Madhya Pradesh,SINGRAULI,Baragawan(S)_1,2025-09,78,-6.47,-6.84,-6.31
Madhya Pradesh,SINGRAULI,Baragawan(S)_1,2025-10,101,-6.145643564356436,-6.34,-6.03
Madhya Pradesh,SINGRAULI,Baragawan(S)_1,2025-11,47,-6.400212765957447,-6.66,-6.17
Madhya Pradesh,SINGRAULI,Baragawan(S)_1,2025-12,73,-7.111232876712329,-7.35,-6.83
Madhya Pradesh,SINGRAULI,Deosar(S)_1,2023-10,39,-14.507435897435897,-14.51,-14.5
Madhya Pradesh,SINGRAULI,Deosar(S)_1,2023-11,112,-14.622053571428571,-15.57,-14.48
Madhya Pradesh,SINGRAULI,Deosar(S)_1,2023-12,120,-15.703333333333335,-15.79,-15.59
Madhya Pradesh,SINGRAULI,Deosar(S)_1,2024-01,124,-15.813870967741936,-15.85,-15.64
Madhya Pradesh,SINGRAULI,Deosar(S)_1,2024-02,112,-15.49,-15.64,-15.42
Madhya Pradesh,SINGRAULI,Deosar(S)_1,2024-03,124,-15.59725806451613,-15.78,-15.51
Madhya Pradesh,SINGRAULI,Deosar(S)_1,2024-04,112,-15.862410714285714,-16.21,-15.57
Madhya Pradesh,SINGRAULI,Deosar(S)_1,2024-05,116,-16.24353448275862,-16.26,-16.21
Madhya Pradesh,SINGRAULI,Deosar(S)_1,2024-06,112,-16.282678571428573,-16.31,-16.26
Madhya Pradesh,SINGRAULI,Deosar(S)_1,2024-07,124,-16.101451612903226,-16.32,-15.97
Madhya Pradesh,SINGRAULI,Deosar(S)_1,2024-08,104,-12.927596153846155,-15.97,-10.23
Madhya Pradesh,SINGRAULI,Deosar(S)_1,2024-09,108,-13.296851851851851,-14.09,-12.4
Madhya Pradesh,SINGRAULI,Deosar(S)_1,2024-10,116,-14.716465517241378,-15.26,-13.91
Madhya Pradesh,SINGRAULI,Deosar(S)_1,2024-11,108,-15.433240740740741,-15.64,-15.23
Madhya Pradesh,SINGRAULI,Deosar(S)_1,2024-12,93,-15.50268817204301,-15.69,-15.23
Madhya Pradesh,SINGRAULI,Deosar(S)_1,2025-01,116,-15.342068965517242,-15.46,-15.18
Madhya Pradesh,SINGRAULI,Deosar(S)_1,2025-02,87,-15.518160919540229,-15.58,-15.48
Madhya Pradesh,SINGRAULI,Deosar(S)_1,2025-03,116,-15.55646551724138,-15.62,-15.47
Madhya Pradesh,SINGRAULI,Deosar(S)_1,2025-04,89,-15.676516853932585,-15.87,-15.54
Madhya Pradesh,SINGRAULI,Deosar(S)_1,2025-05,84,-16.059404761904762,-16.14,-15.87
Madhya Pradesh,SINGRAULI,Deosar(S)_1,2025-06,97,-16.175979381443298,-16.23,-16.13
Madhya Pradesh,SINGRAULI,Deosar(S)_1,2025-07,95,-13.045473684210526,-16.12,-8.19
Madhya Pradesh,SINGRAULI,Deosar(S)_1,2025-08,93,-8.361935483870967,-8.72,-6.65
Madhya Pradesh,SINGRAULI,Deosar(S)_1,2025-09,73,-8.556712328767123,-9.08,-8.28
Madhya Pradesh,SINGRAULI,Deosar(S)_1,2025-10,96,-9.5415625,-9.97,-9.09
Madhya Pradesh,SINGRAULI,Deosar(S)_1,2025-11,60,-10.4795,-10.8,-9.98
Madhya Pradesh,SINGRAULI,Deosar(S)_1,2025-12,71,-11.253521126760564,-11.56,-10.9
Madhya Pradesh,TIKAMGARH,Ashtuan,2024-01,96,-0.8883645833333333,-1.238,-0.52
Madhya Pradesh,TIKAMGARH,Ashtuan,2024-02,116,-8.25456896551724,-9.24,-0.67
Madhya Pradesh,TIKAMGARH,Ashtuan,2024-03,124,-2.0706451612903227,-5.25,-0.22
Madhya Pradesh,TIKAMGARH,Ashtuan,2024-04,120,-2.7885,-8.88,0.0
Madhya Pradesh,TIKAMGARH,Ashtuan,2024-05,124,-0.33133870967741935,-0.828,-0.01
Madhya Pradesh,TIKAMGARH,Ashtuan,2024-06,120,-3.1073916666666666,-8.61,-0.52
Madhya Pradesh,TIKAMGARH,Ashtuan,2024-07,124,-6.965806451612903,-9.24,-0.32
Madhya Pradesh,TIKAMGARH,Ashtuan,2024-08,124,-0.4707258064516129,-1.75,0.0
Madhya Pradesh,TIKAMGARH,Ashtuan,2024-09,120,-2.8291666666666666,-8.88,-0.01
Madhya Pradesh,TIKAMGARH,Ashtuan,2024-10,124,-0.6196612903225805,-1.193,-0.02
Madhya Pradesh,TIKAMGARH,Ashtuan,2024-11,47,-1.603595744680851,-2.224,-1.145
Madhya Pradesh,TIKAMGARH,Ashtuan,2024-12,29,-2.7239310344827588,-3.128,-2.215
Madhya Pradesh,TIKAMGARH,Ashtuan,2025-01,39,-3.3979999999999997,-3.902,-3.121
Madhya Pradesh,TIKAMGARH,Ashtuan,2025-02,23,-5.013869565217392,-5.472,-4.144
Madhya Pradesh,TIKAMGARH,Ashtuan,2025-03,65,-6.203738461538461,-7.045,-5.413
Madhya Pradesh,TIKAMGARH,Ashtuan,2025-04,39,-7.736128205128205,-8.799,-6.949
Madhya Pradesh,TIKAMGARH,Ashtuan,2025-05,31,-8.789709677419355,-8.948,-8.732
Madhya Pradesh,TIKAMGARH,Ashtuan,2025-06,8,-8.780625,-8.825,-8.731
Madhya Pradesh,TIKAMGARH,Ashtuan,2025-07,31,-0.8243225806451614,-1.935,-0.525
Madhya Pradesh,TIKAMGARH,Ashtuan,2025-08,52,-0.763173076923077,-1.072,-0.52
Madhya Pradesh,TIKAMGARH,Ashtuan,2025-09,37,-0.9905945945945946,-1.348,-0.655
Madhya Pradesh,TIKAMGARH,Ashtuan,2025-10,62,-1.6123548387096773,-1.97,-1.263
Madhya Pradesh,TIKAMGARH,Ashtuan,2025-11,16,-2.1140625,-2.363,-1.949
Madhya Pradesh,TIKAMGARH,Badai Khera (Sarkanpur),2024-01,92,-9.665652173913044,-11.93,-8.11
Madhya Pradesh,TIKAMGARH,Badai Khera (Sarkanpur),2024-02,116,-4.344655172413793,-8.15,-2.81
Madhya Pradesh,TIKAMGARH,Badai Khera (Sarkanpur),2024-03,124,-1.630483870967742,-2.88,-1.13
Madhya Pradesh,TIKAMGARH,Badai Khera (Sarkanpur),2024-04,120,-2.632825,-3.823,-1.58
Madhya Pradesh,TIKAMGARH,Badai Khera (Sarkanpur),2024-05,124,-3.510838709677419,-3.966,-3.055
Madhya Pradesh,TIKAMGARH,Badai Khera (Sarkanpur),2024-06,120,-3.5191500000000002,-3.966,-3.055
Madhya Pradesh,TIKAMGARH,Badai Khera (Sarkanpur),2024-07,125,-3.5718,-8.74,-3.055
Madhya Pradesh,TIKAMGARH,Badai Khera (Sarkanpur),2024-08,124,-3.5074919354838707,-3.966,-3.055
Madhya Pradesh,TIKAMGARH,Badai Khera (Sarkanpur),2024-09,120,-3.5477,-3.966,-3.055
Madhya Pradesh,TIKAMGARH,Badai Khera (Sarkanpur),2024-10,124,-3.4874435483870965,-3.966,-3.055
Madhya Pradesh,TIKAMGARH,Badai Khera (Sarkanpur),2024-11,34,-4.923382352941177,-5.488,-4.309
Madhya Pradesh,TIKAMGARH,Badai Khera (Sarkanpur),2024-12,33,-5.76439393939394,-6.248,-5.104
Madhya Pradesh,TIKAMGARH,Badai Khera (Sarkanpur),2025-01,42,-6.331952380952381,-6.785,-6.092
Madhya Pradesh,TIKAMGARH,Badai Khera (Sarkanpur),2025-02,39,-7.068615384615384,-7.516,-6.907
Madhya Pradesh,TIKAMGARH,Badai Khera (Sarkanpur),2025-03,55,-8.21790909090909,-8.705,-7.579
Madhya Pradesh,TIKAMGARH,Badai Khera (Sarkanpur),2025-04,45,-9.233066666666666,-9.725,-8.699
Madhya Pradesh,TIKAMGARH,Badai Khera (Sarkanpur),2025-05,40,-9.990275,-10.423,-9.632
Madhya Pradesh,TIKAMGARH,Badai Khera (Sarkanpur),2025-06,48,-10.378979166666666,-10.661,-9.854
Madhya Pradesh,TIKAMGARH,Badai Khera (Sarkanpur),2025-07,47,-5.826,-9.805,-3.073
Madhya Pradesh,TIKAMGARH,Badai Khera (Sarkanpur),2025-08,48,-3.6879791666666666,-4.081,-3.177
Madhya Pradesh,TIKAMGARH,Badai Khera (Sarkanpur),2025-09,43,-4.051023255813953,-4.614,-3.725
Madhya Pradesh,TIKAMGARH,Badai Khera (Sarkanpur),2025-10,60,-5.4029,-6.175,-4.635
Madhya Pradesh,TIKAMGARH,Badai Khera (Sarkanpur),2025-11,12,-6.2869166666666665,-6.409,-6.183
Madhya Pradesh,TIKAMGARH,Banapura  Buzurg,2024-01,96,-10.979375,-11.74,-10.69
Madhya Pradesh,TIKAMGARH,Banapura  Buzurg,2024-02,116,-7.989301724137931,-11.69,-3.249
Madhya Pradesh,TIKAMGARH,Banapura  Buzurg,2024-03,124,-3.8560725806451615,-4.374,-3.226
Madhya Pradesh,TIKAMGARH,Banapura  Buzurg,2024-04,120,-4.157275,-4.374,-4.003
Madhya Pradesh,TIKAMGARH,Banapura  Buzurg,2024-05,124,-4.157258064516129,-4.374,-4.003
Madhya Pradesh,TIKAMGARH,Banapura  Buzurg,2024-06,120,-4.155975,-4.374,-4.003
Madhya Pradesh,TIKAMGARH,Banapura  Buzurg,2024-07,124,-4.159887096774193,-4.374,-4.003
Madhya Pradesh,TIKAMGARH,Banapura  Buzurg,2024-08,124,-4.1573145161290315,-4.374,-4.003
Madhya Pradesh,TIKAMGARH,Banapura  Buzurg,2024-09,120,-4.158283333333333,-4.374,-4.003
Madhya Pradesh,TIKAMGARH,Banapura  Buzurg,2024-10,124,-4.154451612903226,-4.374,-4.003
Madhya Pradesh,TIKAMGARH,Banapura  Buzurg,2024-12,6,-7.636166666666667,-7.77,-7.498
Madhya Pradesh,TIKAMGARH,Banapura  Buzurg,2025-01,1,-10.752,-10.752,-10.752
Madhya Pradesh,TIKAMGARH,Banapura  Buzurg,2025-02,43,-11.170837209302325,-12.175,-10.425
Madhya Pradesh,TIKAMGARH,Banapura  Buzurg,2025-03,68,-11.147441176470588,-12.706,-8.093
Madhya Pradesh,TIKAMGARH,Banapura  Buzurg,2025-04,43,-12.146511627906976,-13.008,-11.643
Madhya Pradesh,TIKAMGARH,Banapura  Buzurg,2025-05,39,-13.278923076923078,-14.045,-12.508
Madhya Pradesh,TIKAMGARH,Banapura  Buzurg,2025-06,52,-12.777557692307692,-14.105,-9.346
Madhya Pradesh,TIKAMGARH,Banapura  Buzurg,2025-07,47,-4.414404255319149,-9.074,-2.56
Madhya Pradesh,TIKAMGARH,Banapura  Buzurg,2025-08,52,-3.4654423076923075,-3.988,-2.752
Madhya Pradesh,TIKAMGARH,Banapura  Buzurg,2025-09,25,-3.2759199999999997,-3.623,-3.034
Madhya Pradesh,TIKAMGARH,Banapura  Buzurg,2025-10,19,-3.486157894736842,-3.69,-3.287
Madhya Pradesh,TIKAMGARH,Digaura_1,2024-01,96,-11.008333333333333,-11.47,-10.4
Madhya Pradesh,TIKAMGARH,Digaura_1,2024-02,116,-11.855344827586206,-12.21,-11.48
Madhya Pradesh,TIKAMGARH,Digaura_1,2024-03,124,-12.65709677419355,-13.02,-12.22
Madhya Pradesh,TIKAMGARH,Digaura_1,2024-04,120,-11.025516666666666,-13.89,-5.168
Madhya Pradesh,TIKAMGARH,Digaura_1,2024-05,124,-4.228556451612904,-5.581,-2.802
Madhya Pradesh,TIKAMGARH,Digaura_1,2024-06,120,-3.4915083333333334,-4.227,-2.825
Madhya Pradesh,TIKAMGARH,Digaura_1,2024-07,125,-4.581327999999999,-13.83,-4.005
Madhya Pradesh,TIKAMGARH,Digaura_1,2024-08,124,-4.507233870967743,-4.99,-4.005
Madhya Pradesh,TIKAMGARH,Digaura_1,2024-09,120,-4.505133333333333,-4.99,-4.005
Madhya Pradesh,TIKAMGARH,Digaura_1,2024-10,124,-4.495387096774193,-4.99,-4.005
Madhya Pradesh,TIKAMGARH,Digaura_1,2024-11,44,-5.939568181818182,-7.102,-4.805
Madhya Pradesh,TIKAMGARH,Digaura_1,2024-12,29,-7.862103448275862,-8.461,-7.123
Madhya Pradesh,TIKAMGARH,Digaura_1,2025-01,58,-9.507275862068965,-10.2,-8.8
Madhya Pradesh,TIKAMGARH,Digaura_1,2025-02,25,-11.28016,-11.784,-10.388
Madhya Pradesh,TIKAMGARH,Digaura_1,2025-03,68,-12.695029411764706,-13.538,-11.789
Madhya Pradesh,TIKAMGARH,Digaura_1,2025-04,50,-14.15202,-14.821,-13.551
Madhya Pradesh,TIKAMGARH,Digaura_1,2025-05,54,-15.59737037037037,-16.061,-14.839
Madhya Pradesh,TIKAMGARH,Digaura_1,2025-06,33,-16.43118181818182,-16.739,-16.069
Madhya Pradesh,TIKAMGARH,Digaura_1,2025-07,33,-7.686030303030304,-11.454,-6.629
Madhya Pradesh,TIKAMGARH,Digaura_1,2025-08,41,-7.749292682926829,-8.8,-7.07
Madhya Pradesh,TIKAMGARH,Digaura_1,2025-09,43,-9.320441860465117,-10.51,-8.754
Madhya Pradesh,TIKAMGARH,Digaura_1,2025-10,60,-11.41035,-12.373,-10.513
Madhya Pradesh,TIKAMGARH,Digaura_1,2025-11,13,-12.733461538461539,-13.304,-12.372
Madhya Pradesh,TIKAMGARH,Hatta_3,2024-01,92,-5.859239130434782,-6.01,-5.5
Madhya Pradesh,TIKAMGARH,Hatta_3,2024-02,116,-3.829310344827586,-6.13,-1.67
Madhya Pradesh,TIKAMGARH,Hatta_3,2024-03,126,-1.2232539682539683,-5.8,-0.91
Madhya Pradesh,TIKAMGARH,Hatta_3,2024-04,120,-1.3363333333333332,-2.03,-0.94
Madhya Pradesh,TIKAMGARH,Hatta_3,2024-05,124,-1.9481451612903224,-2.5,-1.23
Madhya Pradesh,TIKAMGARH,Hatta_3,2024-06,120,-2.4909166666666667,-2.85,-2.07
Madhya Pradesh,TIKAMGARH,Hatta_3,2024-07,124,-2.4919354838709675,-2.85,-2.07
Madhya Pradesh,TIKAMGARH,Hatta_3,2024-08,124,-2.4927419354838714,-2.85,-2.07
Madhya Pradesh,TIKAMGARH,Hatta_3,2024-09,120,-2.4909166666666667,-2.85,-2.07
Madhya Pradesh,TIKAMGARH,Hatta_3,2024-10,124,-2.493709677419355,-2.85,-2.07
Madhya Pradesh,TIKAMGARH,Hatta_3,2024-11,69,-3.1746376811594206,-3.78,-2.78
Madhya Pradesh,TIKAMGARH,Hatta_3,2024-12,22,-4.3978636363636365,-4.543,-4.157
Madhya Pradesh,TIKAMGARH,Hatta_3,2025-01,40,-4.494625,-4.835,-1.965
Madhya Pradesh,TIKAMGARH,Hatta_3,2025-02,23,3.7449130434782605,2.855,3.904
Madhya Pradesh,TIKAMGARH,Hatta_3,2025-03,70,3.9060285714285716,3.861,3.967
Madhya Pradesh,TIKAMGARH,Hatta_3,2025-04,48,3.9482083333333335,3.895,4.008
Madhya Pradesh,TIKAMGARH,Hatta_3,2025-05,56,2.3732499999999996,1.042,3.979
Madhya Pradesh,TIKAMGARH,Hatta_3,2025-06,35,1.9362285714285714,1.438,2.616
Madhya Pradesh,TIKAMGARH,Hatta_3,2025-07,33,-0.3730909090909091,-0.532,-0.295
Madhya Pradesh,TIKAMGARH,Hatta_3,2025-08,54,-1.0951296296296296,-1.581,-0.364
Madhya Pradesh,TIKAMGARH,Hatta_3,2025-09,43,-0.8327441860465116,-1.578,-0.429
Madhya Pradesh,TIKAMGARH,Hatta_3,2025-10,56,-1.5241785714285714,-2.075,-0.666
Madhya Pradesh,TIKAMGARH,Hatta_3,2025-11,10,-2.1632,-2.259,-2.076
Madhya Pradesh,UJJAIN,Ambodia Npz_1,2023-05,23,-6.493913043478261,-6.7,-6.35
Madhya Pradesh,UJJAIN,Ambodia Npz_1,2023-06,80,-6.20375,-6.52,-5.36
Madhya Pradesh,UJJAIN,Ambodia Npz_1,2023-07,124,-3.48258064516129,-5.61,1.0
Madhya Pradesh,UJJAIN,Ambodia Npz_1,2023-08,124,-2.295483870967742,-2.66,-1.48
Madhya Pradesh,UJJAIN,Ambodia Npz_1,2023-09,108,-2.040185185185185,-3.49,-1.17
Madhya Pradesh,UJJAIN,Ambodia Npz_1,2023-10,112,-2.646785714285714,-3.28,-2.21
Madhya Pradesh,UJJAIN,Ambodia Npz_1,2023-11,112,-4.017053571428572,-4.92,-3.29
Madhya Pradesh,UJJAIN,Ambodia Npz_1,2023-12,120,-4.485333333333333,-5.33,-3.82
Madhya Pradesh,UJJAIN,Ambodia Npz_1,2024-01,124,-5.433709677419355,-5.74,-5.1
Madhya Pradesh,UJJAIN,Ambodia Npz_1,2024-02,112,-5.807499999999999,-6.23,-5.4
Madhya Pradesh,UJJAIN,Ambodia Npz_1,2024-03,120,-5.5248333333333335,-5.89,1.0
Madhya Pradesh,UJJAIN,Ambodia Npz_1,2024-04,112,-5.352232142857143,-5.7,-4.98
Madhya Pradesh,UJJAIN,Ambodia Npz_1,2024-05,108,-5.254814814814814,-5.55,-5.03
Madhya Pradesh,UJJAIN,Ambodia Npz_1,2024-06,116,-5.177931034482759,-5.64,-4.47
Madhya Pradesh,UJJAIN,Ambodia Npz_1,2024-07,116,-4.534137931034483,-4.85,-3.54
Madhya Pradesh,UJJAIN,Ambodia Npz_1,2024-08,104,-3.1275,-3.7,-2.13
Madhya Pradesh,UJJAIN,Ambodia Npz_1,2024-09,112,-2.2084821428571426,-2.59,-1.62
Madhya Pradesh,UJJAIN,Ambodia Npz_1,2024-10,116,-2.3168965517241378,-2.6,-1.93
Madhya Pradesh,UJJAIN,Ambodia Npz_1,2024-11,112,-3.152232142857143,-3.76,-2.59
Madhya Pradesh,UJJAIN,Ambodia Npz_1,2024-12,97,-4.368144329896907,-5.0,-3.68
Madhya Pradesh,UJJAIN,Ambodia Npz_1,2025-01,116,-5.212586206896551,-6.17,-4.41
Madhya Pradesh,UJJAIN,Ambodia Npz_1,2025-02,87,-5.864252873563219,-6.29,-4.68
Madhya Pradesh,UJJAIN,Ambodia Npz_1,2025-03,120,-6.101416666666666,-6.4,1.0
Madhya Pradesh,UJJAIN,Ambodia Npz_1,2025-04,78,-6.154487179487179,-6.5,-5.85
Madhya Pradesh,UJJAIN,Ambodia Npz_1,2025-05,83,-5.356385542168675,-6.4,-4.97
Madhya Pradesh,UJJAIN,Ambodia Npz_1,2025-06,101,-5.517227722772278,-6.26,-4.38
Madhya Pradesh,UJJAIN,Ambodia Npz_1,2025-07,98,-3.6820408163265306,-4.62,-2.79
Madhya Pradesh,UJJAIN,Ambodia Npz_1,2025-08,92,-2.620217391304348,-3.15,-1.72
Madhya Pradesh,UJJAIN,Ambodia Npz_1,2025-09,73,-1.652876712328767,-1.94,-1.23
Madhya Pradesh,UJJAIN,Ambodia Npz_1,2025-10,96,-2.0823958333333334,-2.32,-1.81
Madhya Pradesh,UJJAIN,Ambodia Npz_1,2025-11,68,-2.8730882352941176,-4.49,-2.15
Madhya Pradesh,UJJAIN,Ambodia Npz_1,2025-12,75,-5.8049333333333335,-6.73,-4.78
Madhya Pradesh,UJJAIN,Badnagar Npz_1,2023-10,10,-10.991,-11.11,-10.88
Madhya Pradesh,UJJAIN,Badnagar Npz_1,2023-11,112,-11.144732142857142,-11.15,-11.13
Madhya Pradesh,UJJAIN,Badnagar Npz_1,2023-12,120,-11.148833333333334,-11.15,-11.14
Madhya Pradesh,UJJAIN,Badnagar Npz_1,2024-01,124,-11.15,-11.15,-11.15
Madhya Pradesh,UJJAIN,Badnagar Npz_1,2024-02,112,-11.15,-11.15,-11.15
Madhya Pradesh,UJJAIN,Badnagar Npz_1,2024-03,120,-11.15,-11.15,-11.15
Madhya Pradesh,UJJAIN,Badnagar Npz_1,2024-04,112,-11.151607142857143,-11.16,-11.15
Madhya Pradesh,UJJAIN,Badnagar Npz_1,2024-05,104,-11.158269230769232,-11.16,-11.15
Madhya Pradesh,UJJAIN,Badnagar Npz_1,2024-06,116,-11.16,-11.16,-11.16
Madhya Pradesh,UJJAIN,Badnagar Npz_1,2024-07,116,-11.161896551724137,-11.17,-11.16
Madhya Pradesh,UJJAIN,Badnagar Npz_1,2024-08,104,-10.791923076923077,-11.17,-9.64
Madhya Pradesh,UJJAIN,Badnagar Npz_1,2024-09,108,-8.563703703703704,-9.61,-8.0
Madhya Pradesh,UJJAIN,Badnagar Npz_1,2024-10,116,-8.259655172413794,-9.38,-7.83
Madhya Pradesh,UJJAIN,Badnagar Npz_1,2024-11,105,-10.760190476190475,-11.18,-9.41
Madhya Pradesh,UJJAIN,Badnagar Npz_1,2024-12,88,-11.031931818181818,-11.18,1.0
Madhya Pradesh,UJJAIN,Badnagar Npz_1,2025-01,116,-11.176465517241379,-11.18,-11.17
Madhya Pradesh,UJJAIN,Badnagar Npz_1,2025-02,87,-11.179540229885058,-11.18,-11.17
Madhya Pradesh,UJJAIN,Badnagar Npz_1,2025-03,120,-11.18,-11.18,-11.18
Madhya Pradesh,UJJAIN,Badnagar Npz_1,2025-04,105,-11.181523809523808,-11.19,-11.18
Madhya Pradesh,UJJAIN,Badnagar Npz_1,2025-05,88,-11.179545454545455,-11.19,-11.17
Madhya Pradesh,UJJAIN,Badnagar Npz_1,2025-06,101,-11.17980198019802,-11.18,-11.17
Madhya Pradesh,UJJAIN,Badnagar Npz_1,2025-07,94,-11.029893617021276,-11.18,-10.08
Madhya Pradesh,UJJAIN,Badnagar Npz_1,2025-08,93,-9.16763440860215,-10.05,-8.56
Madhya Pradesh,UJJAIN,Badnagar Npz_1,2025-09,59,-7.632881355932203,-8.41,1.0
Madhya Pradesh,UJJAIN,Badnagar Npz_1,2025-10,108,1.0,1.0,1.0
Madhya Pradesh,UJJAIN,Badnagar Npz_1,2025-11,54,1.0,1.0,1.0
Madhya Pradesh,UJJAIN,Badnagar Npz_1,2025-12,96,1.0,1.0,1.0
Madhya Pradesh,UJJAIN,Chibdi,2023-10,90,-4.394222222222222,-6.04,-3.76
Madhya Pradesh,UJJAIN,Chibdi,2023-11,112,-6.944910714285714,-8.6,-5.57
Madhya Pradesh,UJJAIN,Chibdi,2023-12,120,-7.764666666666667,-10.18,-6.49
Madhya Pradesh,UJJAIN,Chibdi,2024-01,124,-11.50725806451613,-12.4,-9.63
Madhya Pradesh,UJJAIN,Chibdi,2024-02,112,-12.399196428571429,-12.41,-12.39
Madhya Pradesh,UJJAIN,Chibdi,2024-03,124,-12.408306451612905,-12.41,-12.4
Madhya Pradesh,UJJAIN,Chibdi,2024-04,112,-12.410267857142857,-12.42,-12.41
Madhya Pradesh,UJJAIN,Chibdi,2024-05,108,-12.418148148148148,-12.42,-12.41
Madhya Pradesh,UJJAIN,Chibdi,2024-06,116,-12.420775862068965,-12.43,-12.42
Madhya Pradesh,UJJAIN,Chibdi,2024-07,120,-12.355500000000001,-12.43,-11.0
Madhya Pradesh,UJJAIN,Chibdi,2024-08,108,-8.671574074074075,-10.86,-5.35
Madhya Pradesh,UJJAIN,Chibdi,2024-09,104,-4.6222115384615385,-5.37,-3.83
Madhya Pradesh,UJJAIN,Chibdi,2024-10,116,-4.115862068965518,-4.66,-3.78
Madhya Pradesh,UJJAIN,Chibdi,2024-11,108,-6.554166666666667,-8.8,-4.39
Madhya Pradesh,UJJAIN,Chibdi,2024-12,97,-10.107010309278351,-12.46,-7.97
Madhya Pradesh,UJJAIN,Chibdi,2025-01,112,-12.477857142857143,-12.52,-12.46
Madhya Pradesh,UJJAIN,Chibdi,2025-02,87,-12.481724137931035,-12.51,-12.47
Madhya Pradesh,UJJAIN,Chibdi,2025-03,120,-12.4855,-12.52,-12.47
Madhya Pradesh,UJJAIN,Chibdi,2025-04,89,-12.495842696629214,-12.52,-12.48
Madhya Pradesh,UJJAIN,Chibdi,2025-05,88,-12.481363636363637,-12.49,-12.47
Madhya Pradesh,UJJAIN,Chibdi,2025-06,101,-12.481386138613862,-12.49,-12.47
Madhya Pradesh,UJJAIN,Chibdi,2025-07,98,-12.48591836734694,-12.49,-12.48
Madhya Pradesh,UJJAIN,Chibdi,2025-08,92,-12.489999999999998,-12.49,-12.49
Madhya Pradesh,UJJAIN,Chibdi,2025-09,80,-9.19025,-12.49,-5.16
Madhya Pradesh,UJJAIN,Chibdi,2025-10,92,-5.935434782608695,-8.01,-5.08
Madhya Pradesh,UJJAIN,Chibdi,2025-11,58,-7.774655172413794,-9.46,-6.1
Madhya Pradesh,UJJAIN,Chibdi,2025-12,78,-12.051923076923076,-12.53,-9.92
Madhya Pradesh,UJJAIN,Dhanodiya,2023-10,18,-3.586111111111111,-4.29,-3.08
Madhya Pradesh,UJJAIN,Dhanodiya,2023-11,112,-5.927589285714285,-6.19,-4.17
Madhya Pradesh,UJJAIN,Dhanodiya,2023-12,116,-6.19,-6.19,-6.19
Madhya Pradesh,UJJAIN,Dhanodiya,2024-01,124,-6.190241935483871,-6.2,-6.19
Madhya Pradesh,UJJAIN,Dhanodiya,2024-02,108,-6.195462962962963,-6.2,-6.19
Madhya Pradesh,UJJAIN,Dhanodiya,2024-03,124,-6.2,-6.2,-6.2
Madhya Pradesh,UJJAIN,Dhanodiya,2024-04,112,-6.200446428571429,-6.21,-6.2
Madhya Pradesh,UJJAIN,Dhanodiya,2024-05,116,-6.20698275862069,-6.21,-6.2
Madhya Pradesh,UJJAIN,Dhanodiya,2024-06,110,-6.342363636363636,-7.33,-6.21
Madhya Pradesh,UJJAIN,Dhanodiya,2024-07,124,-6.460806451612903,-7.34,-1.82
Madhya Pradesh,UJJAIN,Dhanodiya,2024-08,104,-1.8050961538461539,-2.76,-1.41
Madhya Pradesh,UJJAIN,Dhanodiya,2024-09,112,-1.698392857142857,-2.64,-1.31
Madhya Pradesh,UJJAIN,Dhanodiya,2024-10,116,-2.112241379310345,-3.05,-1.37
Madhya Pradesh,UJJAIN,Dhanodiya,2024-11,112,-4.945892857142857,-7.35,-2.87
Madhya Pradesh,UJJAIN,Dhanodiya,2024-12,93,-7.2844086021505365,-7.36,-6.81
Madhya Pradesh,UJJAIN,Dhanodiya,2025-01,116,-7.350086206896552,-7.36,-7.35
Madhya Pradesh,UJJAIN,Dhanodiya,2025-02,87,-7.354137931034482,-7.36,-7.35
Madhya Pradesh,UJJAIN,Dhanodiya,2025-03,116,-7.359310344827587,-7.36,-7.35
Madhya Pradesh,UJJAIN,Dhanodiya,2025-04,108,-7.36,-7.36,-7.36
Madhya Pradesh,UJJAIN,Dhanodiya,2025-05,84,-7.3672619047619055,-7.37,-7.36
Madhya Pradesh,UJJAIN,Dhanodiya,2025-06,105,-7.37,-7.37,-7.37
Madhya Pradesh,UJJAIN,Dhanodiya,2025-07,94,-6.698829787234043,-7.37,-3.12
Madhya Pradesh,UJJAIN,Dhanodiya,2025-08,93,-2.9535483870967743,-3.86,-1.46
Madhya Pradesh,UJJAIN,Dhanodiya,2025-09,81,-1.5760493827160493,-2.31,-1.31
Madhya Pradesh,UJJAIN,Dhanodiya,2025-10,102,-2.993137254901961,-4.31,-2.19
Madhya Pradesh,UJJAIN,Dhanodiya,2025-11,57,-6.109824561403508,-7.43,-3.96
Madhya Pradesh,UJJAIN,Dhanodiya,2025-12,70,-7.382714285714285,-7.39,-7.38
Madhya Pradesh,UJJAIN,Gogapur Npz_1,2023-05,24,-6.905833333333334,-7.03,-6.66
Madhya Pradesh,UJJAIN,Gogapur Npz_1,2023-06,80,-6.661499999999999,-6.86,-6.38
Madhya Pradesh,UJJAIN,Gogapur Npz_1,2023-07,120,-3.35525,-6.37,-0.29
Madhya Pradesh,UJJAIN,Gogapur Npz_1,2023-08,124,-2.242903225806452,-3.16,-1.04
Madhya Pradesh,UJJAIN,Gogapur Npz_1,2023-09,108,-1.4906481481481482,-3.46,-0.24
Madhya Pradesh,UJJAIN,Gogapur Npz_1,2023-10,112,-2.816696428571429,-3.83,-1.51
Madhya Pradesh,UJJAIN,Gogapur Npz_1,2023-11,112,-4.31875,-4.69,-3.83
Madhya Pradesh,UJJAIN,Gogapur Npz_1,2023-12,112,-4.454196428571429,-4.76,-4.23
Madhya Pradesh,UJJAIN,Gogapur Npz_1,2024-01,124,-4.919596774193548,-5.18,-4.75
Madhya Pradesh,UJJAIN,Gogapur Npz_1,2024-02,112,-5.355714285714286,-5.56,-5.17
Madhya Pradesh,UJJAIN,Gogapur Npz_1,2024-03,124,-5.775322580645161,-6.0,-5.56
Madhya Pradesh,UJJAIN,Gogapur Npz_1,2024-04,112,-5.998928571428571,-6.13,-5.85
Madhya Pradesh,UJJAIN,Gogapur Npz_1,2024-05,100,-6.3602,-6.57,-6.09
Madhya Pradesh,UJJAIN,Gogapur Npz_1,2024-06,116,-6.328534482758621,-6.62,-5.65
Madhya Pradesh,UJJAIN,Gogapur Npz_1,2024-07,120,-5.112416666666666,-5.59,-3.17
Madhya Pradesh,UJJAIN,Gogapur Npz_1,2024-08,112,-2.066785714285714,-3.14,-0.47
Madhya Pradesh,UJJAIN,Gogapur Npz_1,2024-09,112,-1.5404464285714285,-2.49,-0.52
Madhya Pradesh,UJJAIN,Gogapur Npz_1,2024-10,116,-2.8008620689655173,-3.53,-2.09
Madhya Pradesh,UJJAIN,Gogapur Npz_1,2024-11,112,-4.1415178571428575,-4.66,-3.52
Madhya Pradesh,UJJAIN,Gogapur Npz_1,2024-12,97,-4.864639175257732,-5.06,-4.65
Madhya Pradesh,UJJAIN,Gogapur Npz_1,2025-01,116,-5.258706896551724,-5.46,-5.1
Madhya Pradesh,UJJAIN,Gogapur Npz_1,2025-02,87,-5.651149425287356,-5.84,-5.48
Madhya Pradesh,UJJAIN,Gogapur Npz_1,2025-03,120,-5.99925,-6.18,-5.83
Madhya Pradesh,UJJAIN,Gogapur Npz_1,2025-04,93,-6.363978494623656,-6.59,-6.18
Madhya Pradesh,UJJAIN,Gogapur Npz_1,2025-05,88,-5.748977272727273,-6.62,-5.13
Madhya Pradesh,UJJAIN,Gogapur Npz_1,2025-06,101,-5.084554455445544,-5.8,-3.47
Madhya Pradesh,UJJAIN,Gogapur Npz_1,2025-07,98,-2.6953061224489794,-3.63,-1.2
Madhya Pradesh,UJJAIN,Gogapur Npz_1,2025-08,93,-1.7873118279569893,-2.37,-1.31
Madhya Pradesh,UJJAIN,Gogapur Npz_1,2025-09,77,-1.2490909090909093,-2.0,-0.41
Madhya Pradesh,UJJAIN,Gogapur Npz_1,2025-10,101,-2.654158415841584,-3.31,-1.79
Madhya Pradesh,UJJAIN,Gogapur Npz_1,2025-11,58,-3.0348275862068967,-3.43,-2.52
Madhya Pradesh,UJJAIN,Gogapur Npz_1,2025-12,70,-3.9811428571428573,-4.36,-3.53
Madhya Pradesh,UJJAIN,Hasmpura Npz,2023-05,22,-49.98863636363637,-50.0,-49.98
Madhya Pradesh,UJJAIN,Hasmpura Npz,2023-06,80,-49.948875,-49.98,-49.93
Madhya Pradesh,UJJAIN,Hasmpura Npz,2023-07,120,-49.786833333333334,-49.96,-49.2
Madhya Pradesh,UJJAIN,Hasmpura Npz,2023-08,124,-24.72201612903226,-49.39,-14.56
Madhya Pradesh,UJJAIN,Hasmpura Npz,2023-09,108,-13.388518518518518,-18.3,-11.34
Madhya Pradesh,UJJAIN,Hasmpura Npz,2023-10,109,-15.7551376146789,-19.99,-11.74
Madhya Pradesh,UJJAIN,Hasmpura Npz,2023-11,112,-27.983125,-36.06,-20.1
Madhya Pradesh,UJJAIN,Hasmpura Npz,2023-12,116,-38.55456896551724,-43.78,-32.7
Madhya Pradesh,UJJAIN,Hasmpura Npz,2024-01,124,-43.84540322580645,-44.84,-43.42
Madhya Pradesh,UJJAIN,Hasmpura Npz,2024-02,112,-45.724642857142854,-47.47,-43.76
Madhya Pradesh,UJJAIN,Hasmpura Npz,2024-03,124,-48.75838709677419,-49.52,-47.5
Madhya Pradesh,UJJAIN,Hasmpura Npz,2024-04,112,-49.86017857142857,-49.94,-49.5
Madhya Pradesh,UJJAIN,Hasmpura Npz,2024-05,108,-49.469907407407405,-49.95,1.0
Madhya Pradesh,UJJAIN,Hasmpura Npz,2024-06,116,-49.94801724137931,-49.95,-49.94
Madhya Pradesh,UJJAIN,Hasmpura Npz,2024-07,124,-49.924274193548385,-49.94,-49.88
Madhya Pradesh,UJJAIN,Hasmpura Npz,2024-08,104,-37.059423076923075,-49.88,-16.27
Madhya Pradesh,UJJAIN,Hasmpura Npz,2024-09,112,-14.451160714285715,-16.17,-12.92
Madhya Pradesh,UJJAIN,Hasmpura Npz,2024-10,116,-12.687758620689655,-13.59,-12.08
Madhya Pradesh,UJJAIN,Hasmpura Npz,2024-11,112,-15.147857142857143,-17.48,-13.07
Madhya Pradesh,UJJAIN,Hasmpura Npz,2024-12,101,-21.230891089108912,-28.01,-15.41
Madhya Pradesh,UJJAIN,Hasmpura Npz,2025-01,116,-37.779310344827586,-43.85,-30.38
Madhya Pradesh,UJJAIN,Hasmpura Npz,2025-02,87,-45.68482758620689,-47.03,-44.37
Madhya Pradesh,UJJAIN,Hasmpura Npz,2025-03,120,-48.23616666666667,-49.45,-47.05
Madhya Pradesh,UJJAIN,Hasmpura Npz,2025-04,100,-50.117200000000004,-50.59,-49.46
Madhya Pradesh,UJJAIN,Hasmpura Npz,2025-05,88,-50.61284090909091,-50.63,-50.59
Madhya Pradesh,UJJAIN,Hasmpura Npz,2025-06,101,-50.651287128712866,-50.67,-50.63
Madhya Pradesh,UJJAIN,Hasmpura Npz,2025-07,98,-50.59224489795918,-50.7,-49.47
Madhya Pradesh,UJJAIN,Hasmpura Npz,2025-08,85,-42.743764705882356,-49.38,-34.89
Madhya Pradesh,UJJAIN,Hasmpura Npz,2025-09,78,-19.659358974358977,-32.07,-13.73
Madhya Pradesh,UJJAIN,Hasmpura Npz,2025-11,5,1.0,1.0,1.0
Madhya Pradesh,UJJAIN,Ingoria Npz_1,2023-05,28,-18.93035714285714,-19.1,-18.8
Madhya Pradesh,UJJAIN,Ingoria Npz_1,2023-06,120,-18.98275,-19.64,-17.68
Madhya Pradesh,UJJAIN,Ingoria Npz_1,2023-07,124,-11.697177419354839,-17.51,-5.77
Madhya Pradesh,UJJAIN,Ingoria Npz_1,2023-08,124,-4.134274193548387,-5.79,-3.76
Madhya Pradesh,UJJAIN,Ingoria Npz_1,2023-09,120,-3.5036666666666667,-4.67,-2.41
Madhya Pradesh,UJJAIN,Ingoria Npz_1,2023-10,124,-3.2374193548387096,-4.23,-2.41
Madhya Pradesh,UJJAIN,Ingoria Npz_1,2023-11,121,-3.6543801652892562,-5.61,-2.41
Madhya Pradesh,UJJAIN,Ingoria Npz_1,2023-12,124,-5.978629032258064,-7.7,-4.57
Madhya Pradesh,UJJAIN,Ingoria Npz_1,2024-01,124,-8.663709677419355,-10.69,-7.47
Madhya Pradesh,UJJAIN,Ingoria Npz_1,2024-02,116,-12.67594827586207,-14.45,1.0
Madhya Pradesh,UJJAIN,Ingoria Npz_1,2024-03,124,-15.958225806451612,-17.71,-14.47
Madhya Pradesh,UJJAIN,Ingoria Npz_1,2024-04,120,-18.243333333333332,-18.48,-17.45
Madhya Pradesh,UJJAIN,Ingoria Npz_1,2024-05,124,-18.521129032258063,-18.76,-18.2
Madhya Pradesh,UJJAIN,Ingoria Npz_1,2024-06,120,-18.684,-19.02,-17.26
Madhya Pradesh,UJJAIN,Ingoria Npz_1,2024-07,124,-15.381290322580645,-17.19,-12.13
Madhya Pradesh,UJJAIN,Ingoria Npz_1,2024-08,124,-8.256532258064517,-12.1,-5.25
Madhya Pradesh,UJJAIN,Ingoria Npz_1,2024-09,45,-4.67,-5.52,-4.03
Madhya Pradesh,VIDISHA,Ganjbasoda( D),2023-04,20,-13.0335,-16.72,-10.89
Madhya Pradesh,VIDISHA,Ganjbasoda( D),2023-05,115,-13.087739130434782,-19.53,-10.53
Madhya Pradesh,VIDISHA,Ganjbasoda( D),2023-06,80,-12.919749999999999,-19.93,-9.04
Madhya Pradesh,VIDISHA,Ganjbasoda( D),2023-07,120,-7.795,-11.6,-4.54
Madhya Pradesh,VIDISHA,Ganjbasoda( D),2023-08,124,-5.137822580645161,-7.01,-3.52
Madhya Pradesh,VIDISHA,Ganjbasoda( D),2023-09,108,-5.944629629629629,-9.68,-4.69
Madhya Pradesh,VIDISHA,Ganjbasoda( D),2023-10,112,-7.076607142857143,-10.14,-5.5
Madhya Pradesh,VIDISHA,Ganjbasoda( D),2023-11,112,-8.585267857142856,-11.2,-6.75
Madhya Pradesh,VIDISHA,Ganjbasoda( D),2023-12,120,-9.159249999999998,-11.96,-7.67
Madhya Pradesh,VIDISHA,Ganjbasoda( D),2024-01,124,-10.519677419354839,-13.39,-8.88
Madhya Pradesh,VIDISHA,Ganjbasoda( D),2024-02,112,-12.181785714285713,-16.61,-10.16
Madhya Pradesh,VIDISHA,Ganjbasoda( D),2024-03,124,-13.399274193548386,-19.08,-11.35
Madhya Pradesh,VIDISHA,Ganjbasoda( D),2024-04,108,-14.343796296296297,-19.54,-12.28
Madhya Pradesh,VIDISHA,Ganjbasoda( D),2024-05,116,-15.545086206896553,-23.13,-12.84
Madhya Pradesh,VIDISHA,Ganjbasoda( D),2024-06,116,-15.97051724137931,-23.17,-12.84
Madhya Pradesh,VIDISHA,Ganjbasoda( D),2024-07,120,-11.9775,-17.88,-8.46
Madhya Pradesh,VIDISHA,Ganjbasoda( D),2024-08,100,-5.544,-10.08,-3.79
Madhya Pradesh,VIDISHA,Ganjbasoda( D),2024-09,108,-4.8032407407407405,-7.06,-3.43
Madhya Pradesh,VIDISHA,Ganjbasoda( D),2024-10,116,-6.403275862068965,-10.19,-4.61
Madhya Pradesh,VIDISHA,Ganjbasoda( D),2024-11,104,-7.730288461538462,-9.92,-6.49
Madhya Pradesh,VIDISHA,Ganjbasoda( D),2024-12,97,-8.400618556701032,-11.49,-7.29
Madhya Pradesh,VIDISHA,Ganjbasoda( D),2025-01,116,-8.918620689655173,-12.19,-7.92
Madhya Pradesh,VIDISHA,Ganjbasoda( D),2025-02,87,-9.896896551724138,-12.2,-8.68
Madhya Pradesh,VIDISHA,Ganjbasoda( D),2025-03,120,-11.085916666666666,-14.42,-9.65
Madhya Pradesh,VIDISHA,Ganjbasoda( D),2025-04,81,-12.535679012345678,-16.31,-10.93
Madhya Pradesh,VIDISHA,Ganjbasoda( D),2025-05,88,-13.508068181818182,-18.52,-12.01
Madhya Pradesh,VIDISHA,Ganjbasoda( D),2025-06,97,-13.49082474226804,-18.29,-11.32
Madhya Pradesh,VIDISHA,Ganjbasoda( D),2025-07,98,-8.10438775510204,-13.44,-3.42
Madhya Pradesh,VIDISHA,Ganjbasoda( D),2025-08,89,-3.001797752808989,-5.42,5.63
Madhya Pradesh,VIDISHA,Ganjbasoda( D),2025-09,81,14.785555555555558,-2.55,19.88
Madhya Pradesh,VIDISHA,Ganjbasoda( D),2025-10,102,18.205196078431374,5.13,19.88
Madhya Pradesh,VIDISHA,Ganjbasoda( D),2025-11,53,15.388301886792453,7.47,19.78
Madhya Pradesh,VIDISHA,Ganjbasoda( D),2025-12,89,17.320786516853932,10.69,19.82
